customerid,subscription_start_date,subscription_type,renewal_date,plan_type,contract_type,cancellation_date,cancellation_reason,monthly_charges,cltv,churn_score,churn_flag,customer_name,country,state,gender,dob,complaint_date,escalations,csat_score,complaint_count
0002-ORFBO,2021-03-15,Refferal,2025-03-15,Standard,Annual,,,13.99,627.0,12,0,keshav,India,Maharashtra,Male,1982-04-12,,,,
0003-MKNFE,2020-08-01,Paid,2024-08-01,Premium,Annual,2024-09-10,Switched to competitor,12.99,1150.0,91,1,raghav,India,Karnataka,Male,1995-11-23,2024-08-28,N,60.0,2.0
0004-TLHLJ,2022-11-20,Organic,2025-11-20,Basic,Monthly,,,6.99,210.0,34,0,lalita,India,Delhi,Female,1978-02-15,,,,
0011-IGKFF,2019-05-10,Paid,2025-05-10,Premium,Annual,,,22.99,1725.0,8,0,mohan,India,Nagaland,Male,2001-08-30,,,,
0013-EXCHZ,2023-01-05,Refferal,2024-01-05,Standard,Monthly,2024-02-28,Too expensive,13.99,195.0,88,1,mira,India,Delhi,Female,1990-05-05,2024-01-20,Y,20.0,1.0
0013-MHZWF,2022-06-18,Paid,2025-06-18,Standard,Annual,,,17.99,720.0,22,0,durga,India,Delhi,Female,1988-12-10,2025-03-18,N,90.0,1.0
0013-SMEOE,2021-09-30,Refferal,2024-09-30,Basic,Monthly,2024-11-15,Not enough content,8.99,230.0,79,1,mina,India,Meghalaya,Female,1976-09-21,2024-11-01,N,30.0,1.0
0014-BMAQU,2020-02-14,Organic,2025-02-14,Premium,Annual,,,22.99,1840.0,5,0,madan,India,Rajasthan,Male,1999-03-14,,,,
0015-UOCOJ,2023-07-22,Organic,2024-07-22,Standard,Monthly,,,13.99,240.0,34,0,maya,Nepal,Kathmandu,Female,1985-07-07,,,,
0016-QLJIS,2022-04-03,Organic,2025-04-03,Basic,Annual,,,6.99,335.0,41,0,arjun,Nepal,Kathmandu,Male,1993-10-29,,,,
0017-DINOC,2021-12-01,Organic,2025-12-01,Premium,Annual,,,22.99,1610.0,14,0,shiva,India,Maharashtra,Male,1997-01-22,,,,
0017-IUDMW,2023-03-17,Refferal,2024-03-17,Standard,Monthly,2024-05-01,Poor streaming quality,7.99,270.0,83,1,rangadevi,India,Karnataka,Female,1981-06-18,2024-04-10,Y,25.0,1.0
0018-NYROU,2020-10-09,Organic,2025-10-09,Standard,Annual,,,13.99,980.0,19,0,chitra,India,Telangana,Female,2004-12-01,,,,
0019-EFAEP,2022-08-25,Refferal,2024-08-25,Basic,Monthly,2024-10-31,Switched to competitor,12.99,160.0,76,1,raju,India,Meghalaya,Female,1992-04-25,2024-09-27,Y,30.0,1.0
0019-GFNTW,2019-11-11,Paid,2025-11-11,Premium,Annual,,,92.99,2185.0,3,0,Madhav,India,Uttar Pradesh,Male,1979-11-11,,,,
0020-INWCK,2023-05-06,Organic,2025-05-06,Standard,Monthly,,,13.99,640.0,58,0,parvati,India,Delhi,Female,1986-02-28,,,,
0020-JDNXP,2022-01-19,Organic,2024-01-19,Premium,Annual,,,20.99,550.0,62,0,rikim,India,Meghalaya,Female,1994-08-19,,,,
0021-IKXGC,2021-07-07,Paid,2025-07-07,Standard,Annual,,,13.99,840.0,27,0,vishakha,India,Rajasthan,Female,2000-09-02,,,,
0022-TCJCI,2023-09-14,Refferal,2024-09-14,Basic,Monthly,2024-09-14,Forgot to cancel trial,16.99,42.0,99,1,raghvendra,India,Telangana,Male,1983-12-30,2024-09-14,N,90.0,2.0
0023-HGHWL,2020-06-23,Organic,2025-06-23,Premium,Annual,,,22.99,1955.0,7,0,rishabh,India,Uttar Pradesh,Male,1991-05-14,,,,
0023-UYUPN,2022-12-31,Paid,2025-12-31,Standard,Monthly,,,13.99,790.0,47,0,sudevi,India,Maharashtra,Female,1977-10-06,,,,
9764-FJZIA,2021-08-25,Paid,2022-08-25,Basic,Monthly,,,6.99,363.48,25,0,Aditya,India,Kerala,Male,1994-06-30,,,,
2881-OKLJZ,2024-03-21,Referral,2025-03-21,Premium,Annual,,,22.99,482.79,95,0,Neha,India,Tamil Nadu,Female,1974-03-12,,,,
6973-CQDAZ,2022-01-21,Referral,2023-01-21,Premium,Annual,2022-12-28,Forgot to cancel trial,22.99,252.89,73,1,Rohan,India,Madhya Pradesh,Female,1984-09-24,,,,
9199-YJZVT,2019-07-18,Paid,2020-07-18,Basic,Monthly,,,6.99,545.22,10,0,Karan,India,Haryana,Female,1997-02-02,,,,
8625-YLEWG,2023-04-18,Paid,2024-04-18,Premium,Monthly,2024-12-20,Switched to competitor,23.99,479.8,72,1,Nikhil,India,Maharashtra,Male,1979-03-17,,,,
5265-ZXDJB,2019-10-23,Organic,2020-10-23,Premium,Monthly,2020-02-02,Switched to competitor,22.99,68.97,81,1,Ishaan,India,Haryana,Female,1960-09-09,2019-12-09,N,90.0,1.0
2468-OOAXW,2019-02-12,Referral,2020-02-12,Basic,Annual,2020-02-02,Switched to competitor,6.99,76.89,89,1,Karan,India,Tamil Nadu,Female,1998-11-21,2019-07-19,N,70.0,1.0
6834-YDDRL,2019-04-08,Paid,2020-04-08,Basic,Monthly,,,8.99,728.19,8,0,Rahul,India,Karnataka,Female,1998-09-05,,,,
0826-QGDNO,2024-02-22,Organic,2025-02-22,Standard,Monthly,,,14.99,329.78,19,0,Mohan,India,Maharashtra,Male,1986-05-06,,,,
3032-BBJUW,2022-02-11,Referral,2023-02-11,Basic,Monthly,,,7.99,375.53,14,0,Aditi,India,Gujarat,Male,1997-04-04,,,,
8044-NROZF,2020-04-05,Paid,2021-04-05,Standard,Monthly,,,13.99,965.31,58,0,Tanvi,India,Kerala,Male,1990-02-08,2024-08-04,N,100.0,1.0
7330-LMUKP,2024-11-13,Referral,2025-11-13,Basic,Annual,2027-01-14,Poor streaming quality,6.99,181.74,77,1,Mohan,India,West Bengal,Female,1961-08-21,2026-11-29,N,90.0,2.0
7705-SDTHQ,2021-05-13,Paid,2022-05-13,Basic,Annual,2023-01-02,Not enough content,6.99,132.81,55,1,Meera,India,West Bengal,Male,1967-08-30,,,,
9200-RAEDX,2020-06-03,Paid,2021-06-03,Basic,Annual,,,6.99,468.33,12,0,Nikhil,India,Tamil Nadu,Male,1996-03-02,,,,
0369-FZPZP,2022-07-02,Organic,2023-07-02,Premium,Annual,,,24.99,1049.58,2,0,Sakshi,India,Maharashtra,Female,2002-08-27,2024-08-15,N,100.0,1.0
7767-GOYMV,2024-07-07,Organic,2025-07-07,Standard,Annual,,,13.99,251.82,17,0,Rahul,India,Bihar,Male,1985-08-24,,,,
9877-GVDYS,2020-12-22,Referral,2021-12-22,Standard,Annual,2023-02-25,Poor streaming quality,13.99,363.74,75,1,Aarav,India,Punjab,Male,1961-06-01,,,,
6240-UJAXH,2019-12-18,Referral,2020-12-18,Basic,Annual,,,6.99,510.27,42,0,Ananya,India,Delhi,Female,1973-09-01,,,,
0044-URCTK,2022-05-21,Referral,2023-05-21,Standard,Monthly,2023-07-24,Too expensive,15.99,223.86,65,1,Rohan,India,Madhya Pradesh,Male,1986-12-16,,,,
2032-JLSUI,2019-01-18,Organic,2020-01-18,Standard,Annual,2019-05-07,Poor streaming quality,13.99,41.97,90,1,Mohan,India,Kerala,Female,1974-11-18,,,,
5914-IKAYS,2022-04-14,Organic,2023-04-14,Basic,Monthly,2023-04-12,Switched to competitor,8.99,107.88,87,1,Tanvi,India,Telangana,Female,1970-07-23,2023-03-22,N,70.0,1.0
4194-VATRN,2023-07-08,Referral,2024-07-08,Premium,Annual,,,22.99,689.7,73,0,Aarav,India,Madhya Pradesh,Male,1977-03-01,2025-12-10,Y,10.0,1.0
0944-UYLZT,2023-05-26,Paid,2024-05-26,Standard,Annual,,,15.99,495.69,27,0,Shreya,India,Tamil Nadu,Female,1980-07-30,,,,
7377-IKMYQ,2021-12-03,Referral,2022-12-03,Premium,Annual,2023-11-12,Too expensive,24.99,574.77,82,1,Arjun,India,Rajasthan,Male,1962-10-03,2021-12-09,Y,40.0,1.0
3658-TVDAM,2019-10-21,Organic,2020-10-21,Premium,Annual,,,22.99,1724.25,15,0,Arjun,India,Uttar Pradesh,Male,1965-10-22,,,,
1157-OBSNE,2021-11-14,Referral,2022-11-14,Standard,Monthly,,,14.99,749.5,36,0,Neha,India,Kerala,Male,1991-11-27,2025-03-19,N,80.0,1.0
3034-KLYTZ,2023-02-28,Referral,2024-02-28,Standard,Monthly,,,15.99,543.66,40,0,Rohan,India,Uttar Pradesh,Female,1964-02-18,,,,
8365-VGPCN,2024-08-07,Referral,2025-08-07,Standard,Annual,,,13.99,237.83,80,0,Aditya,India,Gujarat,Male,1977-05-06,2024-11-28,N,90.0,1.0
8559-PSPVN,2021-08-13,Paid,2022-08-13,Standard,Annual,,,14.99,794.47,17,0,Arjun,India,Telangana,Female,1979-04-04,,,,
6840-HBNNA,2024-04-10,Paid,2025-04-10,Premium,Annual,,,23.99,503.79,37,0,Pooja,India,Haryana,Female,1984-05-24,,,,
5584-ZXWHX,2020-01-08,Organic,2021-01-08,Premium,Annual,2021-02-04,Not enough content,22.99,298.87,78,1,Neha,India,Tamil Nadu,Male,1985-01-06,2020-02-17,N,60.0,1.0
2069-MZXVU,2019-01-24,Referral,2020-01-24,Premium,Annual,,,24.99,2099.16,54,0,Aarav,India,Telangana,Male,2000-04-17,,,,
9075-BDDBV,2022-11-06,Referral,2023-11-06,Premium,Annual,2023-07-16,Switched to competitor,22.99,183.92,84,1,Aditi,India,Tamil Nadu,Female,2002-05-04,2023-05-15,N,60.0,1.0
5899-MQJAT,2022-10-04,Referral,2023-10-04,Basic,Monthly,,,7.99,311.61,45,0,Priya,India,Maharashtra,Female,1964-01-10,,,,
1198-VGWQP,2022-08-13,Paid,2023-08-13,Premium,Annual,,,22.99,942.59,38,0,Riya,India,Madhya Pradesh,Female,1970-10-15,,,,
3384-MELLR,2022-06-28,Paid,2023-06-28,Basic,Annual,2024-02-23,Too expensive,6.99,139.8,68,1,Diya,India,Kerala,Female,1991-08-19,2023-01-03,N,80.0,2.0
8294-TILDY,2022-10-09,Referral,2023-10-09,Standard,Monthly,,,13.99,545.61,24,0,Mohan,India,Delhi,Female,1993-10-14,,,,
3294-YGKGW,2023-12-14,Organic,2024-12-14,Premium,Annual,,,22.99,551.76,83,0,Priya,India,Kerala,Female,1966-06-17,2024-06-30,Y,50.0,1.0
7045-QALVM,2023-08-02,Referral,2024-08-02,Standard,Annual,,,13.99,405.71,9,0,Aditya,India,Kerala,Female,1969-08-05,,,,
1897-YSOKK,2021-07-07,Paid,2022-07-07,Premium,Monthly,,,22.99,1241.46,5,0,Pooja,India,Telangana,Female,1987-10-04,,,,
9646-NVVDS,2021-02-21,Paid,2022-02-21,Basic,Monthly,,,7.99,471.41,35,0,Diya,India,Bihar,Male,1984-06-12,,,,
9074-FVMGP,2020-03-12,Referral,2021-03-12,Premium,Annual,,,23.99,1679.3,5,0,Vishal,India,Delhi,Female,2001-11-28,,,,
1414-ODKTL,2022-07-25,Paid,2023-07-25,Basic,Monthly,,,6.99,286.59,42,0,Meera,India,Karnataka,Male,2002-09-04,,,,
8755-YKHUK,2021-10-01,Referral,2022-10-01,Basic,Annual,,,6.99,356.49,30,0,Sakshi,India,Tamil Nadu,Male,1962-04-26,,,,
1915-NTFYU,2022-11-18,Referral,2023-11-18,Standard,Monthly,2023-07-03,Too expensive,13.99,97.93,59,1,Arjun,India,Tamil Nadu,Female,1970-01-20,,,,
4547-DZIWI,2020-07-25,Referral,2021-07-25,Premium,Monthly,,,22.99,1517.34,75,0,Pooja,India,Madhya Pradesh,Male,1971-07-08,,,,
3129-DEJNH,2021-05-06,Organic,2022-05-06,Premium,Annual,,,22.99,1287.44,15,0,Varun,India,Maharashtra,Female,1971-09-07,,,,
3724-VXBYF,2019-04-21,Organic,2020-04-21,Standard,Monthly,,,13.99,1133.19,25,0,Nikhil,India,Telangana,Male,1976-12-22,,,,
5241-MEZIB,2024-06-18,Referral,2025-06-18,Premium,Annual,2026-01-27,Forgot to cancel trial,24.99,474.81,59,1,Aarav,India,Punjab,Male,1960-12-12,,,,
4803-BWPWH,2019-11-14,Organic,2020-11-14,Premium,Monthly,2021-05-08,Forgot to cancel trial,24.99,449.82,41,1,Aditi,India,Karnataka,Male,1988-05-10,,,,
1178-KDJVM,2021-01-01,Organic,2022-01-01,Premium,Annual,,,23.99,1439.4,7,0,Sakshi,India,Kerala,Female,2000-06-16,,,,
3420-WANWU,2023-11-25,Paid,2024-11-25,Premium,Annual,,,23.99,599.75,36,0,Ishaan,India,Gujarat,Male,1993-09-30,,,,
0376-WULZM,2020-11-01,Organic,2021-11-01,Premium,Monthly,,,22.99,1425.38,67,0,Sakshi,India,Uttar Pradesh,Female,2000-12-29,2023-07-31,N,70.0,2.0
2062-CJAON,2022-10-05,Paid,2023-10-05,Premium,Monthly,,,22.99,896.61,67,0,Shreya,India,Bihar,Female,2002-11-04,2024-04-23,Y,40.0,1.0
4089-WOHNZ,2024-04-02,Referral,2025-04-02,Standard,Monthly,,,13.99,293.79,9,0,Tanvi,India,Madhya Pradesh,Male,1970-12-10,,,,
2570-PQAMI,2024-12-14,Organic,2025-12-14,Premium,Annual,,,24.99,299.88,10,0,Aditya,India,Uttar Pradesh,Male,2002-12-08,,,,
5570-PSAOD,2023-10-23,Organic,2024-10-23,Premium,Monthly,,,22.99,597.74,61,0,Shreya,India,Telangana,Female,1993-10-14,2025-11-14,N,70.0,1.0
0490-QTRKE,2019-06-19,Organic,2020-06-19,Standard,Annual,,,13.99,1105.21,36,0,Pooja,India,Karnataka,Female,1971-04-01,,,,
8704-LFEBY,2022-04-28,Referral,2023-04-28,Standard,Annual,,,14.99,659.56,45,0,Priya,India,Bihar,Male,1966-05-27,,,,
2374-RFLUK,2023-10-22,Organic,2024-10-22,Standard,Monthly,,,13.99,363.74,99,0,Meera,India,Odisha,Female,1978-02-07,2025-12-17,Y,30.0,3.0
1410-ZURMA,2022-11-12,Paid,2023-11-12,Standard,Monthly,,,15.99,607.62,59,0,Aditi,India,West Bengal,Female,1986-01-18,2025-10-22,N,90.0,1.0
3558-RPQVV,2024-09-12,Organic,2025-09-12,Premium,Monthly,,,24.99,374.85,15,0,Aarav,India,Odisha,Female,1976-04-23,,,,
6896-MQKWR,2019-05-06,Paid,2020-05-06,Premium,Monthly,2019-09-16,Too expensive,22.99,91.96,77,1,Priya,India,West Bengal,Female,1980-02-18,,,,
0608-MYPBM,2022-11-26,Paid,2023-11-26,Standard,Monthly,,,14.99,554.63,51,0,Aditi,India,Uttar Pradesh,Male,1987-04-14,,,,
6336-DAREK,2023-07-12,Referral,2024-07-12,Basic,Annual,,,6.99,209.7,9,0,Aditi,India,Madhya Pradesh,Male,2002-12-28,,,,
4331-VPLOI,2024-08-21,Paid,2025-08-21,Standard,Monthly,2024-12-06,Not enough content,13.99,41.97,84,1,Nikhil,India,Karnataka,Male,1999-08-13,,,,
4086-TSUBV,2023-10-28,Paid,2024-10-28,Standard,Annual,2024-08-12,Too expensive,15.99,143.91,52,1,Diya,India,Rajasthan,Female,1967-06-14,2024-01-15,Y,10.0,1.0
8403-LRNGF,2022-01-17,Paid,2023-01-17,Premium,Monthly,,,22.99,1103.52,23,0,Pooja,India,Rajasthan,Female,1972-09-03,,,,
5601-DRTZN,2019-01-23,Organic,2020-01-23,Basic,Annual,2021-03-31,Not enough content,6.99,181.74,20,1,Diya,India,Bihar,Male,1962-06-21,,,,
1063-YWYKX,2021-10-08,Paid,2022-10-08,Premium,Monthly,,,22.99,1172.49,62,0,Kavya,India,Gujarat,Male,1981-10-22,,,,
0575-QTNJM,2024-11-13,Referral,2025-11-13,Premium,Annual,,,22.99,298.87,59,0,Varun,India,Kerala,Male,1973-04-27,,,,
2619-VUXYZ,2024-01-02,Organic,2025-01-02,Basic,Monthly,,,8.99,215.76,3,0,Nikhil,India,West Bengal,Female,1981-08-09,,,,
7008-NHCXS,2024-08-15,Organic,2025-08-15,Premium,Monthly,,,22.99,367.84,72,0,Priya,India,Telangana,Female,1964-01-11,,,,
5398-LMYDX,2023-01-19,Paid,2024-01-19,Premium,Annual,2024-08-01,Poor streaming quality,24.99,449.82,77,1,Riya,India,Karnataka,Female,1962-04-01,2024-03-15,N,70.0,1.0
5783-TYUSF,2019-05-04,Organic,2020-05-04,Basic,Monthly,2021-07-27,Not enough content,6.99,188.73,76,1,Rohan,India,Tamil Nadu,Male,1976-06-06,,,,
4316-MXQJM,2019-10-26,Organic,2020-10-26,Standard,Annual,,,13.99,1049.25,12,0,Ishaan,India,Bihar,Female,1983-03-06,2024-10-18,N,80.0,1.0
1086-AZOCR,2023-08-06,Paid,2024-08-06,Premium,Monthly,2024-02-02,Too expensive,22.99,137.94,74,1,Sakshi,India,Karnataka,Female,1976-04-08,,,,
6386-BAUOD,2020-02-17,Paid,2021-02-17,Basic,Annual,2021-11-11,Too expensive,6.99,146.79,76,1,Vishal,India,Rajasthan,Female,2002-01-18,2021-05-28,N,60.0,2.0
3678-TICGB,2021-02-18,Organic,2022-02-18,Standard,Annual,2021-11-16,Forgot to cancel trial,14.99,134.91,65,1,Priya,India,Telangana,Female,2005-05-27,2021-04-24,N,100.0,1.0
1480-RXFTN,2021-09-10,Organic,2022-09-10,Premium,Monthly,2021-11-19,Switched to competitor,22.99,45.98,84,1,Rahul,India,Delhi,Female,1964-02-25,2021-10-12,N,100.0,1.0
6817-GTTVY,2021-01-15,Paid,2022-01-15,Basic,Annual,,,7.99,479.4,84,0,Sneha,India,Kerala,Male,1962-04-30,2021-08-10,Y,30.0,1.0
6631-AOQON,2020-09-01,Organic,2021-09-01,Premium,Annual,2021-04-19,Not enough content,24.99,174.93,98,1,Rohan,India,Tamil Nadu,Male,1995-10-21,,,,
5971-ZYSJC,2019-06-03,Referral,2020-06-03,Basic,Monthly,,,7.99,639.2,7,0,Diya,India,Uttar Pradesh,Male,2002-12-30,2020-03-05,N,90.0,1.0
0987-PYHVW,2024-12-02,Paid,2025-12-02,Premium,Annual,,,22.99,298.87,61,0,Riya,India,Telangana,Male,1966-10-16,2025-11-27,N,90.0,1.0
6620-GKNKM,2023-06-03,Paid,2024-06-03,Premium,Annual,,,24.99,774.69,8,0,Mohan,India,Uttar Pradesh,Female,2005-10-06,,,,
4074-MNMSD,2024-01-20,Referral,2025-01-20,Standard,Annual,,,15.99,367.77,37,0,Priya,India,Gujarat,Male,1983-07-26,,,,
3088-WULQB,2024-05-15,Organic,2025-05-15,Basic,Monthly,,,6.99,132.81,83,0,Nikhil,India,West Bengal,Male,1982-08-31,2025-10-11,Y,50.0,1.0
0802-RDJUQ,2021-12-24,Organic,2022-12-24,Standard,Annual,2023-08-05,Not enough content,13.99,265.81,60,1,Riya,India,Punjab,Male,2003-11-28,2022-10-02,N,70.0,1.0
5538-SSYMM,2021-11-06,Referral,2022-11-06,Basic,Annual,2022-06-22,Poor streaming quality,8.99,62.93,94,1,Karan,India,Karnataka,Female,1984-01-05,,,,
1409-DUENL,2022-11-20,Paid,2023-11-20,Standard,Monthly,,,14.99,554.63,46,0,Aditya,India,Tamil Nadu,Male,1970-08-28,,,,
1234-FNPOE,2022-09-22,Referral,2023-09-22,Basic,Annual,,,6.99,272.61,28,0,Neha,India,Bihar,Female,1961-04-17,,,,
4799-VBXNO,2022-07-05,Organic,2023-07-05,Premium,Monthly,,,24.99,1049.58,58,0,Priya,India,Bihar,Female,1970-05-02,,,,
1564-RQGAZ,2021-01-22,Paid,2022-01-22,Basic,Annual,,,6.99,419.4,17,0,Sneha,India,Tamil Nadu,Female,1975-11-02,,,,
5300-ZHXIB,2020-11-12,Paid,2021-11-12,Standard,Monthly,2022-12-19,Poor streaming quality,14.99,374.75,93,1,Sneha,India,Haryana,Female,1999-02-25,,,,
8321-DFLAJ,2021-08-04,Referral,2022-08-04,Premium,Monthly,,,22.99,1218.47,32,0,Akash,India,Haryana,Female,1975-01-13,2023-01-22,N,70.0,1.0
4550-EADCL,2019-12-19,Organic,2020-12-19,Basic,Annual,2020-12-07,Poor streaming quality,6.99,76.89,75,1,Sneha,India,Tamil Nadu,Male,1980-02-08,2020-06-02,N,80.0,1.0
9394-LMWUI,2022-06-05,Paid,2023-06-05,Standard,Monthly,,,13.99,601.57,71,0,Sakshi,India,Kerala,Male,1984-03-17,,,,
0745-JXWBL,2020-12-20,Paid,2021-12-20,Standard,Monthly,2022-04-26,Forgot to cancel trial,13.99,223.84,74,1,Rahul,India,Odisha,Male,1964-09-23,,,,
0784-RWPPL,2019-09-28,Referral,2020-09-28,Standard,Annual,,,13.99,1063.24,62,0,Riya,India,Haryana,Male,2004-02-08,2025-04-03,N,100.0,1.0
1614-MFVZC,2022-11-10,Referral,2023-11-10,Basic,Annual,,,7.99,303.62,38,0,Vishal,India,Rajasthan,Male,1994-11-02,,,,
7512-AVSUH,2022-07-03,Paid,2023-07-03,Premium,Monthly,,,22.99,965.58,71,0,Pooja,India,Bihar,Male,1983-05-19,,,,
7549-UFNOT,2021-04-21,Organic,2022-04-21,Premium,Monthly,,,22.99,1310.43,7,0,Diya,India,Kerala,Male,1988-05-21,,,,
9383-BETHB,2019-05-27,Paid,2020-05-27,Standard,Monthly,,,14.99,1199.2,4,0,Kavya,India,Telangana,Female,1972-10-03,,,,
7180-VYLBZ,2020-02-25,Paid,2021-02-25,Premium,Annual,,,22.99,1632.29,79,0,Neha,India,Odisha,Female,1986-08-19,2025-05-23,Y,50.0,2.0
9748-TVIYV,2023-09-01,Referral,2024-09-01,Standard,Annual,,,14.99,419.72,30,0,Ishaan,India,Telangana,Female,1989-09-01,,,,
7753-PCAIV,2022-03-22,Referral,2023-03-22,Premium,Annual,,,24.99,1149.54,24,0,Ishaan,India,West Bengal,Female,1960-06-20,,,,
2897-NKSNR,2022-11-01,Referral,2023-11-01,Standard,Monthly,2024-12-30,Switched to competitor,13.99,363.74,92,1,Nikhil,India,Kerala,Male,1991-08-01,,,,
2357-UPDIK,2023-01-08,Organic,2024-01-08,Standard,Monthly,2024-01-29,Forgot to cancel trial,15.99,191.88,92,1,Sakshi,India,Madhya Pradesh,Female,1967-02-09,2023-04-27,Y,10.0,1.0
0074-XXRUN,2019-07-20,Organic,2020-07-20,Standard,Annual,,,13.99,1091.22,9,0,Ananya,India,Rajasthan,Female,1975-12-02,,,,
3851-KXTKM,2023-12-19,Paid,2024-12-19,Premium,Annual,2025-11-28,Poor streaming quality,23.99,551.77,79,1,Diya,India,Punjab,Male,2001-01-23,,,,
0320-YFRDZ,2024-01-07,Referral,2025-01-07,Basic,Monthly,,,8.99,215.76,26,0,Aditi,India,Telangana,Female,1983-01-17,,,,
5097-QBSAZ,2019-06-05,Organic,2020-06-05,Basic,Monthly,,,7.99,639.2,13,0,Mohan,India,Karnataka,Male,1961-08-27,,,,
7170-QVKVQ,2024-10-19,Referral,2025-10-19,Standard,Monthly,,,13.99,195.86,3,0,Shreya,India,Bihar,Male,1995-10-16,,,,
1776-PHEDS,2020-12-17,Referral,2021-12-17,Premium,Annual,,,24.99,1524.39,71,0,Akash,India,Madhya Pradesh,Male,1966-10-12,2024-11-04,Y,20.0,1.0
5638-FDFTA,2023-10-07,Referral,2024-10-07,Standard,Monthly,,,14.99,404.73,65,0,Meera,India,Maharashtra,Male,1968-08-07,,,,
8905-LEFPT,2023-07-20,Referral,2024-07-20,Standard,Monthly,,,14.99,434.71,75,0,Nikhil,India,West Bengal,Female,1998-09-21,,,,
8883-XPTXQ,2020-09-04,Referral,2021-09-04,Basic,Monthly,2021-02-10,Not enough content,7.99,39.95,88,1,Meera,India,Uttar Pradesh,Male,1965-07-18,,,,
3959-CFDUC,2023-03-26,Referral,2024-03-26,Premium,Annual,,,24.99,824.67,84,0,Nikhil,India,Kerala,Female,2002-08-04,2024-01-18,Y,20.0,1.0
3192-CPLPN,2023-03-25,Paid,2024-03-25,Premium,Annual,,,24.99,824.67,24,0,Meera,India,Gujarat,Male,1961-05-16,2024-12-01,N,100.0,1.0
8409-IRUKN,2019-12-15,Organic,2020-12-15,Premium,Annual,2021-07-06,Poor streaming quality,22.99,413.82,23,1,Priya,India,West Bengal,Male,1988-10-08,,,,
9666-PPZMJ,2020-01-12,Referral,2021-01-12,Standard,Annual,,,13.99,1007.28,53,0,Mohan,India,Odisha,Female,1965-09-11,,,,
8106-PPIKO,2023-04-02,Organic,2024-04-02,Standard,Annual,,,13.99,461.67,19,0,Priya,India,Delhi,Male,1963-12-22,,,,
0161-ZFHFP,2022-09-27,Paid,2023-09-27,Premium,Monthly,2024-08-14,Poor streaming quality,22.99,505.78,67,1,Arjun,India,Maharashtra,Male,1967-09-21,2022-10-11,N,60.0,1.0
0864-ONOAT,2024-01-02,Paid,2025-01-02,Standard,Monthly,,,13.99,335.76,68,0,Rahul,India,Odisha,Female,1987-11-10,,,,
3544-WHHHS,2022-01-11,Organic,2023-01-11,Premium,Annual,,,22.99,1103.52,15,0,Sakshi,India,Odisha,Male,1963-09-04,,,,
6187-BLQVT,2020-03-02,Paid,2021-03-02,Basic,Monthly,,,7.99,567.29,8,0,Ishaan,India,Karnataka,Male,1997-02-28,,,,
0089-LYOFF,2022-09-06,Referral,2023-09-06,Premium,Annual,,,22.99,919.6,49,0,Aditya,India,Tamil Nadu,Male,2003-04-11,,,,
4584-XYUYK,2024-05-01,Paid,2025-05-01,Basic,Annual,,,6.99,139.8,67,0,Vishal,India,Delhi,Female,1987-12-25,2024-05-07,N,70.0,1.0
7373-WHGZG,2022-10-08,Organic,2023-10-08,Basic,Monthly,,,6.99,272.61,58,0,Pooja,India,Tamil Nadu,Female,1973-04-28,,,,
3926-EFBLX,2024-07-11,Organic,2025-07-11,Premium,Monthly,,,23.99,407.83,2,0,Diya,India,Delhi,Male,1973-03-23,2024-12-22,N,90.0,1.0
0800-GJEIX,2022-01-22,Referral,2023-01-22,Premium,Monthly,,,22.99,1080.53,22,0,Rahul,India,Kerala,Male,1971-07-21,2025-06-17,N,100.0,2.0
1166-EWVKD,2019-06-23,Paid,2020-06-23,Basic,Annual,,,8.99,710.21,4,0,Shreya,India,Delhi,Female,1970-10-10,,,,
9574-HKXIB,2023-05-09,Referral,2024-05-09,Basic,Monthly,,,6.99,223.68,14,0,Mohan,India,Gujarat,Male,1986-11-07,,,,
8563-IPLNW,2023-06-12,Referral,2024-06-12,Standard,Annual,,,13.99,433.69,48,0,Neha,India,Uttar Pradesh,Male,1983-06-22,,,,
5595-AMBLK,2023-01-23,Organic,2024-01-23,Standard,Monthly,,,13.99,489.65,34,0,Shreya,India,Uttar Pradesh,Male,1976-07-05,,,,
5560-TTTGF,2021-08-05,Paid,2022-08-05,Standard,Annual,,,14.99,794.47,75,0,Ishaan,India,Punjab,Male,1989-06-26,2023-12-08,Y,10.0,2.0
9637-ZDGUX,2021-06-05,Paid,2022-06-05,Standard,Monthly,2023-08-20,Poor streaming quality,13.99,363.74,87,1,Varun,India,Delhi,Female,1961-05-06,2021-09-26,Y,60.0,1.0
4262-GSEFL,2024-03-15,Paid,2025-03-15,Standard,Monthly,,,13.99,293.79,60,0,Aditi,India,Maharashtra,Female,1984-09-12,,,,
5437-DSEND,2021-10-13,Paid,2022-10-13,Basic,Monthly,,,7.99,407.49,20,0,Mohan,India,Maharashtra,Male,1973-10-03,,,,
8675-FZDFI,2021-10-05,Referral,2022-10-05,Standard,Annual,2023-07-11,Not enough content,14.99,314.79,91,1,Shreya,India,Haryana,Male,1994-01-15,2022-06-30,Y,40.0,1.0
1453-TZHYJ,2022-03-21,Paid,2023-03-21,Premium,Annual,,,23.99,1103.54,69,0,Mohan,India,Rajasthan,Female,1997-09-19,,,,
5869-NUFTI,2024-02-02,Referral,2025-02-02,Premium,Annual,,,22.99,528.77,89,0,Aarav,India,Delhi,Female,1968-07-17,,,,
5530-HYFJY,2023-09-02,Referral,2024-09-02,Standard,Annual,,,14.99,419.72,24,0,Shreya,India,Uttar Pradesh,Male,1972-06-04,,,,
9908-TMDWP,2023-03-19,Organic,2024-03-19,Basic,Monthly,,,8.99,296.67,91,0,Kavya,India,Delhi,Male,2003-02-24,2023-06-22,Y,50.0,1.0
1704-HXFUY,2020-11-16,Referral,2021-11-16,Premium,Annual,,,22.99,1425.38,3,0,Rahul,India,Tamil Nadu,Male,1966-07-09,,,,
9644-ZGSGR,2021-02-25,Referral,2022-02-25,Premium,Annual,,,22.99,1356.41,62,0,Rahul,India,Karnataka,Female,1982-03-23,2025-08-05,N,70.0,2.0
5766-SEKUM,2019-10-17,Organic,2020-10-17,Premium,Monthly,,,23.99,1799.25,30,0,Shreya,India,Rajasthan,Female,1979-06-04,,,,
1266-USOPS,2024-05-18,Organic,2025-05-18,Standard,Annual,,,15.99,303.81,31,0,Shreya,India,Kerala,Female,1998-11-19,,,,
0718-FQDNG,2022-08-04,Referral,2023-08-04,Premium,Annual,2024-11-17,Forgot to cancel trial,23.99,647.73,54,1,Varun,India,Haryana,Male,1983-12-06,,,,
1412-ZVKBZ,2022-01-08,Organic,2023-01-08,Standard,Annual,2022-02-25,Poor streaming quality,13.99,13.99,85,1,Arjun,India,Rajasthan,Female,1978-01-23,2022-01-25,N,100.0,1.0
9338-IREXQ,2024-06-26,Organic,2025-06-26,Standard,Annual,,,14.99,269.82,88,0,Sakshi,India,Rajasthan,Female,1979-07-10,2024-06-30,Y,50.0,1.0
6311-FOIAY,2020-04-03,Organic,2021-04-03,Standard,Annual,,,13.99,965.31,66,0,Karan,India,Bihar,Female,1980-04-15,,,,
6192-DKFII,2022-09-08,Referral,2023-09-08,Premium,Monthly,2023-01-16,Not enough content,22.99,91.96,76,1,Sakshi,India,Gujarat,Male,1975-12-11,,,,
2411-IGSAR,2021-07-15,Paid,2022-07-15,Standard,Monthly,2022-04-10,Not enough content,15.99,127.92,20,1,Rohan,India,West Bengal,Female,1995-02-10,,,,
9460-IKSND,2021-05-25,Organic,2022-05-25,Premium,Annual,,,22.99,1287.44,14,0,Rahul,India,Haryana,Male,1995-11-17,,,,
4664-ULRAE,2020-10-03,Paid,2021-10-03,Premium,Annual,,,23.99,1511.37,14,0,Priya,India,Madhya Pradesh,Female,1997-10-26,,,,
5560-QLDIU,2020-05-28,Organic,2021-05-28,Premium,Monthly,,,22.99,1563.32,64,0,Aditi,India,Odisha,Male,1961-03-06,,,,
6922-WQNXP,2021-07-27,Paid,2022-07-27,Premium,Annual,2022-01-13,Forgot to cancel trial,22.99,114.95,94,1,Shreya,India,Tamil Nadu,Female,1963-11-12,2021-08-10,Y,50.0,2.0
1776-PMQKR,2024-05-12,Referral,2025-05-12,Basic,Annual,,,6.99,132.81,21,0,Sakshi,India,Tamil Nadu,Female,1972-08-07,,,,
3302-SDDTP,2023-11-07,Referral,2024-11-07,Standard,Monthly,,,14.99,389.74,53,0,Priya,India,Maharashtra,Male,1967-03-04,,,,
3860-CBMYM,2023-11-07,Paid,2024-11-07,Premium,Monthly,,,22.99,597.74,35,0,Mohan,India,Karnataka,Female,1974-07-08,,,,
6762-VJMMY,2021-02-20,Organic,2022-02-20,Premium,Annual,,,22.99,1356.41,5,0,Priya,India,Rajasthan,Female,1998-08-24,,,,
7760-JUDNZ,2020-09-13,Referral,2021-09-13,Standard,Annual,2022-05-30,Forgot to cancel trial,15.99,319.8,57,1,Ananya,India,Karnataka,Male,1962-04-10,,,,
4113-LEYYF,2024-01-06,Referral,2025-01-06,Standard,Monthly,,,14.99,359.76,22,0,Shreya,India,Telangana,Male,1976-01-05,,,,
5528-YGELV,2020-05-13,Organic,2021-05-13,Premium,Monthly,,,22.99,1563.32,67,0,Aditi,India,Haryana,Female,2005-08-22,2021-09-13,Y,30.0,1.0
8622-FOCLP,2020-06-14,Referral,2021-06-14,Basic,Monthly,2022-10-02,Not enough content,7.99,223.72,99,1,Riya,India,Gujarat,Male,1983-04-22,,,,
3961-OWFAP,2019-04-27,Referral,2020-04-27,Premium,Annual,,,22.99,1862.19,15,0,Vishal,India,Uttar Pradesh,Female,2004-06-22,,,,
5245-NASUM,2021-03-23,Organic,2022-03-23,Standard,Annual,,,15.99,927.42,83,0,Pooja,India,Delhi,Female,1966-01-29,2021-08-17,Y,10.0,1.0
9378-ANNXB,2023-03-11,Paid,2024-03-11,Premium,Annual,,,22.99,781.66,91,0,Aditi,India,Bihar,Male,1998-04-11,,,,
0292-MGIYW,2021-04-04,Organic,2022-04-04,Standard,Annual,2022-12-31,Forgot to cancel trial,14.99,314.79,85,1,Rohan,India,West Bengal,Female,1966-10-22,2022-04-14,Y,50.0,2.0
1425-QQVTY,2024-12-02,Referral,2025-12-02,Standard,Monthly,2026-11-01,Switched to competitor,13.99,321.77,80,1,Diya,India,Uttar Pradesh,Female,2005-02-20,,,,
7460-MOBPJ,2023-03-02,Paid,2024-03-02,Standard,Monthly,,,14.99,509.66,14,0,Varun,India,Haryana,Female,2003-11-10,,,,
7397-XGNTP,2022-02-02,Paid,2023-02-02,Premium,Monthly,2022-08-22,Not enough content,22.99,137.94,96,1,Vishal,India,Tamil Nadu,Male,1966-11-17,,,,
4271-TLCNN,2019-12-07,Paid,2020-12-07,Premium,Annual,,,22.99,1678.27,46,0,Ananya,India,Maharashtra,Male,2000-09-29,,,,
5730-GOCWK,2022-05-18,Organic,2023-05-18,Basic,Annual,2023-02-24,Too expensive,7.99,71.91,86,1,Ananya,India,Bihar,Male,1983-04-18,,,,
2687-ETWWB,2019-07-11,Paid,2020-07-11,Premium,Annual,2020-06-11,Too expensive,22.99,252.89,83,1,Varun,India,Uttar Pradesh,Female,1990-08-02,2019-10-02,Y,50.0,1.0
7538-DMDAP,2022-03-06,Referral,2023-03-06,Premium,Monthly,2022-08-05,Forgot to cancel trial,23.99,119.95,9,1,Aarav,India,Kerala,Female,1990-07-08,,,,
2348-KYHOS,2024-07-17,Organic,2025-07-17,Standard,Monthly,2026-01-11,Poor streaming quality,14.99,269.82,61,1,Arjun,India,Uttar Pradesh,Male,1964-01-25,,,,
2948-SMGTJ,2019-01-12,Referral,2020-01-12,Premium,Monthly,,,22.99,1931.16,33,0,Arjun,India,Uttar Pradesh,Male,1969-10-26,,,,
8409-KUNLA,2019-07-18,Referral,2020-07-18,Standard,Annual,2020-08-25,Forgot to cancel trial,15.99,207.87,96,1,Sakshi,India,Karnataka,Male,1960-05-11,2019-07-26,N,90.0,1.0
7166-TQGYA,2022-06-22,Referral,2023-06-22,Basic,Annual,,,6.99,293.58,14,0,Sneha,India,Telangana,Male,1966-03-08,,,,
0674-JFAIV,2019-11-28,Paid,2020-11-28,Basic,Annual,2021-03-12,Switched to competitor,6.99,104.85,32,1,Kavya,India,Delhi,Male,1975-02-04,,,,
6199-VDDDW,2021-02-10,Organic,2022-02-10,Standard,Monthly,,,15.99,943.41,26,0,Vishal,India,Maharashtra,Female,1976-06-05,,,,
7247-JPAYP,2022-09-08,Referral,2023-09-08,Premium,Annual,2024-04-11,Poor streaming quality,23.99,455.81,66,1,Shreya,India,Karnataka,Female,1978-06-14,,,,
2429-YVEJL,2024-03-02,Organic,2025-03-02,Basic,Annual,2025-04-03,Forgot to cancel trial,8.99,116.87,2,1,Tanvi,India,Bihar,Male,1983-10-29,2025-01-10,N,100.0,1.0
9180-FBXDU,2020-11-07,Organic,2021-11-07,Premium,Monthly,,,22.99,1425.38,70,0,Meera,India,Odisha,Male,1982-03-02,,,,
1983-GGMYX,2023-07-27,Paid,2024-07-27,Premium,Annual,2024-03-12,Too expensive,22.99,160.93,61,1,Mohan,India,Bihar,Male,1999-05-17,,,,
9065-WHITD,2023-09-14,Organic,2024-09-14,Premium,Monthly,,,22.99,620.73,19,0,Vishal,India,Madhya Pradesh,Female,1977-10-11,2024-03-11,N,70.0,1.0
3533-QTHPX,2019-11-18,Referral,2020-11-18,Standard,Monthly,2020-07-25,Not enough content,13.99,111.92,37,1,Ananya,India,Delhi,Male,1969-05-08,,,,
7297-ZWRZI,2024-03-04,Referral,2025-03-04,Premium,Annual,,,22.99,505.78,61,0,Arjun,India,Odisha,Female,1994-10-05,2025-08-03,N,80.0,1.0
0554-XGDHI,2024-11-11,Paid,2025-11-11,Standard,Monthly,,,13.99,181.87,27,0,Nikhil,India,Karnataka,Male,1992-11-12,,,,
1331-ZOECK,2019-08-07,Referral,2020-08-07,Standard,Monthly,,,15.99,1231.23,4,0,Rohan,India,Telangana,Male,1971-02-15,,,,
0794-TNNNT,2023-10-19,Paid,2024-10-19,Premium,Monthly,,,22.99,597.74,40,0,Vishal,India,Maharashtra,Male,1967-05-17,,,,
1950-QRSPH,2024-11-11,Paid,2025-11-11,Premium,Annual,,,24.99,324.87,20,0,Aditya,India,Kerala,Male,2004-12-24,,,,
6208-IZEOT,2020-02-15,Organic,2021-02-15,Premium,Annual,,,23.99,1703.29,94,0,Sakshi,India,Madhya Pradesh,Male,1983-12-10,2021-06-17,N,80.0,1.0
9052-CBMVA,2019-07-04,Paid,2020-07-04,Standard,Monthly,,,15.99,1263.21,54,0,Tanvi,India,Gujarat,Female,1988-06-26,2021-02-01,Y,60.0,1.0
3591-YEGIJ,2019-02-25,Paid,2020-02-25,Basic,Annual,,,8.99,746.17,13,0,Tanvi,India,Madhya Pradesh,Female,1991-09-04,,,,
0995-SJZIR,2022-09-16,Referral,2023-09-16,Standard,Annual,,,13.99,559.6,20,0,Riya,India,Madhya Pradesh,Female,1961-08-13,,,,
3761-ILXXW,2021-09-21,Organic,2022-09-21,Basic,Monthly,,,6.99,363.48,6,0,Rohan,India,Karnataka,Female,1974-02-11,,,,
7228-WOKJM,2020-05-10,Organic,2021-05-10,Standard,Monthly,,,13.99,951.32,54,0,Pooja,India,Punjab,Male,1968-11-05,,,,
3486-BTYIJ,2020-05-28,Organic,2021-05-28,Basic,Annual,2021-06-06,Poor streaming quality,6.99,83.88,97,1,Varun,India,Maharashtra,Female,1976-04-15,2020-11-16,Y,40.0,2.0
3485-MBQDQ,2024-03-04,Referral,2025-03-04,Premium,Monthly,,,24.99,549.78,46,0,Vishal,India,West Bengal,Female,2001-01-03,,,,
2535-YGEOX,2023-07-03,Paid,2024-07-03,Premium,Monthly,2024-12-13,Not enough content,22.99,390.83,75,1,Pooja,India,Gujarat,Female,1997-10-14,2023-10-24,N,60.0,1.0
6209-HTREN,2021-07-14,Organic,2022-07-14,Basic,Annual,2022-12-27,Not enough content,6.99,118.83,83,1,Pooja,India,Haryana,Male,1972-12-09,2022-10-18,N,80.0,1.0
1719-SNZUS,2021-08-19,Referral,2022-08-19,Premium,Annual,2022-12-25,Poor streaming quality,22.99,367.84,80,1,Kavya,India,Uttar Pradesh,Female,1975-07-11,2022-08-17,N,100.0,1.0
5183-DUXMX,2019-07-22,Organic,2020-07-22,Standard,Annual,2020-07-04,Poor streaming quality,13.99,153.89,2,1,Karan,India,Madhya Pradesh,Female,1964-03-10,2019-10-22,Y,30.0,1.0
1000-CWJFV,2020-07-01,Referral,2021-07-01,Standard,Annual,,,14.99,989.34,15,0,Shreya,India,Maharashtra,Male,1981-05-04,,,,
4483-DOHPS,2020-05-20,Organic,2021-05-20,Standard,Annual,,,13.99,951.32,50,0,Aditya,India,Karnataka,Female,2001-07-30,,,,
2657-QVYVL,2022-12-11,Organic,2023-12-11,Standard,Monthly,,,14.99,554.63,28,0,Sneha,India,Maharashtra,Male,2003-10-08,,,,
2077-YDGAZ,2019-06-20,Paid,2020-06-20,Premium,Monthly,2019-12-28,Not enough content,23.99,143.94,62,1,Aditi,India,Uttar Pradesh,Male,1972-12-27,,,,
7809-QQMCB,2019-02-05,Paid,2020-02-05,Premium,Monthly,,,23.99,2015.16,28,0,Rahul,India,Maharashtra,Male,1960-06-02,2020-10-02,N,60.0,1.0
2275-JIFCN,2019-06-04,Organic,2020-06-04,Standard,Monthly,,,13.99,1119.2,34,0,Karan,India,Tamil Nadu,Female,1994-11-04,,,,
9252-LAGBT,2021-07-19,Organic,2022-07-19,Standard,Annual,2022-12-20,Too expensive,13.99,237.83,86,1,Nikhil,India,Kerala,Female,1960-09-02,2022-09-08,Y,10.0,3.0
0759-UQMPN,2024-02-12,Paid,2025-02-12,Basic,Annual,2025-10-31,Not enough content,8.99,179.8,94,1,Meera,India,Punjab,Male,1971-02-18,2024-06-10,Y,20.0,1.0
7665-IMTRL,2019-04-20,Paid,2020-04-20,Standard,Monthly,,,13.99,1133.19,45,0,Ishaan,India,Telangana,Female,1989-11-18,,,,
3340-UWQSZ,2024-01-24,Referral,2025-01-24,Basic,Annual,,,8.99,206.77,85,0,Rahul,India,Kerala,Male,1987-03-14,2025-08-22,Y,30.0,1.0
8582-EIKXZ,2023-07-18,Referral,2024-07-18,Basic,Monthly,2024-04-25,Switched to competitor,8.99,80.91,82,1,Varun,India,Telangana,Female,1978-02-05,2024-03-23,Y,50.0,2.0
4718-GBIAU,2023-07-19,Organic,2024-07-19,Basic,Monthly,2025-04-19,Forgot to cancel trial,8.99,188.79,75,1,Ishaan,India,Punjab,Female,1984-04-27,,,,
1981-GFQPN,2021-04-02,Referral,2022-04-02,Premium,Monthly,2023-04-16,Not enough content,22.99,551.76,97,1,Meera,India,Bihar,Female,1990-12-15,,,,
5893-UOUPO,2024-06-13,Referral,2025-06-13,Premium,Monthly,,,22.99,413.82,62,0,Riya,India,Madhya Pradesh,Female,1983-09-25,,,,
6879-GFEUR,2024-03-10,Organic,2025-03-10,Premium,Annual,,,23.99,527.78,48,0,Pooja,India,Rajasthan,Male,2001-04-14,,,,
3944-BDGIB,2024-11-13,Paid,2025-11-13,Standard,Monthly,,,14.99,194.87,20,0,Rahul,India,Odisha,Male,1964-07-24,,,,
9921-BDZQO,2021-04-04,Paid,2022-04-04,Premium,Monthly,,,23.99,1367.43,2,0,Mohan,India,Uttar Pradesh,Male,2001-10-10,,,,
5751-YUMTT,2024-11-26,Paid,2025-11-26,Standard,Annual,2025-06-16,Too expensive,13.99,83.94,63,1,Arjun,India,Haryana,Male,1971-08-17,,,,
9738-WJROW,2024-06-28,Organic,2025-06-28,Premium,Annual,,,24.99,449.82,66,0,Aarav,India,Uttar Pradesh,Female,1996-05-08,2025-05-24,N,70.0,1.0
6612-GFPRG,2021-11-07,Paid,2022-11-07,Standard,Annual,,,13.99,699.5,47,0,Mohan,India,Odisha,Female,2002-12-29,,,,
9970-ZALVZ,2021-03-27,Paid,2022-03-27,Basic,Annual,,,7.99,463.42,6,0,Rohan,India,Haryana,Male,1973-03-10,,,,
9781-ESZCJ,2021-08-15,Referral,2022-08-15,Standard,Annual,2022-01-17,Poor streaming quality,13.99,69.95,56,1,Rohan,India,Bihar,Female,2005-02-05,,,,
8241-SHKCG,2020-01-10,Referral,2021-01-10,Standard,Annual,,,13.99,1007.28,66,0,Diya,India,Rajasthan,Male,1978-06-22,,,,
3849-XOMXO,2024-04-25,Organic,2025-04-25,Basic,Monthly,,,8.99,179.8,52,0,Karan,India,Gujarat,Female,1997-04-28,2025-07-31,N,80.0,1.0
2645-UXRKE,2024-11-20,Referral,2025-11-20,Basic,Annual,2026-04-01,Too expensive,8.99,143.84,1,1,Akash,India,Gujarat,Male,2002-07-24,,,,
8288-ISWJW,2019-08-04,Referral,2020-08-04,Premium,Annual,2021-12-03,Switched to competitor,23.99,671.72,82,1,Kavya,India,Madhya Pradesh,Female,1994-06-17,,,,
2274-OTKXB,2022-03-01,Referral,2023-03-01,Standard,Annual,,,13.99,643.54,99,0,Arjun,India,Punjab,Female,1997-08-28,,,,
6855-QRTTY,2024-07-20,Paid,2025-07-20,Basic,Annual,,,8.99,152.83,17,0,Mohan,India,Karnataka,Female,1978-12-19,,,,
5663-JLHHB,2021-10-03,Organic,2022-10-03,Standard,Monthly,2022-02-25,Not enough content,13.99,55.96,78,1,Kavya,India,Madhya Pradesh,Female,1976-05-09,2022-02-22,N,70.0,1.0
6017-CNTLJ,2022-08-22,Organic,2023-08-22,Basic,Monthly,,,8.99,359.6,82,0,Shreya,India,Maharashtra,Male,1966-03-22,2025-11-13,Y,10.0,2.0
3460-UDSMB,2019-09-03,Paid,2020-09-03,Basic,Monthly,,,6.99,538.23,55,0,Mohan,India,Telangana,Female,1961-06-30,,,,
7146-CRLIR,2023-09-15,Organic,2024-09-15,Standard,Annual,2023-10-19,Too expensive,13.99,13.99,52,1,Sakshi,India,Madhya Pradesh,Female,2004-04-08,,,,
4352-RBTSB,2022-11-15,Paid,2023-11-15,Premium,Annual,,,22.99,873.62,29,0,Vishal,India,Delhi,Female,1988-01-15,,,,
3626-WWRNH,2020-04-24,Organic,2021-04-24,Basic,Annual,,,6.99,482.31,74,0,Pooja,India,Uttar Pradesh,Female,1965-01-01,,,,
6759-WVUET,2021-12-12,Paid,2022-12-12,Standard,Monthly,,,13.99,685.51,31,0,Aditi,India,Telangana,Male,1972-11-06,,,,
2423-CYAEE,2019-05-08,Paid,2020-05-08,Standard,Monthly,,,13.99,1119.2,25,0,Aditya,India,Madhya Pradesh,Female,1965-06-21,2021-05-11,N,70.0,1.0
3843-RQTHT,2024-05-22,Paid,2025-05-22,Standard,Annual,2026-06-25,Forgot to cancel trial,13.99,349.75,85,1,Rahul,India,Madhya Pradesh,Male,1967-10-25,2025-09-06,Y,20.0,3.0
8467-QHRDD,2022-06-05,Referral,2023-06-05,Basic,Monthly,2023-12-21,Forgot to cancel trial,8.99,161.82,29,1,Sakshi,India,Bihar,Female,1964-06-28,2022-10-19,Y,40.0,1.0
6188-WNWJP,2020-04-15,Organic,2021-04-15,Standard,Annual,2022-02-24,Poor streaming quality,13.99,307.78,19,1,Riya,India,Odisha,Male,1971-04-29,2020-12-27,N,100.0,1.0
8198-SIKBL,2021-06-21,Paid,2022-06-21,Basic,Monthly,2023-03-17,Forgot to cancel trial,6.99,146.79,99,1,Mohan,India,West Bengal,Female,1982-11-10,2022-12-15,Y,50.0,3.0
2415-OQBFC,2022-07-05,Paid,2023-07-05,Standard,Monthly,,,14.99,629.58,57,0,Ananya,India,Rajasthan,Male,1984-10-09,,,,
2513-LHUEI,2024-01-16,Paid,2025-01-16,Basic,Annual,2025-01-15,Forgot to cancel trial,8.99,107.88,79,1,Mohan,India,Maharashtra,Female,1987-08-03,2025-01-12,Y,20.0,1.0
6770-HLYSZ,2022-02-11,Referral,2023-02-11,Standard,Annual,,,15.99,751.53,59,0,Ishaan,India,Madhya Pradesh,Male,1968-05-05,,,,
0492-VFSQC,2023-05-22,Organic,2024-05-22,Basic,Monthly,2024-07-20,Not enough content,7.99,111.86,67,1,Diya,India,Tamil Nadu,Male,1984-07-31,,,,
4426-JAKRO,2020-04-15,Organic,2021-04-15,Basic,Monthly,2022-10-02,Not enough content,6.99,209.7,79,1,Aditi,India,Gujarat,Female,2005-10-13,,,,
9909-QANCK,2021-03-28,Referral,2022-03-28,Premium,Annual,,,22.99,1310.43,36,0,Varun,India,Telangana,Female,1969-12-23,,,,
8073-JKYGI,2020-12-10,Referral,2021-12-10,Premium,Monthly,,,22.99,1402.39,49,0,Kavya,India,Bihar,Female,1961-02-13,,,,
5343-VSEOB,2023-04-05,Referral,2024-04-05,Basic,Annual,2024-12-29,Not enough content,6.99,146.79,94,1,Arjun,India,Kerala,Female,1986-12-03,2024-01-14,N,100.0,1.0
6550-HRMPS,2020-03-14,Organic,2021-03-14,Standard,Monthly,,,13.99,979.3,78,0,Ananya,India,Odisha,Female,1983-02-15,,,,
9886-HXBIZ,2019-07-02,Paid,2020-07-02,Basic,Annual,,,6.99,552.21,44,0,Vishal,India,Delhi,Female,1972-07-10,,,,
7366-YKUSR,2020-04-13,Organic,2021-04-13,Standard,Monthly,,,13.99,965.31,24,0,Aditi,India,Maharashtra,Male,1965-09-25,,,,
3577-VKQUY,2023-01-17,Organic,2024-01-17,Standard,Annual,,,13.99,489.65,23,0,Pooja,India,Uttar Pradesh,Male,1973-07-07,,,,
6646-ESBQG,2024-10-11,Referral,2025-10-11,Standard,Annual,2026-03-22,Poor streaming quality,15.99,271.83,51,1,Riya,India,Delhi,Male,1996-06-16,2025-04-18,N,100.0,1.0
1940-CQWUI,2023-07-15,Paid,2024-07-15,Basic,Annual,,,6.99,209.7,92,0,Ananya,India,Tamil Nadu,Female,2005-08-18,2025-01-14,Y,20.0,1.0
6992-CVFVJ,2020-08-14,Organic,2021-08-14,Premium,Monthly,,,23.99,1559.35,61,0,Priya,India,Punjab,Female,1998-01-06,2025-07-25,Y,50.0,1.0
7016-TBDUS,2020-02-17,Referral,2021-02-17,Premium,Monthly,,,22.99,1632.29,31,0,Riya,India,Odisha,Female,1990-02-22,,,,
7902-BDOYZ,2023-12-13,Paid,2024-12-13,Basic,Monthly,,,8.99,215.76,33,0,Aarav,India,Odisha,Male,1964-01-01,2025-08-15,N,100.0,1.0
6844-WGFVW,2023-04-14,Organic,2024-04-14,Premium,Annual,,,23.99,791.67,47,0,Aditi,India,Kerala,Male,2005-11-24,,,,
3438-OYFIB,2024-03-17,Organic,2025-03-17,Premium,Monthly,,,23.99,503.79,7,0,Sneha,India,Madhya Pradesh,Female,2003-05-16,,,,
4603-OOFMB,2023-06-02,Organic,2024-06-02,Standard,Annual,2024-08-17,Poor streaming quality,13.99,195.86,16,1,Akash,India,Madhya Pradesh,Female,1971-03-09,,,,
3264-OTTUC,2024-08-06,Paid,2025-08-06,Basic,Monthly,,,8.99,152.83,73,0,Tanvi,India,Gujarat,Male,1975-12-17,2024-10-02,Y,60.0,1.0
2434-BOAVC,2024-06-01,Paid,2025-06-01,Standard,Annual,,,13.99,265.81,70,0,Neha,India,Maharashtra,Male,1962-03-29,2025-06-15,N,90.0,1.0
2649-ZYKID,2022-06-13,Paid,2023-06-13,Premium,Annual,,,24.99,1074.57,45,0,Sakshi,India,Karnataka,Male,2002-03-13,,,,
3878-ICSKR,2019-12-27,Referral,2020-12-27,Standard,Annual,2020-07-17,Too expensive,13.99,83.94,67,1,Rahul,India,Tamil Nadu,Male,1995-07-10,2020-05-13,N,60.0,1.0
7536-YDXTS,2024-04-08,Referral,2025-04-08,Standard,Annual,2025-11-23,Switched to competitor,13.99,265.81,83,1,Kavya,India,Kerala,Female,1967-12-26,2025-08-15,Y,30.0,2.0
3989-WPRSI,2024-12-12,Organic,2025-12-12,Premium,Annual,,,22.99,275.88,23,0,Mohan,India,Madhya Pradesh,Male,2003-09-29,,,,
7646-NLYAU,2020-08-17,Referral,2021-08-17,Premium,Monthly,,,22.99,1494.35,31,0,Karan,India,West Bengal,Male,1984-03-28,,,,
4847-DCZUT,2022-06-23,Paid,2023-06-23,Premium,Annual,,,22.99,965.58,6,0,Arjun,India,West Bengal,Female,1966-08-25,,,,
9001-INQLT,2023-06-09,Referral,2024-06-09,Premium,Annual,,,22.99,712.69,13,0,Rohan,India,Punjab,Female,1976-05-30,,,,
9857-ONOTM,2019-03-14,Organic,2020-03-14,Premium,Annual,,,22.99,1885.18,7,0,Sneha,India,Rajasthan,Male,1961-06-11,,,,
8630-UOZQU,2020-09-01,Referral,2021-09-01,Standard,Annual,,,13.99,895.36,11,0,Shreya,India,Bihar,Female,1987-03-13,,,,
8633-GUIUH,2019-06-06,Referral,2020-06-06,Premium,Monthly,,,24.99,1999.2,35,0,Aarav,India,Maharashtra,Female,1997-01-09,2024-11-07,N,90.0,2.0
3179-BGMXG,2022-10-26,Organic,2023-10-26,Premium,Monthly,,,22.99,873.62,6,0,Mohan,India,Delhi,Female,1989-10-10,,,,
8209-PZAID,2022-05-13,Organic,2023-05-13,Premium,Monthly,2022-12-21,Poor streaming quality,22.99,160.93,97,1,Ananya,India,Kerala,Male,1976-06-16,2022-06-05,N,70.0,1.0
9523-ETFLS,2023-05-25,Paid,2024-05-25,Standard,Annual,,,13.99,433.69,3,0,Aditi,India,Kerala,Female,1981-10-31,2025-03-16,N,70.0,1.0
4918-PLNFC,2024-07-11,Paid,2025-07-11,Premium,Monthly,,,22.99,390.83,68,0,Aarav,India,Haryana,Male,1982-01-12,2024-08-26,Y,60.0,1.0
1701-DABRZ,2023-06-24,Organic,2024-06-24,Premium,Monthly,2024-11-12,Switched to competitor,23.99,383.84,52,1,Neha,India,Kerala,Male,1970-03-09,2023-12-26,Y,50.0,2.0
1150-PRXMN,2024-08-12,Organic,2025-08-12,Standard,Annual,,,15.99,255.84,34,0,Ananya,India,Delhi,Female,1979-07-21,,,,
8660-VPSVI,2023-02-11,Referral,2024-02-11,Basic,Annual,,,6.99,244.65,1,0,Ishaan,India,Punjab,Female,2000-10-13,,,,
9000-GDXWC,2021-09-22,Paid,2022-09-22,Basic,Annual,,,7.99,415.48,6,0,Sneha,India,Rajasthan,Female,1968-06-26,,,,
4171-UXUFO,2023-01-18,Paid,2024-01-18,Premium,Annual,,,24.99,874.65,58,0,Ishaan,India,Odisha,Female,1991-09-05,2024-05-26,N,80.0,1.0
9199-FSBEK,2023-12-01,Paid,2024-12-01,Standard,Annual,,,13.99,349.75,36,0,Rohan,India,Bihar,Male,1987-11-07,,,,
8957-OTDTE,2023-07-18,Paid,2024-07-18,Standard,Monthly,2025-05-28,Switched to competitor,15.99,351.78,88,1,Nikhil,India,Kerala,Male,1984-12-19,,,,
3460-NZKKL,2020-12-24,Paid,2021-12-24,Premium,Annual,,,24.99,1524.39,26,0,Sneha,India,Tamil Nadu,Male,1974-12-18,2024-01-31,Y,50.0,2.0
1666-VAIWR,2021-01-15,Referral,2022-01-15,Standard,Monthly,,,15.99,959.4,69,0,Aditya,India,Punjab,Female,1995-12-02,2021-04-01,N,60.0,1.0
1480-YOZTA,2023-09-04,Organic,2024-09-04,Standard,Monthly,,,13.99,391.72,10,0,Diya,India,Rajasthan,Female,1970-02-12,,,,
7922-BXAVJ,2020-06-17,Organic,2021-06-17,Basic,Monthly,,,8.99,602.33,66,0,Shreya,India,Karnataka,Female,1969-07-21,,,,
6507-UOZCG,2021-02-01,Organic,2022-02-01,Standard,Monthly,2022-03-29,Forgot to cancel trial,15.99,223.86,91,1,Mohan,India,Maharashtra,Female,2004-05-15,,,,
6825-AEYIH,2020-08-21,Paid,2021-08-21,Basic,Monthly,,,6.99,454.35,79,0,Ananya,India,Tamil Nadu,Female,1986-08-24,2022-03-21,N,60.0,2.0
5926-YMHCC,2023-02-17,Paid,2024-02-17,Basic,Monthly,2024-03-29,Too expensive,6.99,90.87,97,1,Sakshi,India,Punjab,Male,2001-12-02,2023-12-17,Y,30.0,1.0
6820-UUMPB,2021-06-14,Organic,2022-06-14,Basic,Monthly,2023-07-18,Not enough content,6.99,174.75,73,1,Sneha,India,West Bengal,Female,1990-03-12,2021-10-08,N,60.0,1.0
1739-LDHHT,2020-01-11,Referral,2021-01-11,Premium,Annual,,,23.99,1727.28,15,0,Ishaan,India,Karnataka,Male,1974-07-16,2022-01-30,N,80.0,1.0
5501-NRJDR,2024-10-16,Referral,2025-10-16,Premium,Monthly,,,24.99,349.86,65,0,Shreya,India,Gujarat,Female,1997-04-04,,,,
2181-KBYQD,2023-02-08,Organic,2024-02-08,Premium,Monthly,2023-04-19,Poor streaming quality,22.99,45.98,64,1,Nikhil,India,Karnataka,Female,2001-12-29,2023-04-13,N,90.0,2.0
2892-QGWUD,2023-01-17,Paid,2024-01-17,Premium,Annual,,,22.99,804.65,4,0,Rahul,India,Rajasthan,Female,1973-01-25,,,,
7688-CCRVG,2020-10-28,Referral,2021-10-28,Standard,Annual,,,15.99,1007.37,30,0,Meera,India,Delhi,Male,1994-08-28,,,,
3773-KBWLA,2020-02-09,Paid,2021-02-09,Basic,Annual,,,6.99,496.29,9,0,Riya,India,Haryana,Female,2003-03-06,,,,
7494-FNFQL,2021-09-13,Organic,2022-09-13,Standard,Monthly,2023-06-25,Forgot to cancel trial,13.99,293.79,97,1,Rahul,India,Kerala,Male,1986-09-13,2022-10-19,Y,50.0,1.0
0729-PNPLL,2024-07-28,Referral,2025-07-28,Premium,Monthly,,,22.99,390.83,18,0,Sneha,India,Telangana,Female,1967-02-28,2024-08-16,N,80.0,1.0
7316-QWWIG,2023-02-25,Paid,2024-02-25,Standard,Annual,2025-04-21,Too expensive,13.99,363.74,38,1,Ananya,India,Odisha,Female,1977-06-10,,,,
0836-IIICA,2021-04-08,Referral,2022-04-08,Standard,Monthly,,,15.99,911.43,7,0,Ishaan,India,Odisha,Male,1990-10-30,,,,
3631-GUVJV,2023-03-11,Referral,2024-03-11,Basic,Annual,,,6.99,237.66,62,0,Ishaan,India,Maharashtra,Female,1986-07-15,,,,
8166-JFRHR,2022-05-20,Organic,2023-05-20,Standard,Monthly,2024-04-11,Too expensive,15.99,367.77,55,1,Rohan,India,Uttar Pradesh,Male,1974-07-10,2023-01-18,Y,30.0,1.0
5249-FDAYK,2020-07-24,Paid,2021-07-24,Premium,Annual,,,23.99,1583.34,57,0,Akash,India,Haryana,Male,1990-03-21,,,,
3456-LTGPO,2024-11-13,Referral,2025-11-13,Basic,Monthly,,,6.99,90.87,69,0,Arjun,India,Karnataka,Female,1999-05-23,2025-11-22,N,70.0,1.0
3272-WYGUK,2022-02-04,Paid,2023-02-04,Premium,Monthly,,,23.99,1127.53,70,0,Karan,India,Tamil Nadu,Male,1980-10-18,2024-02-25,Y,40.0,1.0
4761-QKLOR,2021-11-26,Referral,2022-11-26,Basic,Monthly,,,6.99,342.51,63,0,Ishaan,India,Tamil Nadu,Female,1966-08-04,,,,
2762-NQDYB,2019-09-24,Paid,2020-09-24,Standard,Annual,2020-12-24,Switched to competitor,15.99,239.85,47,1,Nikhil,India,Tamil Nadu,Male,1962-01-08,,,,
4373-XKFOB,2021-12-11,Referral,2022-12-11,Premium,Annual,,,24.99,1224.51,48,0,Aarav,India,Madhya Pradesh,Female,1994-06-27,,,,
3479-DZNPO,2020-10-11,Organic,2021-10-11,Premium,Monthly,,,22.99,1448.37,16,0,Rohan,India,Kerala,Female,1995-08-12,,,,
7194-JXMIF,2024-02-09,Paid,2025-02-09,Basic,Monthly,,,8.99,206.77,7,0,Varun,India,Maharashtra,Female,1994-04-25,,,,
4753-PWMQB,2022-08-08,Organic,2023-08-08,Basic,Annual,,,8.99,368.59,20,0,Pooja,India,Delhi,Female,1991-10-17,,,,
3402-FFJDU,2020-01-17,Referral,2021-01-17,Premium,Monthly,,,22.99,1655.28,50,0,Sakshi,India,Rajasthan,Male,1996-02-01,,,,
8961-NOTIW,2022-11-17,Referral,2023-11-17,Basic,Annual,,,6.99,265.62,53,0,Aarav,India,Bihar,Female,1986-02-13,2023-07-13,Y,50.0,1.0
7332-RYULL,2023-05-25,Organic,2024-05-25,Basic,Annual,,,8.99,278.69,87,0,Vishal,India,Delhi,Female,2002-03-24,2024-02-03,N,100.0,1.0
3814-LPITL,2020-03-13,Paid,2021-03-13,Standard,Annual,2021-04-20,Poor streaming quality,13.99,181.87,88,1,Ishaan,India,Tamil Nadu,Female,1995-01-26,,,,
3952-BLKEB,2021-09-14,Organic,2022-09-14,Basic,Annual,,,6.99,363.48,81,0,Aarav,India,Kerala,Female,1996-09-02,,,,
3998-HGHZG,2023-03-09,Paid,2024-03-09,Basic,Monthly,2025-06-04,Not enough content,7.99,215.73,95,1,Priya,India,Rajasthan,Male,1981-02-14,2025-01-18,Y,10.0,1.0
3506-MBLYR,2024-11-01,Organic,2025-11-01,Basic,Monthly,,,8.99,125.86,50,0,Kavya,India,Bihar,Female,1973-04-07,,,,
9558-LKLUO,2022-02-12,Paid,2023-02-12,Premium,Annual,,,24.99,1174.53,46,0,Riya,India,Delhi,Female,2005-02-25,2024-02-21,Y,20.0,1.0
2885-CYJNF,2024-10-24,Paid,2025-10-24,Basic,Annual,,,6.99,97.86,39,0,Varun,India,Kerala,Female,1963-06-01,,,,
0915-NNOKC,2023-11-16,Referral,2024-11-16,Premium,Monthly,2026-03-15,Forgot to cancel trial,23.99,671.72,74,1,Sneha,India,Punjab,Male,1976-05-22,2024-06-13,N,70.0,1.0
4428-MDTMR,2020-03-24,Referral,2021-03-24,Standard,Annual,,,15.99,1119.3,67,0,Nikhil,India,Punjab,Male,1987-04-06,,,,
9892-BIOWA,2021-12-09,Paid,2022-12-09,Standard,Monthly,,,13.99,685.51,45,0,Rohan,India,Uttar Pradesh,Female,1995-08-13,,,,
8911-LKZZD,2019-12-05,Organic,2020-12-05,Basic,Annual,,,7.99,583.27,67,0,Aditi,India,Uttar Pradesh,Male,1966-05-12,2023-11-04,Y,30.0,1.0
3421-WDGTO,2023-10-08,Referral,2024-10-08,Premium,Annual,,,23.99,647.73,73,0,Sneha,India,Maharashtra,Female,1996-12-13,,,,
0100-VNGVY,2019-05-12,Referral,2020-05-12,Standard,Monthly,,,15.99,1279.2,80,0,Shreya,India,Tamil Nadu,Male,1973-08-09,2024-07-17,Y,30.0,2.0
9228-GSJPV,2023-03-07,Paid,2024-03-07,Basic,Monthly,2023-08-30,Not enough content,6.99,34.95,18,1,Sakshi,India,Gujarat,Male,1972-02-08,,,,
3581-XIOUW,2021-07-27,Organic,2022-07-27,Premium,Annual,2023-07-08,Switched to competitor,22.99,528.77,77,1,Priya,India,Tamil Nadu,Male,1996-01-13,2023-02-11,Y,40.0,1.0
4031-JIHZW,2020-01-02,Referral,2021-01-02,Premium,Monthly,,,23.99,1751.27,52,0,Rahul,India,Rajasthan,Male,1990-11-15,,,,
7068-FXPNW,2023-10-19,Organic,2024-10-19,Standard,Annual,,,13.99,363.74,24,0,Nikhil,India,Delhi,Male,1961-01-12,,,,
4570-KZQFQ,2023-02-03,Organic,2024-02-03,Premium,Annual,,,24.99,874.65,72,0,Neha,India,West Bengal,Female,2002-11-27,,,,
2696-PEUJA,2021-09-03,Organic,2022-09-03,Standard,Annual,,,13.99,727.48,77,0,Mohan,India,Telangana,Male,1966-07-19,2022-01-21,Y,30.0,1.0
9198-HUAYD,2022-03-16,Paid,2023-03-16,Premium,Annual,2022-11-06,Too expensive,24.99,174.93,85,1,Vishal,India,Telangana,Male,1996-08-28,2022-09-02,Y,10.0,1.0
1823-MDDDM,2020-11-27,Referral,2021-11-27,Standard,Monthly,2021-09-05,Too expensive,13.99,125.91,82,1,Ishaan,India,Karnataka,Female,1967-02-05,2021-08-31,Y,50.0,2.0
7924-CRXOD,2019-10-28,Paid,2020-10-28,Basic,Annual,2021-12-10,Forgot to cancel trial,8.99,224.75,57,1,Diya,India,Odisha,Male,1976-07-14,,,,
1552-IMIJL,2023-07-24,Organic,2024-07-24,Basic,Monthly,2024-05-07,Not enough content,8.99,80.91,61,1,Tanvi,India,West Bengal,Male,1998-03-09,,,,
7402-ACWZI,2019-04-25,Referral,2020-04-25,Basic,Annual,2020-09-11,Forgot to cancel trial,7.99,127.84,82,1,Sakshi,India,Haryana,Male,1972-01-01,,,,
2328-MVPRM,2019-02-26,Referral,2020-02-26,Standard,Annual,,,13.99,1161.17,62,0,Aditya,India,Bihar,Female,1997-08-03,2019-04-22,N,70.0,1.0
2715-SKGPW,2021-11-05,Referral,2022-11-05,Standard,Annual,,,13.99,699.5,35,0,Arjun,India,Bihar,Female,1992-05-25,,,,
9936-VHKUB,2024-07-04,Referral,2025-07-04,Premium,Monthly,,,23.99,431.82,19,0,Riya,India,Tamil Nadu,Male,1982-05-07,,,,
3881-OFQUA,2021-04-07,Organic,2022-04-07,Standard,Monthly,,,13.99,797.43,23,0,Arjun,India,Maharashtra,Male,1974-03-09,,,,
8533-QTOCX,2022-10-27,Paid,2023-10-27,Standard,Annual,,,13.99,531.62,26,0,Shreya,India,Maharashtra,Male,2004-08-30,,,,
5114-DQNJX,2022-12-13,Referral,2023-12-13,Basic,Annual,,,6.99,258.63,45,0,Aditya,India,Delhi,Male,1963-08-30,,,,
1301-EGFSC,2023-12-17,Paid,2024-12-17,Premium,Annual,,,24.99,599.76,25,0,Aditi,India,West Bengal,Male,1976-03-05,,,,
5829-BUVQS,2020-07-07,Paid,2021-07-07,Basic,Monthly,,,6.99,461.34,67,0,Sakshi,India,Haryana,Female,2000-09-10,,,,
1054-SPCEQ,2023-06-16,Referral,2024-06-16,Basic,Annual,2024-09-04,Forgot to cancel trial,6.99,97.86,83,1,Rahul,India,Uttar Pradesh,Male,1998-04-29,2024-07-08,N,90.0,3.0
7163-PYSPH,2021-01-12,Paid,2022-01-12,Standard,Monthly,,,14.99,899.4,3,0,Aditya,India,Uttar Pradesh,Female,1975-03-29,,,,
0364-SPDRK,2019-11-03,Paid,2020-11-03,Standard,Monthly,,,13.99,1049.25,55,0,Vishal,India,West Bengal,Male,1971-07-23,,,,
0454-UGPPH,2021-12-16,Organic,2022-12-16,Standard,Monthly,2024-04-11,Switched to competitor,15.99,447.72,28,1,Sakshi,India,Kerala,Male,2004-04-28,,,,
8459-BWCXV,2019-09-09,Referral,2020-09-09,Basic,Monthly,,,6.99,531.24,69,0,Neha,India,Bihar,Female,2002-12-17,2024-11-16,N,90.0,2.0
0782-ONNKO,2022-04-12,Paid,2023-04-12,Standard,Annual,,,13.99,629.55,3,0,Neha,India,Delhi,Male,1979-07-13,,,,
2491-GOOIB,2024-07-06,Organic,2025-07-06,Standard,Annual,,,13.99,251.82,16,0,Kavya,India,Maharashtra,Male,1988-10-11,,,,
6020-BYFYH,2022-04-25,Referral,2023-04-25,Standard,Annual,,,13.99,615.56,15,0,Aditi,India,Karnataka,Female,2005-05-23,,,,
5772-DSHVP,2020-10-24,Organic,2021-10-24,Premium,Annual,,,22.99,1448.37,92,0,Vishal,India,Haryana,Female,1993-12-22,2024-11-16,N,90.0,3.0
2700-PAQNZ,2023-04-07,Paid,2024-04-07,Standard,Annual,,,13.99,461.67,22,0,Nikhil,India,Odisha,Male,1962-02-22,,,,
7242-OSXGH,2022-03-13,Organic,2023-03-13,Premium,Annual,,,24.99,1149.54,14,0,Shreya,India,West Bengal,Male,1961-10-06,,,,
5706-FIHIT,2024-10-27,Referral,2025-10-27,Premium,Annual,2027-01-08,Too expensive,22.99,597.74,3,1,Aarav,India,Maharashtra,Male,1981-10-25,,,,
5182-BKCWH,2019-08-21,Paid,2020-08-21,Basic,Monthly,2019-10-17,Not enough content,6.99,6.99,17,1,Diya,India,Madhya Pradesh,Male,1999-07-16,,,,
6238-OEIZA,2024-02-17,Referral,2025-02-17,Standard,Monthly,2026-01-22,Not enough content,15.99,367.77,80,1,Sakshi,India,Uttar Pradesh,Female,1961-11-14,2025-12-07,N,60.0,2.0
7832-REEBH,2024-08-17,Paid,2025-08-17,Standard,Monthly,2025-08-20,Poor streaming quality,13.99,167.88,60,1,Varun,India,Madhya Pradesh,Female,1979-09-28,2024-11-19,N,80.0,1.0
3228-XVPKN,2021-07-24,Referral,2022-07-24,Basic,Monthly,,,6.99,377.46,70,0,Priya,India,Kerala,Female,1960-01-10,2024-02-21,Y,40.0,1.0
6371-SCYMO,2022-01-10,Paid,2023-01-10,Standard,Annual,2022-04-20,Too expensive,13.99,41.97,85,1,Aditya,India,Rajasthan,Female,1979-09-03,2022-04-11,N,60.0,2.0
9514-UDCXI,2019-08-22,Referral,2020-08-22,Standard,Annual,2021-07-10,Forgot to cancel trial,15.99,351.78,87,1,Nikhil,India,Delhi,Female,1980-06-09,,,,
7024-KVWAE,2019-11-14,Organic,2020-11-14,Premium,Monthly,,,24.99,1849.26,14,0,Riya,India,Tamil Nadu,Female,1960-01-06,2021-08-12,Y,20.0,1.0
3123-WCWIV,2020-10-11,Referral,2021-10-11,Premium,Monthly,,,22.99,1448.37,16,0,Ananya,India,Telangana,Male,1977-12-03,,,,
4102-GKXWW,2020-06-25,Organic,2021-06-25,Premium,Annual,2022-05-17,Not enough content,24.99,574.77,65,1,Varun,India,West Bengal,Male,1980-02-08,2021-12-20,N,100.0,1.0
6478-HQVZZ,2024-10-17,Paid,2025-10-17,Standard,Annual,2026-06-27,Switched to competitor,15.99,319.8,28,1,Meera,India,Haryana,Male,1970-06-14,,,,
3803-FDKKP,2021-05-10,Organic,2022-05-10,Premium,Annual,,,22.99,1287.44,1,0,Tanvi,India,Madhya Pradesh,Male,1988-07-28,,,,
5696-AAVWF,2022-12-13,Organic,2023-12-13,Basic,Monthly,,,6.99,258.63,15,0,Riya,India,Madhya Pradesh,Female,1963-03-04,2024-01-08,N,80.0,2.0
5060-OJPLN,2022-08-17,Referral,2023-08-17,Basic,Annual,2023-11-10,Too expensive,6.99,104.85,94,1,Aarav,India,Delhi,Female,1988-06-07,,,,
0110-RGCJM,2024-11-11,Referral,2025-11-11,Premium,Monthly,,,23.99,311.87,37,0,Sakshi,India,Delhi,Female,1965-07-01,,,,
2722-CVJWQ,2019-12-13,Paid,2020-12-13,Basic,Monthly,,,7.99,583.27,66,0,Sakshi,India,Madhya Pradesh,Male,1977-12-09,,,,
7673-SCSUM,2023-12-13,Organic,2024-12-13,Basic,Annual,,,8.99,215.76,43,0,Arjun,India,Gujarat,Male,1981-08-16,,,,
1177-ZPIJA,2023-07-19,Paid,2024-07-19,Standard,Annual,2025-01-26,Not enough content,13.99,251.82,92,1,Tanvi,India,Haryana,Female,1988-01-28,,,,
4164-PCAPZ,2019-09-16,Referral,2020-09-16,Standard,Annual,2020-06-09,Switched to competitor,13.99,111.92,51,1,Meera,India,Bihar,Male,1987-02-28,2020-02-18,Y,60.0,2.0
6732-SDFSG,2023-12-02,Paid,2024-12-02,Basic,Monthly,,,6.99,174.75,62,0,Riya,India,West Bengal,Female,2003-12-13,2025-04-16,Y,30.0,1.0
9875-WPDCG,2024-02-02,Organic,2025-02-02,Basic,Monthly,2024-04-13,Not enough content,7.99,15.98,99,1,Vishal,India,Karnataka,Male,1983-08-29,2024-02-21,N,90.0,1.0
5619-WDKKX,2024-03-20,Organic,2025-03-20,Basic,Annual,,,6.99,146.79,13,0,Sneha,India,Tamil Nadu,Female,1969-03-18,,,,
9167-WLZPZ,2021-03-07,Organic,2022-03-07,Standard,Monthly,,,14.99,869.42,7,0,Neha,India,Madhya Pradesh,Female,1987-11-25,,,,
1181-TGYQG,2023-03-27,Paid,2024-03-27,Basic,Monthly,2024-05-18,Switched to competitor,8.99,116.87,17,1,Aditi,India,Madhya Pradesh,Male,1987-06-11,,,,
1844-KJBSW,2023-11-06,Organic,2024-11-06,Standard,Annual,,,15.99,415.74,45,0,Varun,India,Haryana,Female,1998-09-12,,,,
5523-DXIKL,2023-08-01,Organic,2024-08-01,Premium,Monthly,2025-07-16,Poor streaming quality,22.99,528.77,80,1,Varun,India,Uttar Pradesh,Male,1982-03-08,,,,
8629-HSXWO,2020-04-07,Paid,2021-04-07,Basic,Monthly,,,7.99,551.31,59,0,Vishal,India,Odisha,Female,1973-05-07,2020-07-28,N,70.0,1.0
2347-POQHB,2020-12-07,Referral,2021-12-07,Standard,Annual,2023-05-06,Too expensive,13.99,405.71,89,1,Diya,India,Haryana,Male,2001-05-04,2022-07-13,Y,50.0,2.0
0217-VGTVZ,2021-07-22,Referral,2022-07-22,Standard,Annual,2023-01-21,Too expensive,13.99,251.82,93,1,Nikhil,India,Odisha,Female,2005-03-16,2022-10-02,Y,30.0,1.0
8921-GZHHF,2019-08-08,Paid,2020-08-08,Standard,Monthly,,,13.99,1077.23,18,0,Sneha,India,Karnataka,Female,1974-11-11,,,,
6388-ATWZY,2021-09-10,Organic,2022-09-10,Basic,Annual,,,8.99,467.48,78,0,Tanvi,India,Delhi,Male,1973-11-11,,,,
5059-FDMBI,2019-01-20,Referral,2020-01-20,Standard,Monthly,,,13.99,1175.16,73,0,Varun,India,Bihar,Female,1971-04-04,2025-09-01,Y,20.0,1.0
2936-FSMHR,2023-02-17,Organic,2024-02-17,Premium,Monthly,,,24.99,849.66,23,0,Rahul,India,Haryana,Male,1962-12-07,,,,
0658-WYAVQ,2023-11-07,Referral,2024-11-07,Basic,Monthly,,,6.99,181.74,1,0,Priya,India,Madhya Pradesh,Female,1974-09-12,,,,
1877-LANNS,2024-10-03,Referral,2025-10-03,Standard,Monthly,,,13.99,209.85,40,0,Mohan,India,Delhi,Female,1992-03-08,2024-10-09,N,60.0,1.0
9798-CQWHM,2019-03-26,Paid,2020-03-26,Standard,Monthly,,,13.99,1147.18,50,0,Neha,India,Rajasthan,Female,1980-07-13,,,,
6261-IBLAP,2023-12-15,Referral,2024-12-15,Premium,Monthly,,,22.99,551.76,9,0,Riya,India,Gujarat,Female,1990-08-22,,,,
2545-OCQTQ,2023-04-24,Referral,2024-04-24,Basic,Monthly,,,6.99,223.68,93,0,Rahul,India,Punjab,Female,1960-02-04,2024-11-15,Y,20.0,1.0
4960-QSIRW,2023-03-20,Paid,2024-03-20,Basic,Annual,,,6.99,230.67,48,0,Aditi,India,Kerala,Female,1968-04-03,,,,
4217-JMZAC,2019-11-18,Organic,2020-11-18,Standard,Annual,,,13.99,1035.26,15,0,Diya,India,West Bengal,Male,1968-06-26,,,,
8631-TGGDB,2023-03-17,Organic,2024-03-17,Basic,Annual,,,6.99,237.66,5,0,Karan,India,Karnataka,Female,1992-03-10,2024-11-10,N,60.0,1.0
6188-TORAC,2023-05-04,Paid,2024-05-04,Premium,Annual,,,22.99,735.68,57,0,Pooja,India,Karnataka,Male,1991-08-24,2024-12-01,Y,60.0,1.0
0626-KHRDV,2023-05-18,Paid,2024-05-18,Basic,Annual,,,6.99,216.69,2,0,Priya,India,Telangana,Male,1978-06-10,2024-02-05,N,80.0,2.0
4827-BBJVQ,2019-07-07,Paid,2020-07-07,Standard,Monthly,,,13.99,1091.22,75,0,Shreya,India,Tamil Nadu,Female,1976-05-04,2023-08-02,Y,30.0,2.0
7310-NTGMC,2020-10-27,Referral,2021-10-27,Standard,Annual,,,14.99,944.37,51,0,Diya,India,Rajasthan,Male,1962-06-09,2025-08-18,Y,20.0,1.0
3147-UCOHM,2021-05-09,Organic,2022-05-09,Premium,Annual,,,24.99,1399.44,8,0,Mohan,India,Punjab,Female,1984-09-30,,,,
9275-ELMYN,2019-06-25,Referral,2020-06-25,Premium,Annual,,,24.99,1974.21,16,0,Aarav,India,Punjab,Female,1995-05-20,2020-08-05,N,60.0,1.0
0561-KNHNO,2020-11-19,Organic,2021-11-19,Premium,Monthly,,,23.99,1487.38,37,0,Ishaan,India,Odisha,Female,1983-08-21,,,,
4048-LHFVV,2023-05-20,Organic,2024-05-20,Premium,Annual,,,22.99,712.69,10,0,Tanvi,India,Kerala,Male,2005-11-29,,,,
5680-BEIHV,2023-03-19,Organic,2024-03-19,Premium,Monthly,,,22.99,758.67,52,0,Sneha,India,Maharashtra,Male,2001-02-09,,,,
2741-TXPGX,2022-07-18,Referral,2023-07-18,Premium,Monthly,,,22.99,965.58,55,0,Sakshi,India,Odisha,Male,1962-06-12,2024-11-18,N,70.0,1.0
0512-AJJHL,2023-07-15,Paid,2024-07-15,Standard,Annual,2024-09-18,Too expensive,13.99,195.86,93,1,Rahul,India,Gujarat,Male,1986-06-23,2024-09-18,Y,10.0,3.0
1928-JVLKL,2019-06-26,Paid,2020-06-26,Basic,Monthly,,,6.99,552.21,41,0,Meera,India,Bihar,Male,1968-04-04,2022-11-22,N,100.0,1.0
3660-MQEXA,2024-05-10,Referral,2025-05-10,Basic,Annual,,,7.99,159.8,19,0,Sneha,India,Punjab,Female,1987-11-15,,,,
5157-GLDHP,2022-07-23,Referral,2023-07-23,Premium,Annual,,,22.99,942.59,63,0,Riya,India,Madhya Pradesh,Male,1967-04-27,,,,
2810-RCQXN,2019-06-23,Referral,2020-06-23,Standard,Monthly,,,13.99,1105.21,17,0,Riya,India,Uttar Pradesh,Female,1979-08-17,2022-07-06,N,60.0,1.0
5177-GDJDY,2019-02-27,Organic,2020-02-27,Standard,Monthly,,,15.99,1327.17,20,0,Diya,India,Odisha,Male,1979-06-27,,,,
4744-CLDQP,2020-06-24,Organic,2021-06-24,Premium,Monthly,,,22.99,1540.33,22,0,Shreya,India,Tamil Nadu,Female,1983-03-18,,,,
6136-OOYPK,2019-01-28,Referral,2020-01-28,Premium,Monthly,,,22.99,1931.16,14,0,Ananya,India,West Bengal,Female,1991-01-08,2020-06-30,N,80.0,1.0
3632-NTKVZ,2022-05-04,Organic,2023-05-04,Premium,Monthly,,,24.99,1099.56,54,0,Vishal,India,Karnataka,Male,1978-01-05,2025-08-22,Y,10.0,1.0
9957-HVKZR,2021-03-16,Referral,2022-03-16,Premium,Annual,2022-07-17,Poor streaming quality,22.99,367.84,98,1,Akash,India,Rajasthan,Female,1966-12-31,,,,
4459-WVCAL,2023-11-25,Paid,2024-11-25,Basic,Annual,2025-07-10,Poor streaming quality,7.99,151.81,15,1,Aditi,India,Rajasthan,Female,2003-04-02,2024-01-30,Y,30.0,1.0
0350-WWYQG,2019-05-11,Paid,2020-05-11,Premium,Annual,2020-02-21,Forgot to cancel trial,22.99,206.91,33,1,Shreya,India,Punjab,Male,1987-12-27,,,,
0565-QAYME,2020-08-23,Referral,2021-08-23,Standard,Annual,,,13.99,909.35,36,0,Kavya,India,Bihar,Female,1977-01-30,2023-07-26,N,100.0,1.0
1094-VAUSC,2020-04-02,Paid,2021-04-02,Premium,Monthly,,,24.99,1724.31,65,0,Varun,India,Rajasthan,Female,1972-07-29,2022-11-08,N,100.0,1.0
0088-BWCEQ,2021-06-27,Organic,2022-06-27,Premium,Annual,,,22.99,1241.46,7,0,Meera,India,Odisha,Female,1990-09-10,,,,
9427-NBTTM,2023-08-06,Organic,2024-08-06,Basic,Annual,,,7.99,231.71,18,0,Sakshi,India,Maharashtra,Female,1961-07-29,,,,
1728-QNSEB,2020-01-13,Organic,2021-01-13,Basic,Monthly,,,6.99,503.28,17,0,Sneha,India,Odisha,Female,1982-06-28,,,,
3028-ILLTD,2021-04-01,Organic,2022-04-01,Premium,Annual,,,22.99,1310.43,29,0,Karan,India,Madhya Pradesh,Female,1977-01-05,,,,
6451-FYDZQ,2021-01-05,Organic,2022-01-05,Premium,Annual,2021-12-15,Switched to competitor,22.99,252.89,87,1,Ananya,India,Rajasthan,Female,1964-08-14,,,,
8206-XLFPD,2022-09-15,Referral,2023-09-15,Basic,Annual,,,7.99,319.6,81,0,Sakshi,India,Delhi,Female,1998-10-17,2025-10-19,N,70.0,2.0
4445-ZECMV,2019-07-22,Paid,2020-07-22,Standard,Annual,,,14.99,1169.22,10,0,Mohan,India,Tamil Nadu,Male,1991-06-06,,,,
2551-YQXKJ,2019-04-19,Referral,2020-04-19,Standard,Monthly,,,15.99,1295.19,52,0,Arjun,India,Rajasthan,Male,2004-10-25,,,,
4204-QIKTT,2021-05-16,Organic,2022-05-16,Standard,Monthly,2021-11-21,Switched to competitor,13.99,83.94,84,1,Ananya,India,Madhya Pradesh,Male,1970-05-14,2021-07-01,Y,50.0,1.0
5729-DIKIM,2023-02-05,Organic,2024-02-05,Premium,Annual,,,22.99,804.65,47,0,Meera,India,Tamil Nadu,Female,1994-09-22,,,,
8141-SQEGE,2021-07-08,Organic,2022-07-08,Premium,Annual,2023-12-25,Switched to competitor,22.99,689.7,95,1,Mohan,India,Haryana,Female,1978-04-03,,,,
3820-DWCBY,2021-09-22,Referral,2022-09-22,Premium,Annual,,,22.99,1195.48,86,0,Nikhil,India,Kerala,Male,2005-11-27,2025-03-24,Y,30.0,2.0
7436-CKICH,2021-04-19,Paid,2022-04-19,Basic,Monthly,2023-04-02,Too expensive,6.99,160.77,22,1,Tanvi,India,Punjab,Female,1982-03-08,,,,
5711-OGPJP,2021-01-20,Organic,2022-01-20,Basic,Annual,,,8.99,539.4,14,0,Riya,India,Tamil Nadu,Male,1979-05-19,2022-07-18,N,60.0,1.0
5057-PHQYA,2019-03-05,Referral,2020-03-05,Basic,Annual,,,6.99,580.17,71,0,Ananya,India,Bihar,Male,1992-08-18,2020-07-24,N,100.0,1.0
2880-VJPXF,2022-05-17,Referral,2023-05-17,Standard,Annual,,,15.99,703.56,13,0,Mohan,India,Maharashtra,Female,1975-01-29,2023-04-16,N,80.0,1.0
0572-EMAGD,2021-06-20,Organic,2022-06-20,Standard,Annual,2023-08-11,Forgot to cancel trial,14.99,389.74,85,1,Ishaan,India,Odisha,Female,1972-08-22,2023-04-15,Y,10.0,2.0
2971-CMTZH,2021-06-27,Organic,2022-06-27,Basic,Annual,2022-05-18,Poor streaming quality,6.99,69.9,78,1,Vishal,India,West Bengal,Female,1977-08-09,,,,
3293-HYGOQ,2021-06-12,Paid,2022-06-12,Premium,Monthly,,,22.99,1264.45,40,0,Riya,India,Punjab,Male,1992-05-27,2025-10-16,N,70.0,1.0
9038-KPAOT,2021-07-26,Referral,2022-07-26,Premium,Annual,,,22.99,1218.47,25,0,Sakshi,India,Telangana,Female,1969-06-18,,,,
6897-SGQAF,2019-12-02,Referral,2020-12-02,Standard,Monthly,,,13.99,1035.26,12,0,Neha,India,Gujarat,Female,1972-07-28,2022-11-08,N,100.0,1.0
2627-PKVET,2020-01-20,Organic,2021-01-20,Premium,Annual,,,22.99,1655.28,60,0,Ishaan,India,West Bengal,Male,1991-05-06,2025-08-17,N,60.0,1.0
3420-EZPAT,2023-04-01,Paid,2024-04-01,Basic,Monthly,,,6.99,230.67,17,0,Varun,India,Gujarat,Female,1978-02-04,,,,
0135-OODWH,2022-03-27,Paid,2023-03-27,Basic,Annual,,,7.99,359.55,14,0,Sneha,India,Delhi,Female,1995-01-09,,,,
3443-ABRMK,2023-11-21,Referral,2024-11-21,Basic,Annual,,,6.99,174.75,31,0,Shreya,India,Gujarat,Male,1964-01-26,,,,
5393-MSUEI,2024-12-08,Organic,2025-12-08,Standard,Annual,,,14.99,179.88,72,0,Arjun,India,Bihar,Male,1995-03-25,2025-11-29,N,100.0,1.0
1351-UDLXQ,2024-05-23,Organic,2025-05-23,Standard,Monthly,2025-07-04,Poor streaming quality,13.99,181.87,62,1,Rahul,India,Rajasthan,Male,1966-08-06,,,,
2076-MITQK,2022-10-12,Organic,2023-10-12,Standard,Monthly,2023-11-13,Not enough content,15.99,207.87,83,1,Mohan,India,Rajasthan,Male,1975-12-13,,,,
5180-ZPQGK,2023-03-20,Paid,2024-03-20,Standard,Annual,,,14.99,494.67,9,0,Aditya,India,Uttar Pradesh,Male,1970-01-01,,,,
2047-JTHGU,2024-08-21,Paid,2025-08-21,Basic,Annual,2024-11-13,Poor streaming quality,6.99,13.98,54,1,Shreya,India,Madhya Pradesh,Male,2001-07-12,,,,
0534-XWLAH,2019-03-23,Organic,2020-03-23,Basic,Monthly,2021-07-20,Switched to competitor,7.99,223.72,2,1,Priya,India,Maharashtra,Female,1973-10-27,,,,
6290-FTAKQ,2022-06-02,Organic,2023-06-02,Premium,Annual,2023-04-05,Too expensive,22.99,229.9,87,1,Varun,India,Delhi,Female,1974-12-01,2023-02-08,N,60.0,2.0
8740-MNGGI,2023-02-27,Paid,2024-02-27,Premium,Monthly,,,23.99,815.66,14,0,Ishaan,India,Delhi,Female,1970-02-03,,,,
1055-SFWVQ,2020-01-02,Paid,2021-01-02,Standard,Annual,,,13.99,1021.27,34,0,Karan,India,Kerala,Male,1979-06-22,,,,
7604-GSOAC,2021-03-03,Organic,2022-03-03,Standard,Annual,2023-03-24,Too expensive,14.99,374.75,65,1,Nikhil,India,Karnataka,Female,1984-01-07,,,,
2859-ERZRB,2019-07-15,Referral,2020-07-15,Standard,Monthly,,,13.99,1091.22,36,0,Karan,India,Tamil Nadu,Male,1994-06-11,,,,
4852-RUAYE,2022-12-28,Referral,2023-12-28,Premium,Monthly,,,22.99,827.64,36,0,Tanvi,India,Bihar,Male,1992-01-01,,,,
2450-MUGHD,2022-08-06,Organic,2023-08-06,Basic,Monthly,,,6.99,286.59,32,0,Aarav,India,Telangana,Male,1965-09-20,,,,
9419-WTWKX,2020-03-13,Organic,2021-03-13,Premium,Monthly,,,23.99,1679.3,7,0,Ananya,India,Haryana,Male,1965-04-25,,,,
6828-RYNID,2020-06-03,Paid,2021-06-03,Basic,Annual,,,8.99,602.33,33,0,Arjun,India,Maharashtra,Female,1998-12-04,,,,
7934-FPPAU,2019-06-21,Paid,2020-06-21,Premium,Annual,,,23.99,1895.21,31,0,Rohan,India,West Bengal,Female,1976-03-17,2022-08-28,N,100.0,1.0
3569-XBIJV,2023-03-24,Organic,2024-03-24,Standard,Monthly,,,14.99,494.67,42,0,Neha,India,Haryana,Male,1984-11-17,2024-01-06,N,60.0,1.0
0934-IFJTS,2020-06-11,Organic,2021-06-11,Premium,Annual,2022-06-21,Forgot to cancel trial,23.99,575.76,49,1,Vishal,India,Uttar Pradesh,Female,1985-09-28,2021-09-02,N,70.0,2.0
3391-RGGXB,2024-02-08,Paid,2025-02-08,Basic,Annual,,,7.99,183.77,61,0,Pooja,India,Madhya Pradesh,Male,1967-04-06,2025-05-12,N,70.0,1.0
1237-OMVVR,2022-05-10,Organic,2023-05-10,Premium,Monthly,2023-05-14,Forgot to cancel trial,22.99,275.88,82,1,Aditya,India,West Bengal,Female,1962-05-28,2022-11-07,Y,50.0,1.0
1361-ZFFHW,2021-05-02,Organic,2022-05-02,Basic,Annual,,,6.99,391.44,73,0,Nikhil,India,Punjab,Male,1994-03-19,,,,
9973-GZVAB,2021-07-03,Paid,2022-07-03,Standard,Annual,,,13.99,755.46,33,0,Aarav,India,Telangana,Male,1975-02-21,,,,
6111-AWLQO,2020-03-01,Organic,2021-03-01,Premium,Monthly,,,24.99,1774.29,43,0,Nikhil,India,Tamil Nadu,Female,1987-02-18,2025-12-07,Y,40.0,1.0
9216-UQUOM,2021-06-01,Organic,2022-06-01,Basic,Annual,,,7.99,439.45,17,0,Mohan,India,West Bengal,Female,1970-05-06,,,,
1054-LJZFC,2022-07-26,Referral,2023-07-26,Premium,Annual,,,22.99,942.59,70,0,Vishal,India,Uttar Pradesh,Female,1977-10-08,2023-06-22,N,100.0,1.0
3214-HQYJZ,2023-10-10,Referral,2024-10-10,Basic,Annual,2025-07-24,Not enough content,8.99,188.79,44,1,Akash,India,Bihar,Male,2000-01-27,2024-02-17,N,70.0,1.0
1601-KMALM,2021-11-03,Referral,2022-11-03,Basic,Monthly,,,6.99,349.5,7,0,Aarav,India,West Bengal,Female,1981-03-13,,,,
4848-MHSUH,2024-12-19,Organic,2025-12-19,Standard,Monthly,,,13.99,167.88,57,0,Tanvi,India,Bihar,Male,1983-12-21,2025-10-07,N,70.0,1.0
3463-LOSSE,2021-02-25,Paid,2022-02-25,Standard,Annual,2022-04-09,Switched to competitor,15.99,207.87,79,1,Meera,India,Haryana,Female,1961-05-23,,,,
3755-YYOGR,2022-02-21,Referral,2023-02-21,Basic,Annual,2022-08-21,Too expensive,8.99,53.94,88,1,Tanvi,India,Punjab,Female,1971-06-03,,,,
5239-PLSCQ,2024-09-12,Organic,2025-09-12,Premium,Annual,,,22.99,344.85,7,0,Rohan,India,West Bengal,Female,1988-12-17,2025-04-14,N,70.0,1.0
2433-MAFGC,2022-06-11,Paid,2023-06-11,Premium,Monthly,,,22.99,988.57,39,0,Aditya,India,West Bengal,Male,1976-04-07,,,,
4875-NYTIQ,2023-06-25,Organic,2024-06-25,Standard,Monthly,2025-07-24,Too expensive,15.99,399.75,57,1,Shreya,India,Haryana,Female,1987-02-21,,,,
5402-PVQMX,2023-12-24,Referral,2024-12-24,Standard,Annual,2024-07-31,Switched to competitor,14.99,104.93,69,1,Meera,India,Odisha,Male,1990-10-03,,,,
4156-BQLEX,2023-01-10,Referral,2024-01-10,Standard,Annual,,,15.99,575.64,37,0,Ishaan,India,Gujarat,Female,1967-07-15,2023-11-10,N,60.0,1.0
1100-USUWF,2022-06-20,Organic,2023-06-20,Standard,Monthly,2023-01-02,Switched to competitor,13.99,83.94,93,1,Arjun,India,Karnataka,Female,1978-10-21,2022-11-12,Y,20.0,2.0
9625-LCCUT,2023-11-05,Paid,2024-11-05,Basic,Monthly,,,7.99,207.74,46,0,Tanvi,India,Odisha,Male,1978-02-05,,,,
8630-HSCOD,2024-10-18,Organic,2025-10-18,Basic,Annual,,,6.99,97.86,82,0,Aarav,India,Rajasthan,Female,1990-01-28,2025-05-10,Y,20.0,1.0
3506-TEMIG,2022-05-28,Organic,2023-05-28,Basic,Annual,,,7.99,343.57,60,0,Karan,India,Tamil Nadu,Female,2004-03-03,,,,
4720-PRTGL,2024-10-10,Paid,2025-10-10,Standard,Annual,2026-04-13,Not enough content,13.99,251.82,65,1,Varun,India,Uttar Pradesh,Male,1968-09-26,,,,
3307-CQCXV,2019-06-28,Paid,2020-06-28,Standard,Monthly,2021-09-19,Not enough content,13.99,377.73,68,1,Rohan,India,Maharashtra,Female,1977-04-14,2019-09-09,Y,50.0,1.0
8569-MNOQV,2023-06-19,Referral,2024-06-19,Standard,Monthly,,,13.99,419.7,22,0,Aarav,India,West Bengal,Female,1976-08-08,,,,
7909-OTSZJ,2019-07-16,Organic,2020-07-16,Basic,Monthly,2021-04-17,Poor streaming quality,8.99,188.79,85,1,Riya,India,Haryana,Female,1969-02-18,2019-08-10,N,90.0,1.0
0467-WSKPK,2020-06-12,Paid,2021-06-12,Premium,Monthly,2022-05-27,Poor streaming quality,22.99,528.77,53,1,Aditya,India,Punjab,Male,1977-08-04,,,,
4008-BJEKS,2024-07-23,Referral,2025-07-23,Basic,Monthly,,,6.99,118.83,48,0,Neha,India,Telangana,Male,1976-07-22,,,,
8592-SOFUH,2021-11-15,Referral,2022-11-15,Basic,Annual,2022-05-31,Poor streaming quality,6.99,41.94,64,1,Rohan,India,Karnataka,Female,1980-04-15,,,,
3646-RRVHX,2022-08-11,Referral,2023-08-11,Basic,Monthly,,,6.99,286.59,58,0,Riya,India,Karnataka,Female,1998-02-22,2024-10-30,N,90.0,1.0
4634-DFJOW,2024-07-03,Organic,2025-07-03,Standard,Annual,2026-07-30,Forgot to cancel trial,15.99,399.75,74,1,Sneha,India,Kerala,Male,1980-04-12,2025-11-08,Y,10.0,1.0
8844-JTTOT,2024-10-11,Referral,2025-10-11,Standard,Monthly,,,13.99,195.86,85,0,Sneha,India,Kerala,Male,1985-07-16,2025-09-14,N,90.0,2.0
5557-XPEAP,2023-06-12,Referral,2024-06-12,Premium,Annual,,,22.99,712.69,28,0,Rohan,India,Karnataka,Male,1990-11-24,,,,
2417-HRVFM,2021-02-07,Organic,2022-02-07,Premium,Monthly,,,22.99,1356.41,25,0,Ishaan,India,Delhi,Male,1986-06-09,,,,
4511-HNFXX,2021-08-21,Organic,2022-08-21,Standard,Annual,,,14.99,794.47,37,0,Priya,India,Delhi,Male,1970-09-16,,,,
5746-OYBFY,2022-06-24,Paid,2023-06-24,Premium,Monthly,2022-10-04,Not enough content,22.99,68.97,87,1,Karan,India,Karnataka,Female,1969-12-23,,,,
4800-PPBXD,2022-02-05,Referral,2023-02-05,Basic,Annual,2023-08-17,Not enough content,6.99,125.82,4,1,Akash,India,Bihar,Female,1974-05-11,,,,
7197-BRPBH,2022-05-28,Paid,2023-05-28,Basic,Annual,2022-12-24,Switched to competitor,6.99,48.93,81,1,Pooja,India,West Bengal,Female,1988-05-18,,,,
9828-YBDVJ,2022-01-11,Paid,2023-01-11,Basic,Annual,,,7.99,383.52,74,0,Aditi,India,Odisha,Female,1970-10-14,2024-02-23,Y,10.0,2.0
7520-PZGZN,2020-09-10,Referral,2021-09-10,Premium,Monthly,,,22.99,1471.36,48,0,Rahul,India,Telangana,Male,1968-02-06,,,,
6942-WDQVO,2024-01-28,Referral,2025-01-28,Basic,Annual,,,6.99,160.77,33,0,Diya,India,Gujarat,Female,1961-11-24,,,,
4161-ADBPS,2023-08-21,Paid,2024-08-21,Basic,Annual,,,6.99,195.72,73,0,Riya,India,Karnataka,Male,1990-05-04,,,,
3283-ALSIA,2021-04-23,Paid,2022-04-23,Premium,Annual,,,22.99,1310.43,33,0,Aditya,India,West Bengal,Female,1964-11-21,,,,
2282-XUGVR,2024-10-06,Referral,2025-10-06,Standard,Monthly,,,14.99,224.85,4,0,Ananya,India,Gujarat,Female,1962-02-15,2025-12-02,N,90.0,2.0
6216-MYESL,2019-08-16,Organic,2020-08-16,Premium,Monthly,2021-10-02,Not enough content,23.99,599.75,89,1,Vishal,India,Uttar Pradesh,Female,2000-09-06,2020-04-22,Y,20.0,2.0
4270-UNPOI,2020-07-03,Paid,2021-07-03,Basic,Annual,2022-12-04,Not enough content,6.99,202.71,58,1,Nikhil,India,Rajasthan,Male,1984-02-23,,,,
7506-XGGVU,2023-02-17,Organic,2024-02-17,Basic,Monthly,,,6.99,237.66,53,0,Vishal,India,Tamil Nadu,Female,1961-06-19,,,,
0053-AXDGB,2024-05-11,Organic,2025-05-11,Standard,Monthly,,,13.99,265.81,31,0,Ananya,India,Telangana,Male,2004-11-23,,,,
3166-BCVMD,2020-06-13,Referral,2021-06-13,Premium,Annual,,,22.99,1540.33,28,0,Rahul,India,Telangana,Male,1980-06-06,,,,
5293-XOVGW,2020-06-16,Organic,2021-06-16,Standard,Monthly,,,14.99,1004.33,27,0,Sneha,India,Uttar Pradesh,Female,1979-03-05,,,,
9889-FMTNL,2024-06-24,Organic,2025-06-24,Standard,Annual,,,14.99,269.82,13,0,Pooja,India,Tamil Nadu,Female,1993-03-28,,,,
5113-OGFJO,2022-05-06,Referral,2023-05-06,Premium,Monthly,2024-08-01,Not enough content,22.99,620.73,66,1,Aarav,India,Telangana,Male,1969-11-03,,,,
0798-RABZS,2021-09-05,Organic,2022-09-05,Standard,Monthly,,,13.99,727.48,51,0,Shreya,India,Maharashtra,Male,1992-07-12,2024-03-07,Y,30.0,1.0
7664-RKITZ,2022-02-28,Organic,2023-02-28,Premium,Annual,,,22.99,1057.54,64,0,Neha,India,Odisha,Female,1969-05-29,,,,
1764-AIBCW,2021-01-03,Organic,2022-01-03,Premium,Monthly,,,22.99,1379.4,53,0,Priya,India,Maharashtra,Female,1960-02-10,2025-05-20,N,70.0,1.0
0510-VRZDG,2019-06-03,Paid,2020-06-03,Standard,Annual,2019-12-22,Poor streaming quality,13.99,83.94,77,1,Varun,India,Telangana,Male,1984-03-19,,,,
1622-SOVHF,2022-07-03,Referral,2023-07-03,Standard,Annual,,,13.99,587.58,99,0,Diya,India,Uttar Pradesh,Female,1974-03-27,2023-05-17,Y,40.0,1.0
8229-SKPGZ,2020-02-26,Paid,2021-02-26,Basic,Monthly,,,8.99,638.29,55,0,Meera,India,Haryana,Female,1976-08-07,,,,
2612-VMMLW,2019-04-09,Organic,2020-04-09,Premium,Annual,2021-07-02,Poor streaming quality,24.99,674.73,73,1,Pooja,India,Odisha,Female,1962-06-21,,,,
5601-XEPJU,2023-11-01,Organic,2024-11-01,Basic,Monthly,,,8.99,233.74,77,0,Sneha,India,Delhi,Male,1987-03-27,2024-07-20,N,90.0,1.0
4210-UMWLF,2020-12-27,Referral,2021-12-27,Premium,Annual,,,22.99,1402.39,16,0,Neha,India,Bihar,Male,1992-08-22,,,,
2650-GNDKU,2020-01-28,Organic,2021-01-28,Premium,Annual,2021-01-22,Poor streaming quality,22.99,275.88,94,1,Vishal,India,Maharashtra,Male,1988-09-02,,,,
1711-OMRAS,2019-08-19,Paid,2020-08-19,Standard,Monthly,2019-11-12,Not enough content,13.99,27.98,95,1,Ananya,India,Delhi,Female,1988-08-04,2019-10-22,N,70.0,1.0
7671-DDXAU,2020-12-22,Organic,2021-12-22,Basic,Monthly,2021-05-07,Forgot to cancel trial,6.99,27.96,80,1,Ishaan,India,Gujarat,Female,2001-05-30,2021-03-05,Y,40.0,2.0
8688-AIPIF,2022-08-05,Organic,2023-08-05,Standard,Annual,2022-09-13,Switched to competitor,13.99,13.99,81,1,Riya,India,Rajasthan,Male,1964-11-29,2022-08-23,N,100.0,1.0
0889-LALXQ,2024-03-07,Organic,2025-03-07,Basic,Annual,,,6.99,153.78,38,0,Varun,India,West Bengal,Female,1967-12-25,,,,
8753-OALDK,2022-09-06,Paid,2023-09-06,Basic,Annual,,,7.99,319.6,64,0,Rahul,India,Madhya Pradesh,Male,1980-04-28,2025-10-11,N,60.0,1.0
0004-GPLOP,2020-06-13,Paid,2021-06-13,Standard,Monthly,,,13.99,937.33,20,0,Aditya,India,Tamil Nadu,Male,1969-05-24,,,,
9463-IFUJF,2022-06-03,Organic,2023-06-03,Premium,Monthly,2023-02-25,Too expensive,24.99,199.92,70,1,Priya,India,Delhi,Female,2000-03-25,2023-02-25,Y,50.0,1.0
8109-UONZW,2021-06-08,Referral,2022-06-08,Basic,Annual,,,8.99,494.45,88,0,Aarav,India,Uttar Pradesh,Female,2002-06-14,2023-04-07,Y,10.0,1.0
2149-WUDWM,2023-11-13,Referral,2024-11-13,Standard,Monthly,2025-09-05,Forgot to cancel trial,13.99,307.78,61,1,Sakshi,India,Uttar Pradesh,Female,2005-06-26,,,,
9341-RTDAQ,2023-02-19,Paid,2024-02-19,Standard,Annual,,,14.99,509.66,74,0,Pooja,India,West Bengal,Male,1969-05-31,,,,
7685-INTLW,2021-09-10,Paid,2022-09-10,Premium,Annual,,,24.99,1299.48,17,0,Ishaan,India,Gujarat,Female,1992-05-21,,,,
5028-EUBUQ,2020-09-05,Organic,2021-09-05,Premium,Monthly,,,22.99,1471.36,7,0,Rahul,India,Odisha,Female,1980-03-05,,,,
6677-JMIEY,2020-08-12,Paid,2021-08-12,Standard,Annual,2020-11-29,Not enough content,13.99,41.97,87,1,Vishal,India,Delhi,Female,1970-12-02,2020-10-24,N,70.0,2.0
9168-MCCJU,2019-04-18,Referral,2020-04-18,Premium,Monthly,2021-09-19,Poor streaming quality,23.99,695.71,11,1,Karan,India,Odisha,Male,1994-04-16,,,,
8173-KHDDN,2022-12-16,Paid,2023-12-16,Premium,Monthly,,,22.99,850.63,27,0,Vishal,India,Uttar Pradesh,Male,1970-08-20,,,,
3542-JOWOR,2023-01-24,Organic,2024-01-24,Premium,Monthly,2024-03-12,Forgot to cancel trial,22.99,298.87,92,1,Sneha,India,Maharashtra,Female,2000-09-02,2024-02-27,Y,40.0,1.0
9803-YKRSE,2022-06-07,Referral,2023-06-07,Basic,Monthly,2024-08-31,Poor streaming quality,6.99,188.73,77,1,Mohan,India,Tamil Nadu,Male,1979-06-23,2023-03-22,N,60.0,1.0
3197-ZGSXB,2021-07-17,Paid,2022-07-17,Premium,Annual,,,22.99,1241.46,81,0,Vishal,India,Delhi,Male,2004-11-14,2025-07-19,N,80.0,3.0
8308-KTSJH,2020-03-17,Referral,2021-03-17,Premium,Monthly,,,22.99,1609.3,8,0,Aarav,India,Odisha,Male,1968-03-02,,,,
2269-XHUDL,2020-02-21,Referral,2021-02-21,Standard,Annual,,,14.99,1064.29,12,0,Mohan,India,Delhi,Male,1960-02-05,,,,
7633-NKJLO,2020-06-01,Paid,2021-06-01,Standard,Monthly,2021-02-28,Not enough content,13.99,125.91,87,1,Aarav,India,Punjab,Female,1997-02-08,2020-10-25,Y,10.0,1.0
9975-JCAZO,2023-04-06,Organic,2024-04-06,Premium,Annual,,,22.99,758.67,68,0,Meera,India,Telangana,Female,1994-05-23,,,,
9229-GQQFJ,2019-12-20,Organic,2020-12-20,Basic,Annual,,,6.99,510.27,47,0,Diya,India,Gujarat,Female,1977-01-05,,,,
4479-UYYNI,2021-05-16,Paid,2022-05-16,Premium,Monthly,,,23.99,1343.44,83,0,Arjun,India,Madhya Pradesh,Female,1964-12-08,2024-12-10,Y,10.0,3.0
7549-UNEAI,2019-08-21,Referral,2020-08-21,Basic,Monthly,,,8.99,692.23,8,0,Tanvi,India,Gujarat,Female,1969-08-22,,,,
9697-MVKCM,2020-08-25,Referral,2021-08-25,Standard,Annual,,,13.99,909.35,24,0,Sakshi,India,Kerala,Female,1995-03-03,2024-08-28,N,60.0,1.0
3492-DOVHH,2022-09-13,Paid,2023-09-13,Premium,Monthly,,,24.99,999.6,51,0,Rohan,India,West Bengal,Male,1966-05-07,2025-02-09,Y,30.0,2.0
7861-BIAER,2021-09-02,Organic,2022-09-02,Standard,Monthly,,,13.99,727.48,26,0,Sakshi,India,Haryana,Female,1974-10-14,,,,
0330-HNVFQ,2023-10-06,Paid,2024-10-06,Premium,Monthly,,,22.99,620.73,37,0,Varun,India,Punjab,Female,1989-04-30,,,,
8141-GFDPA,2019-02-08,Paid,2020-02-08,Standard,Annual,,,13.99,1161.17,73,0,Riya,India,Karnataka,Female,1989-04-15,2025-01-20,N,70.0,1.0
0707-LJWRX,2020-04-18,Organic,2021-04-18,Premium,Annual,,,24.99,1724.31,85,0,Mohan,India,Tamil Nadu,Female,1996-10-19,2021-07-27,Y,60.0,1.0
5666-LAZSW,2020-03-11,Referral,2021-03-11,Premium,Monthly,,,22.99,1609.3,67,0,Vishal,India,Haryana,Male,2002-07-23,2022-02-08,N,80.0,1.0
3999-VNPEA,2020-07-11,Referral,2021-07-11,Standard,Annual,,,13.99,923.34,6,0,Rahul,India,Kerala,Female,1964-08-06,,,,
8180-LYNSF,2024-06-12,Paid,2025-06-12,Standard,Annual,2025-04-02,Not enough content,13.99,125.91,97,1,Sneha,India,Telangana,Female,2000-01-29,,,,
3700-QPUNH,2020-02-12,Paid,2021-02-12,Basic,Monthly,,,7.99,567.29,8,0,Kavya,India,Rajasthan,Female,1964-01-06,,,,
1493-LCEEG,2024-05-05,Organic,2025-05-05,Standard,Annual,2025-04-20,Poor streaming quality,15.99,175.89,62,1,Shreya,India,Kerala,Male,1969-07-06,,,,
1171-OUCRC,2020-08-09,Paid,2021-08-09,Premium,Annual,,,22.99,1494.35,33,0,Akash,India,West Bengal,Female,1990-09-06,2023-03-16,N,60.0,1.0
8869-ZUDND,2023-09-24,Paid,2024-09-24,Premium,Monthly,,,24.99,674.73,91,0,Nikhil,India,Rajasthan,Male,1971-05-07,2025-08-13,N,60.0,1.0
5017-XPHWH,2022-07-18,Referral,2023-07-18,Basic,Monthly,2022-12-08,Forgot to cancel trial,6.99,27.96,60,1,Diya,India,Tamil Nadu,Female,1974-07-13,,,,
1530-ZUHSZ,2019-01-01,Organic,2020-01-01,Standard,Annual,2020-01-03,Switched to competitor,13.99,167.88,79,1,Shreya,India,Haryana,Female,1982-08-08,,,,
3982-CYNYP,2023-09-14,Referral,2024-09-14,Premium,Annual,2025-10-09,Too expensive,22.99,574.75,91,1,Mohan,India,Odisha,Female,1970-01-12,2025-05-29,Y,60.0,1.0
4962-VWDTP,2023-09-17,Organic,2024-09-17,Premium,Monthly,,,24.99,674.73,52,0,Varun,India,Bihar,Female,2004-10-07,2024-07-11,Y,10.0,2.0
3779-ZUWEJ,2019-03-20,Paid,2020-03-20,Basic,Annual,2020-06-15,Switched to competitor,6.99,104.85,12,1,Rahul,India,Bihar,Female,1998-02-23,,,,
5532-BSEZS,2020-12-02,Referral,2021-12-02,Premium,Annual,2021-02-14,Switched to competitor,22.99,45.98,52,1,Riya,India,Gujarat,Female,1978-10-28,2021-01-28,N,70.0,2.0
7960-BXZNL,2023-09-08,Organic,2024-09-08,Basic,Annual,,,8.99,251.72,94,0,Neha,India,Kerala,Male,1982-03-03,,,,
5097-WJQUF,2023-05-07,Referral,2024-05-07,Basic,Annual,2024-12-25,Forgot to cancel trial,7.99,151.81,78,1,Sakshi,India,Maharashtra,Female,1993-06-05,,,,
4845-GGXVT,2019-06-21,Referral,2020-06-21,Standard,Monthly,,,13.99,1105.21,36,0,Riya,India,West Bengal,Male,1999-04-15,,,,
5883-SYGBW,2024-07-15,Referral,2025-07-15,Basic,Annual,,,6.99,118.83,45,0,Tanvi,India,Bihar,Male,1999-01-03,,,,
3684-EXCUU,2023-06-17,Organic,2024-06-17,Premium,Annual,,,22.99,689.7,13,0,Diya,India,Delhi,Male,1972-12-19,,,,
5991-KOXKB,2021-08-10,Referral,2022-08-10,Standard,Monthly,2022-07-29,Switched to competitor,13.99,153.89,77,1,Karan,India,Delhi,Male,1970-06-06,2022-06-19,Y,10.0,2.0
5195-JKMRM,2019-12-27,Paid,2020-12-27,Basic,Annual,2021-07-28,Not enough content,6.99,132.81,88,1,Rohan,India,Delhi,Male,1967-02-02,2020-05-08,N,100.0,1.0
9874-ZSJSS,2023-10-18,Referral,2024-10-18,Basic,Annual,2025-03-08,Not enough content,6.99,111.84,93,1,Shreya,India,Rajasthan,Female,1967-09-08,2024-07-04,N,80.0,1.0
6864-TJAFW,2020-11-26,Referral,2021-11-26,Standard,Annual,2022-05-24,Forgot to cancel trial,13.99,251.82,76,1,Meera,India,West Bengal,Male,1966-02-02,2021-04-09,Y,40.0,1.0
4455-TGCJQ,2024-07-24,Paid,2025-07-24,Standard,Monthly,2025-07-13,Switched to competitor,15.99,175.89,89,1,Shreya,India,Rajasthan,Male,1984-02-01,2025-01-15,Y,40.0,2.0
4394-WHCVN,2020-04-14,Referral,2021-04-14,Standard,Annual,,,14.99,1034.31,14,0,Sneha,India,Punjab,Male,1997-10-30,,,,
5469-KNOLD,2022-09-10,Referral,2023-09-10,Premium,Annual,,,22.99,919.6,71,0,Neha,India,Madhya Pradesh,Male,1993-07-06,,,,
6377-VNTYH,2019-07-04,Referral,2020-07-04,Basic,Monthly,2021-08-04,Too expensive,6.99,174.75,66,1,Mohan,India,Kerala,Female,1978-05-09,,,,
5197-LZAUE,2022-06-27,Paid,2023-06-27,Standard,Monthly,2022-12-29,Switched to competitor,13.99,83.94,80,1,Aarav,India,Delhi,Male,1979-06-18,2022-07-17,Y,40.0,1.0
3918-EYIMG,2023-12-27,Paid,2024-12-27,Standard,Monthly,2025-06-03,Poor streaming quality,13.99,237.83,82,1,Ananya,India,Kerala,Female,1998-02-17,,,,
4629-QXYRF,2022-06-06,Paid,2023-06-06,Standard,Annual,,,14.99,644.57,14,0,Neha,India,Maharashtra,Male,1993-10-16,,,,
5260-LKFIA,2021-02-07,Organic,2022-02-07,Basic,Annual,2022-10-29,Too expensive,6.99,139.8,91,1,Diya,India,Bihar,Female,1961-04-22,,,,
0960-MMBPZ,2020-06-03,Paid,2021-06-03,Basic,Annual,,,6.99,468.33,41,0,Vishal,India,Punjab,Male,1966-04-12,,,,
6847-NTVFI,2023-12-23,Paid,2024-12-23,Basic,Monthly,,,6.99,167.76,3,0,Aarav,India,Madhya Pradesh,Male,2000-11-04,,,,
3194-YFECM,2023-02-16,Organic,2024-02-16,Basic,Annual,2023-06-12,Too expensive,6.99,20.97,93,1,Mohan,India,Tamil Nadu,Female,1999-06-10,,,,
8991-IUNZB,2024-07-11,Organic,2025-07-11,Basic,Monthly,,,6.99,118.83,75,0,Priya,India,Kerala,Male,1970-05-04,2025-08-07,Y,30.0,2.0
2291-GRSYD,2022-02-14,Organic,2023-02-14,Standard,Monthly,,,15.99,751.53,73,0,Rohan,India,Kerala,Female,1999-02-11,,,,
0401-NGBLI,2020-09-19,Organic,2021-09-19,Premium,Monthly,,,23.99,1535.36,63,0,Aarav,India,Uttar Pradesh,Female,1993-05-06,2023-06-11,Y,30.0,1.0
0330-NWKCP,2023-12-04,Organic,2024-12-04,Basic,Annual,2024-08-26,Not enough content,6.99,55.92,56,1,Pooja,India,Odisha,Female,1984-07-14,,,,
7222-PRLRO,2020-04-24,Referral,2021-04-24,Basic,Monthly,,,6.99,482.31,33,0,Akash,India,West Bengal,Male,1983-01-21,,,,
0377-QQJCA,2020-03-01,Referral,2021-03-01,Basic,Annual,2022-01-01,Switched to competitor,6.99,153.78,70,1,Ishaan,India,Telangana,Female,2002-04-07,,,,
8568-ESGOL,2019-04-26,Referral,2020-04-26,Premium,Monthly,2020-10-13,Too expensive,22.99,390.83,54,1,Aarav,India,Uttar Pradesh,Female,1981-05-28,,,,
8781-XJNMW,2019-06-14,Referral,2020-06-14,Basic,Annual,,,7.99,631.21,15,0,Pooja,India,Uttar Pradesh,Female,1981-03-22,,,,
2266-CGRTB,2023-05-12,Paid,2024-05-12,Standard,Monthly,,,15.99,511.68,1,0,Meera,India,Madhya Pradesh,Male,1992-04-26,2024-01-02,N,70.0,1.0
5296-UYWOU,2022-09-22,Paid,2023-09-22,Standard,Monthly,,,13.99,545.61,87,0,Varun,India,Bihar,Male,1993-12-03,,,,
9879-QADRM,2022-11-04,Paid,2023-11-04,Premium,Annual,,,22.99,873.62,19,0,Meera,India,Bihar,Male,1968-01-13,,,,
4335-IHVWF,2019-01-12,Referral,2020-01-12,Premium,Monthly,,,23.99,2015.16,19,0,Aditya,India,Rajasthan,Male,1988-12-06,,,,
2470-EWNIQ,2020-12-19,Paid,2021-12-19,Basic,Monthly,,,6.99,426.39,30,0,Nikhil,India,Haryana,Female,1986-03-29,,,,
6990-PGGFL,2023-12-05,Paid,2024-12-05,Basic,Annual,,,7.99,199.75,72,0,Mohan,India,Telangana,Male,1967-12-08,,,,
4056-BEERX,2024-04-15,Referral,2025-04-15,Premium,Monthly,,,23.99,479.8,88,0,Neha,India,Tamil Nadu,Female,1996-03-04,2024-07-23,N,80.0,1.0
9060-CEWMY,2020-01-02,Organic,2021-01-02,Basic,Monthly,,,6.99,510.27,19,0,Karan,India,Kerala,Female,1963-08-11,,,,
2819-INKJY,2024-01-28,Organic,2025-01-28,Basic,Monthly,,,8.99,206.77,85,0,Varun,India,Karnataka,Female,1982-03-14,2025-09-12,Y,60.0,2.0
5034-CTGXS,2019-12-23,Paid,2020-12-23,Standard,Annual,,,13.99,1021.27,88,0,Varun,India,Telangana,Male,1997-04-04,2023-09-19,N,80.0,2.0
6260-XAPHH,2024-07-13,Referral,2025-07-13,Premium,Annual,,,22.99,390.83,9,0,Nikhil,India,Bihar,Female,2000-05-23,,,,
0704-DTYXX,2021-07-08,Organic,2022-07-08,Standard,Monthly,2023-05-19,Poor streaming quality,14.99,329.78,56,1,Aditi,India,Telangana,Male,1982-11-26,,,,
6809-YNNUU,2020-11-24,Referral,2021-11-24,Basic,Monthly,,,6.99,433.38,29,0,Sakshi,India,Madhya Pradesh,Male,1992-08-04,2025-11-24,N,80.0,1.0
0105-CIZHO,2024-01-08,Referral,2025-01-08,Standard,Monthly,,,14.99,359.76,25,0,Diya,India,Delhi,Male,1969-10-28,,,,
1458-UXDJE,2024-12-21,Referral,2025-12-21,Premium,Monthly,,,22.99,275.88,54,0,Sneha,India,Rajasthan,Female,1970-06-14,2025-08-26,N,100.0,1.0
1803-VGFNC,2020-08-03,Referral,2021-08-03,Basic,Annual,,,6.99,454.35,16,0,Aditi,India,Gujarat,Male,1999-10-05,,,,
6367-MDJXJ,2022-06-13,Referral,2023-06-13,Standard,Monthly,2023-10-05,Forgot to cancel trial,15.99,239.85,92,1,Sneha,India,Haryana,Male,1968-06-07,2023-01-22,Y,60.0,1.0
3090-QFVZJ,2023-02-26,Referral,2024-02-26,Standard,Annual,2024-06-16,Too expensive,13.99,209.85,87,1,Aditi,India,Rajasthan,Female,1996-10-12,2023-10-15,N,100.0,2.0
6623-OOREA,2022-07-25,Paid,2023-07-25,Premium,Annual,,,23.99,983.59,8,0,Aditi,India,Telangana,Female,1961-04-10,,,,
1259-DUPAO,2024-07-21,Referral,2025-07-21,Standard,Annual,,,15.99,271.83,55,0,Aditya,India,West Bengal,Male,1962-02-09,2025-10-07,Y,10.0,1.0
4701-XCYST,2024-11-28,Organic,2025-11-28,Basic,Monthly,,,6.99,90.87,91,0,Pooja,India,Maharashtra,Female,1996-05-04,,,,
8689-MSYTC,2023-08-18,Paid,2024-08-18,Standard,Annual,,,13.99,391.72,54,0,Karan,India,Maharashtra,Female,1992-04-08,,,,
0487-CZHLW,2024-05-25,Referral,2025-05-25,Premium,Annual,,,23.99,455.81,21,0,Tanvi,India,Uttar Pradesh,Male,1999-06-14,,,,
8505-RUQQZ,2020-05-06,Paid,2021-05-06,Basic,Annual,,,6.99,475.32,64,0,Akash,India,Karnataka,Male,1986-02-17,2023-03-02,N,60.0,1.0
3642-DTACP,2021-10-01,Organic,2022-10-01,Premium,Annual,2022-04-26,Too expensive,22.99,137.94,78,1,Karan,India,Madhya Pradesh,Male,1966-08-18,,,,
9857-UJLXT,2022-09-19,Referral,2023-09-19,Basic,Monthly,,,6.99,272.61,26,0,Vishal,India,Odisha,Male,1978-07-27,,,,
6782-EKVIK,2023-02-18,Referral,2024-02-18,Premium,Annual,,,22.99,781.66,12,0,Rahul,India,Maharashtra,Male,1975-08-16,,,,
9617-MAFVO,2021-05-12,Paid,2022-05-12,Standard,Monthly,,,15.99,895.44,39,0,Aditi,India,Kerala,Female,1989-10-09,,,,
9985-ODUBC,2019-04-07,Paid,2020-04-07,Standard,Annual,,,13.99,1147.18,6,0,Sneha,India,Tamil Nadu,Female,1969-09-18,,,,
4338-QCFET,2023-06-20,Paid,2024-06-20,Premium,Annual,,,22.99,689.7,58,0,Akash,India,Uttar Pradesh,Male,1961-10-21,,,,
4988-MDEKD,2021-08-25,Paid,2022-08-25,Premium,Annual,,,22.99,1195.48,44,0,Pooja,India,Odisha,Male,1967-09-07,,,,
4925-GDLFH,2023-09-20,Paid,2024-09-20,Standard,Monthly,2025-02-10,Not enough content,15.99,255.84,88,1,Varun,India,Kerala,Male,1964-01-20,2024-10-07,Y,60.0,3.0
2506-XJHXM,2022-12-25,Referral,2023-12-25,Basic,Monthly,,,6.99,251.64,42,0,Neha,India,Kerala,Male,1985-11-27,,,,
8461-UUEVS,2023-12-22,Paid,2024-12-22,Basic,Monthly,,,7.99,191.76,26,0,Neha,India,Gujarat,Male,1975-05-05,,,,
3781-ERLMJ,2022-08-26,Organic,2023-08-26,Basic,Annual,,,7.99,319.6,2,0,Sakshi,India,Delhi,Female,1971-08-04,,,,
1196-RCGZS,2023-02-17,Paid,2024-02-17,Basic,Annual,2024-09-26,Too expensive,7.99,151.81,63,1,Varun,India,Uttar Pradesh,Female,1967-09-29,,,,
0699-YFGDO,2023-12-25,Organic,2024-12-25,Premium,Monthly,2025-11-27,Poor streaming quality,24.99,574.77,72,1,Rohan,India,Gujarat,Male,1991-07-26,,,,
2167-VHQPT,2023-10-11,Paid,2024-10-11,Basic,Annual,,,7.99,215.73,20,0,Sakshi,India,Kerala,Female,1969-09-13,,,,
4895-BJWHS,2021-05-14,Paid,2022-05-14,Premium,Monthly,2022-07-30,Forgot to cancel trial,23.99,335.86,90,1,Akash,India,Bihar,Male,1963-03-22,2022-03-21,Y,40.0,3.0
6861-WJHYD,2024-01-02,Paid,2025-01-02,Standard,Annual,,,13.99,335.76,22,0,Ishaan,India,Punjab,Male,1987-11-02,,,,
8511-EDLMO,2019-09-19,Referral,2020-09-19,Standard,Annual,2021-07-25,Not enough content,14.99,329.78,98,1,Ananya,India,Maharashtra,Male,1962-04-09,2020-01-11,Y,60.0,1.0
9532-KTJSS,2023-11-08,Referral,2024-11-08,Standard,Monthly,2025-09-30,Too expensive,13.99,321.77,78,1,Shreya,India,Gujarat,Male,1971-09-25,,,,
9686-NRQTE,2024-10-26,Paid,2025-10-26,Basic,Annual,2026-04-04,Switched to competitor,6.99,118.83,82,1,Neha,India,Uttar Pradesh,Female,2003-09-15,2025-07-16,N,60.0,1.0
2662-ARDFN,2022-08-05,Paid,2023-08-05,Basic,Annual,,,6.99,286.59,74,0,Mohan,India,Delhi,Female,1970-03-16,2023-01-23,N,90.0,1.0
6855-DLJGZ,2022-08-23,Paid,2023-08-23,Basic,Monthly,,,6.99,279.6,8,0,Mohan,India,Punjab,Female,1974-12-10,,,,
8559-DSEIT,2021-01-25,Paid,2022-01-25,Basic,Monthly,2021-08-31,Poor streaming quality,6.99,48.93,94,1,Sneha,India,Rajasthan,Male,1995-04-29,2021-04-04,Y,20.0,2.0
2700-SBUVA,2019-03-20,Referral,2020-03-20,Premium,Monthly,,,23.99,1967.18,33,0,Akash,India,Karnataka,Female,2005-12-02,,,,
7559-BSRVR,2019-09-16,Referral,2020-09-16,Premium,Monthly,,,24.99,1899.24,42,0,Mohan,India,Odisha,Male,1981-01-02,,,,
7521-EHQXF,2021-03-28,Organic,2022-03-28,Premium,Annual,,,22.99,1310.43,31,0,Vishal,India,Madhya Pradesh,Female,1994-08-20,,,,
6516-MRNST,2019-11-27,Organic,2020-11-27,Standard,Monthly,,,13.99,1035.26,76,0,Shreya,India,Punjab,Male,2005-02-03,2024-01-15,Y,60.0,1.0
6039-CDXDW,2019-01-14,Organic,2020-01-14,Basic,Monthly,,,8.99,755.16,72,0,Neha,India,Madhya Pradesh,Female,1978-01-19,2025-05-19,N,100.0,1.0
3096-SWEEZ,2023-01-15,Referral,2024-01-15,Basic,Annual,2025-03-22,Switched to competitor,7.99,207.74,77,1,Aditya,India,Delhi,Female,1970-10-19,2023-09-19,N,60.0,1.0
8484-ZRXPO,2019-05-02,Organic,2020-05-02,Standard,Monthly,2020-10-06,Poor streaming quality,14.99,254.83,50,1,Aditya,India,Tamil Nadu,Female,1980-07-06,,,,
7881-QJTXY,2019-04-06,Paid,2020-04-06,Basic,Annual,,,6.99,573.18,25,0,Vishal,India,Telangana,Male,1982-02-08,,,,
6603-BENZS,2020-07-21,Referral,2021-07-21,Premium,Annual,,,22.99,1517.34,76,0,Rohan,India,Maharashtra,Female,1993-10-27,,,,
7483-UJRVZ,2024-06-17,Organic,2025-06-17,Basic,Annual,,,6.99,125.82,13,0,Kavya,India,Madhya Pradesh,Female,1986-04-20,,,,
2853-VDGLH,2020-11-13,Referral,2021-11-13,Standard,Monthly,,,13.99,867.38,34,0,Sakshi,India,Odisha,Female,1969-04-10,,,,
9804-QIDUC,2024-10-20,Organic,2025-10-20,Standard,Monthly,,,13.99,195.86,2,0,Sakshi,India,Gujarat,Female,1965-01-31,,,,
8991-ACVWT,2022-03-24,Organic,2023-03-24,Basic,Monthly,2022-06-28,Too expensive,6.99,20.97,92,1,Rahul,India,Telangana,Male,1975-09-22,2022-06-20,N,90.0,3.0
9285-QRXHP,2024-09-07,Paid,2025-09-07,Standard,Annual,,,14.99,239.84,1,0,Sneha,India,Tamil Nadu,Female,1966-06-22,,,,
5102-JNJLU,2019-01-18,Referral,2020-01-18,Premium,Monthly,2021-01-03,Switched to competitor,23.99,551.77,17,1,Sakshi,India,Telangana,Male,1965-08-05,,,,
5765-JBBSO,2022-03-04,Paid,2023-03-04,Basic,Annual,,,6.99,321.54,3,0,Nikhil,India,Uttar Pradesh,Female,1994-10-15,,,,
1421-MTEDM,2024-06-17,Paid,2025-06-17,Standard,Monthly,2025-04-24,Not enough content,15.99,159.9,11,1,Varun,India,Haryana,Male,1975-03-06,2024-12-21,N,80.0,1.0
5770-NOYAQ,2023-07-22,Paid,2024-07-22,Standard,Monthly,,,15.99,463.71,72,0,Akash,India,Odisha,Male,1999-11-25,2024-06-25,Y,40.0,1.0
7122-YMXMK,2020-11-22,Paid,2021-11-22,Standard,Monthly,2023-01-01,Forgot to cancel trial,15.99,399.75,53,1,Rohan,India,Gujarat,Male,1962-12-24,,,,
5437-KNEGD,2023-04-27,Paid,2024-04-27,Standard,Annual,,,13.99,447.68,50,0,Sakshi,India,Kerala,Female,1971-01-22,2025-01-09,N,90.0,1.0
8295-RLXNC,2020-04-17,Paid,2021-04-17,Basic,Annual,2021-06-28,Forgot to cancel trial,6.99,97.86,77,1,Akash,India,Bihar,Female,2004-10-06,2021-04-25,Y,20.0,1.0
7261-ABSRP,2023-09-13,Organic,2024-09-13,Basic,Annual,,,6.99,195.72,46,0,Akash,India,Bihar,Male,1982-05-04,,,,
6738-WNFNJ,2022-04-04,Referral,2023-04-04,Standard,Annual,2022-07-27,Switched to competitor,15.99,47.97,51,1,Vishal,India,Odisha,Male,2003-11-06,2022-06-25,Y,30.0,1.0
2505-HXGCO,2022-07-14,Referral,2023-07-14,Premium,Monthly,2023-01-03,Switched to competitor,24.99,124.95,77,1,Varun,India,Odisha,Male,1984-07-22,2022-11-30,Y,60.0,2.0
7994-GCQZI,2022-04-24,Paid,2023-04-24,Standard,Monthly,2022-12-15,Not enough content,13.99,97.93,82,1,Sakshi,India,Haryana,Female,1976-02-27,2022-09-30,Y,60.0,1.0
7441-BTSSU,2023-08-02,Referral,2024-08-02,Premium,Monthly,,,22.99,666.71,41,0,Pooja,India,West Bengal,Male,2002-07-14,,,,
1085-QBCTJ,2021-05-20,Referral,2022-05-20,Premium,Monthly,,,22.99,1287.44,36,0,Diya,India,Telangana,Male,1973-08-25,,,,
5423-ULFJF,2019-08-12,Referral,2020-08-12,Premium,Annual,2020-01-27,Too expensive,22.99,114.95,71,1,Shreya,India,West Bengal,Male,1998-07-20,2019-11-19,N,80.0,1.0
9489-CAVMI,2022-05-03,Referral,2023-05-03,Premium,Annual,,,23.99,1055.56,20,0,Aarav,India,Odisha,Female,1968-06-02,,,,
7534-UDRHJ,2020-12-19,Referral,2021-12-19,Premium,Monthly,,,22.99,1402.39,16,0,Sneha,India,West Bengal,Male,1965-01-31,,,,
0110-YRQCO,2022-06-12,Organic,2023-06-12,Basic,Monthly,2024-02-19,Switched to competitor,7.99,159.8,53,1,Riya,India,Punjab,Male,2000-09-14,,,,
1796-ALQHN,2020-05-26,Organic,2021-05-26,Standard,Annual,2021-12-17,Not enough content,14.99,284.81,86,1,Nikhil,India,Delhi,Female,1988-06-29,2021-09-19,Y,40.0,2.0
6938-CVICH,2023-08-14,Referral,2024-08-14,Standard,Annual,,,13.99,405.71,44,0,Aditya,India,Bihar,Female,1960-11-23,,,,
9746-PKVRI,2023-07-05,Organic,2024-07-05,Standard,Monthly,2024-11-29,Too expensive,13.99,237.83,77,1,Varun,India,Karnataka,Male,1969-07-17,,,,
0138-ZEIRE,2023-08-17,Referral,2024-08-17,Premium,Annual,,,23.99,671.72,20,0,Sakshi,India,Karnataka,Male,2002-01-28,,,,
4054-CZROY,2023-02-20,Paid,2024-02-20,Basic,Annual,,,6.99,237.66,39,0,Varun,India,Bihar,Male,1964-05-19,,,,
2724-URWIS,2022-06-21,Organic,2023-06-21,Basic,Annual,,,6.99,293.58,66,0,Karan,India,Maharashtra,Female,1978-01-28,,,,
3829-OYBYS,2020-11-23,Organic,2021-11-23,Standard,Annual,,,13.99,867.38,2,0,Diya,India,Bihar,Male,1977-09-13,,,,
5704-OVMNK,2023-11-02,Referral,2024-11-02,Basic,Monthly,,,8.99,233.74,7,0,Vishal,India,Delhi,Male,1969-03-24,2025-08-04,N,100.0,1.0
0468-JOLGE,2020-06-15,Organic,2021-06-15,Basic,Monthly,,,7.99,535.33,38,0,Ananya,India,Telangana,Male,1984-02-08,,,,
9391-CEMBD,2023-03-25,Paid,2024-03-25,Premium,Monthly,,,23.99,791.67,43,0,Akash,India,Punjab,Female,1977-07-19,,,,
2609-SHFXM,2024-04-19,Referral,2025-04-19,Standard,Annual,2024-12-07,Too expensive,14.99,104.93,80,1,Priya,India,Kerala,Female,1964-12-31,2024-08-15,Y,10.0,3.0
9449-PRIDB,2019-05-18,Referral,2020-05-18,Standard,Annual,,,13.99,1119.2,64,0,Neha,India,Haryana,Female,1972-09-27,,,,
4934-ZODUI,2023-05-22,Paid,2024-05-22,Premium,Monthly,,,22.99,712.69,39,0,Aditya,India,Odisha,Male,1988-11-15,,,,
3890-COLBB,2020-08-04,Organic,2021-08-04,Premium,Monthly,,,22.99,1494.35,55,0,Rahul,India,Rajasthan,Male,1981-03-31,2022-01-06,Y,60.0,1.0
8012-JGFOQ,2019-10-12,Organic,2020-10-12,Standard,Annual,,,14.99,1124.25,55,0,Shreya,India,Telangana,Female,1983-10-15,2025-08-19,N,80.0,1.0
5477-KXOSR,2019-12-03,Paid,2020-12-03,Standard,Monthly,,,13.99,1035.26,84,0,Arjun,India,Punjab,Female,1997-03-14,,,,
7542-HZJRM,2021-11-17,Referral,2022-11-17,Basic,Annual,2023-09-18,Switched to competitor,6.99,153.78,84,1,Sakshi,India,Telangana,Male,1972-01-19,2023-04-26,N,70.0,1.0
5162-LUYTM,2019-09-20,Paid,2020-09-20,Standard,Monthly,,,15.99,1215.24,48,0,Aarav,India,Odisha,Female,1984-03-11,2021-11-20,N,60.0,1.0
0639-GBLFP,2021-03-27,Paid,2022-03-27,Basic,Monthly,2021-12-23,Poor streaming quality,6.99,62.91,79,1,Varun,India,Maharashtra,Female,1996-12-20,,,,
8765-RXNYR,2024-09-08,Referral,2025-09-08,Premium,Monthly,,,22.99,344.85,76,0,Rahul,India,Telangana,Male,1985-02-28,2025-12-27,N,70.0,1.0
1467-JDCNM,2023-09-02,Paid,2024-09-02,Premium,Monthly,2023-12-16,Forgot to cancel trial,22.99,68.97,65,1,Mohan,India,Telangana,Male,1962-11-18,,,,
0004-KDHQO,2020-02-16,Paid,2021-02-16,Standard,Annual,,,13.99,993.29,37,0,Neha,India,Karnataka,Male,1976-09-12,2022-03-30,N,100.0,1.0
3952-QFRGB,2019-04-18,Paid,2020-04-18,Basic,Monthly,,,8.99,728.19,88,0,Nikhil,India,Delhi,Male,1973-03-09,,,,
5602-FCWFS,2021-06-28,Referral,2022-06-28,Premium,Annual,,,23.99,1295.46,51,0,Akash,India,Rajasthan,Male,1993-09-11,2023-11-08,N,80.0,1.0
4665-EFZME,2023-10-26,Organic,2024-10-26,Standard,Annual,,,13.99,363.74,21,0,Arjun,India,Maharashtra,Male,1988-05-03,,,,
2547-MIIKQ,2022-06-15,Referral,2023-06-15,Basic,Annual,2024-09-15,Switched to competitor,7.99,215.73,44,1,Varun,India,Tamil Nadu,Female,1971-06-06,,,,
4975-FHPHJ,2021-11-20,Paid,2022-11-20,Standard,Monthly,2023-02-27,Poor streaming quality,14.99,224.85,54,1,Vishal,India,Odisha,Male,1980-09-22,2022-05-17,N,70.0,2.0
4104-GRWHS,2023-04-26,Paid,2024-04-26,Standard,Annual,2024-06-24,Not enough content,13.99,195.86,37,1,Ananya,India,Delhi,Female,1993-04-06,2023-05-15,N,100.0,2.0
1124-CBBJN,2020-05-16,Paid,2021-05-16,Premium,Monthly,2022-03-28,Poor streaming quality,22.99,505.78,89,1,Riya,India,Rajasthan,Female,1998-05-31,2021-08-09,Y,10.0,2.0
5142-MGHLS,2019-06-01,Organic,2020-06-01,Premium,Monthly,2020-12-05,Poor streaming quality,22.99,413.82,94,1,Aditya,India,Delhi,Female,2004-02-06,,,,
1555-FWYXQ,2024-01-28,Paid,2025-01-28,Premium,Annual,2025-10-07,Not enough content,22.99,459.8,76,1,Vishal,India,Karnataka,Female,1966-11-15,2025-08-31,Y,20.0,3.0
2615-KHDIR,2024-10-12,Referral,2025-10-12,Standard,Annual,,,14.99,209.86,37,0,Aditi,India,Rajasthan,Female,1980-05-12,,,,
4234-GAZUI,2019-03-06,Organic,2020-03-06,Basic,Monthly,,,6.99,580.17,49,0,Riya,India,Punjab,Male,1989-05-02,2024-04-30,N,70.0,1.0
3669-ZNYID,2021-08-09,Referral,2022-08-09,Standard,Monthly,,,13.99,741.47,24,0,Rohan,India,Haryana,Female,1967-07-13,2021-11-06,N,60.0,1.0
4971-FTRJC,2024-10-27,Referral,2025-10-27,Basic,Annual,,,6.99,97.86,54,0,Rahul,India,Odisha,Female,1990-08-17,,,,
8552-FYMXU,2019-06-02,Organic,2020-06-02,Standard,Monthly,,,13.99,1119.2,16,0,Aditya,India,Gujarat,Male,1995-01-31,,,,
4074-YPEWY,2023-05-02,Referral,2024-05-02,Basic,Monthly,,,6.99,223.68,28,0,Ananya,India,Haryana,Male,1981-05-25,,,,
7257-RTIPH,2021-11-24,Organic,2022-11-24,Basic,Monthly,2024-01-24,Forgot to cancel trial,8.99,233.74,63,1,Priya,India,Haryana,Male,1973-06-10,,,,
0209-WVOWY,2022-09-05,Paid,2023-09-05,Basic,Monthly,,,6.99,279.6,6,0,Pooja,India,Tamil Nadu,Male,1981-01-31,,,,
8063-VYWBI,2019-03-17,Referral,2020-03-17,Standard,Monthly,,,14.99,1229.18,53,0,Riya,India,Kerala,Male,1979-02-14,2023-07-18,Y,60.0,1.0
2853-CTXDA,2021-02-07,Organic,2022-02-07,Premium,Monthly,2022-12-04,Switched to competitor,22.99,505.78,72,1,Sneha,India,Odisha,Male,1983-03-08,,,,
0335-CKOKL,2020-03-05,Organic,2021-03-05,Standard,Annual,2021-06-25,Too expensive,13.99,209.85,69,1,Shreya,India,Kerala,Male,1990-09-20,,,,
8411-SKUDD,2023-04-11,Paid,2024-04-11,Premium,Monthly,2025-01-23,Switched to competitor,22.99,482.79,81,1,Aarav,India,Maharashtra,Male,1979-03-30,,,,
7027-AESSZ,2023-05-19,Paid,2024-05-19,Basic,Monthly,,,6.99,216.69,33,0,Shreya,India,Bihar,Male,1996-07-09,,,,
3126-UMOZT,2019-08-17,Paid,2020-08-17,Basic,Monthly,2020-03-07,Poor streaming quality,6.99,41.94,99,1,Sneha,India,Kerala,Female,2004-08-03,,,,
2971-KAEAJ,2024-11-14,Referral,2025-11-14,Premium,Monthly,,,22.99,298.87,44,0,Diya,India,Madhya Pradesh,Female,1998-06-23,2025-04-29,Y,10.0,1.0
7395-AOFWB,2019-09-11,Organic,2020-09-11,Premium,Monthly,,,22.99,1747.24,50,0,Rohan,India,West Bengal,Male,1984-10-26,,,,
8076-LIKFL,2019-05-02,Organic,2020-05-02,Premium,Annual,,,22.99,1862.19,4,0,Arjun,India,Delhi,Female,1970-12-09,2022-08-02,N,80.0,1.0
0504-CULUF,2024-08-01,Organic,2025-08-01,Standard,Monthly,,,13.99,237.83,40,0,Tanvi,India,Uttar Pradesh,Female,1960-03-23,,,,
7523-MOQGV,2020-11-09,Referral,2021-11-09,Basic,Annual,2022-12-20,Not enough content,7.99,199.75,88,1,Ishaan,India,West Bengal,Male,1990-08-19,2022-07-16,Y,10.0,2.0
2358-FJLBZ,2021-05-12,Organic,2022-05-12,Premium,Annual,,,24.99,1399.44,33,0,Priya,India,Odisha,Male,1965-05-17,,,,
7843-NTLYI,2024-10-28,Organic,2025-10-28,Standard,Annual,2026-05-02,Forgot to cancel trial,13.99,251.82,79,1,Riya,India,Delhi,Female,1968-08-07,,,,
0567-HMHJX,2021-02-06,Paid,2022-02-06,Basic,Annual,,,6.99,412.41,42,0,Pooja,India,Uttar Pradesh,Female,1997-09-19,,,,
3535-TWDEX,2020-10-27,Paid,2021-10-27,Basic,Monthly,,,7.99,503.37,31,0,Akash,India,Bihar,Male,1980-02-22,,,,
8703-JLENR,2021-08-10,Organic,2022-08-10,Standard,Annual,,,15.99,847.47,7,0,Nikhil,India,Madhya Pradesh,Female,1975-10-13,,,,
6230-OUGVG,2022-01-28,Paid,2023-01-28,Basic,Annual,2022-09-05,Switched to competitor,6.99,48.93,91,1,Vishal,India,Punjab,Male,1983-04-27,2022-05-23,Y,20.0,1.0
7535-YAWRE,2020-04-13,Paid,2021-04-13,Standard,Annual,,,13.99,965.31,24,0,Sakshi,India,Rajasthan,Female,1997-07-13,,,,
3171-NJJAD,2023-11-07,Paid,2024-11-07,Premium,Monthly,,,23.99,623.74,51,0,Sakshi,India,Haryana,Female,1965-06-28,2025-01-17,N,100.0,1.0
2214-MEHIN,2020-03-06,Referral,2021-03-06,Basic,Monthly,,,6.99,489.3,6,0,Tanvi,India,Delhi,Female,1983-12-12,,,,
4421-WOHHU,2020-11-05,Referral,2021-11-05,Premium,Annual,2022-11-29,Too expensive,23.99,599.75,72,1,Vishal,India,Maharashtra,Female,2004-09-01,2022-06-26,N,80.0,1.0
3486-SABGJ,2024-07-27,Referral,2025-07-27,Basic,Monthly,,,6.99,118.83,38,0,Priya,India,Maharashtra,Female,1993-02-06,,,,
2198-BGDTG,2020-06-25,Organic,2021-06-25,Basic,Monthly,2022-10-24,Switched to competitor,6.99,195.72,83,1,Akash,India,Telangana,Female,1960-02-04,2021-05-22,Y,20.0,1.0
6019-EQCFN,2020-01-15,Paid,2021-01-15,Basic,Annual,,,6.99,503.28,64,0,Meera,India,Punjab,Female,2001-06-24,,,,
5656-PJEIB,2022-01-14,Paid,2023-01-14,Standard,Monthly,2022-03-07,Not enough content,13.99,13.99,2,1,Rohan,India,Delhi,Male,1963-09-28,,,,
2506-NBAZV,2019-02-24,Organic,2020-02-24,Basic,Annual,2020-06-29,Forgot to cancel trial,7.99,127.84,52,1,Riya,India,Karnataka,Male,1995-10-15,2020-05-15,Y,40.0,1.0
4174-JTJND,2022-08-24,Organic,2023-08-24,Standard,Annual,,,15.99,639.6,48,0,Akash,India,Uttar Pradesh,Female,1989-07-29,,,,
9184-GHDBC,2019-11-02,Referral,2020-11-02,Standard,Monthly,,,13.99,1049.25,18,0,Kavya,India,Telangana,Male,1963-04-10,,,,
8241-MURDE,2023-09-25,Organic,2024-09-25,Standard,Monthly,2026-02-23,Forgot to cancel trial,13.99,405.71,95,1,Aditya,India,West Bengal,Male,1989-11-27,2024-01-13,Y,30.0,1.0
9586-BBVNE,2022-11-16,Paid,2023-11-16,Premium,Annual,,,22.99,873.62,57,0,Varun,India,Maharashtra,Male,1979-02-21,2024-02-12,N,100.0,2.0
9508-XXLWK,2021-04-26,Referral,2022-04-26,Premium,Monthly,,,22.99,1310.43,20,0,Kavya,India,Kerala,Female,1960-01-05,,,,
6951-DGQML,2024-09-27,Paid,2025-09-27,Basic,Annual,,,6.99,104.85,41,0,Neha,India,Haryana,Female,1991-05-24,,,,
5056-KDOKI,2022-09-23,Referral,2023-09-23,Standard,Monthly,,,15.99,623.61,41,0,Pooja,India,Madhya Pradesh,Male,1966-10-11,2023-11-05,N,80.0,1.0
5567-UPMTX,2021-09-11,Referral,2022-09-11,Standard,Annual,,,14.99,779.48,47,0,Rohan,India,Punjab,Female,1998-08-30,,,,
8122-DVWOB,2022-07-18,Paid,2023-07-18,Standard,Monthly,,,13.99,587.58,42,0,Akash,India,Punjab,Male,1986-01-27,2024-12-14,N,60.0,1.0
2008-UPVPJ,2019-09-17,Organic,2020-09-17,Standard,Monthly,2022-02-02,Poor streaming quality,13.99,391.72,73,1,Nikhil,India,Delhi,Male,2001-06-16,,,,
2959-FMJPG,2022-11-08,Organic,2023-11-08,Premium,Monthly,,,23.99,911.62,27,0,Neha,India,Odisha,Female,1961-03-24,2025-11-21,N,60.0,1.0
8503-OONRZ,2024-05-01,Organic,2025-05-01,Premium,Monthly,,,23.99,479.8,46,0,Aditi,India,Rajasthan,Female,1975-06-29,,,,
8613-PYLUU,2023-06-15,Referral,2024-06-15,Premium,Monthly,,,22.99,712.69,78,0,Neha,India,Tamil Nadu,Male,1982-03-03,,,,
3704-LZWEQ,2022-01-09,Paid,2023-01-09,Basic,Monthly,2023-12-02,Switched to competitor,7.99,183.77,98,1,Neha,India,Haryana,Female,2001-03-04,2022-08-25,Y,10.0,1.0
9224-SPPUJ,2022-12-09,Organic,2023-12-09,Basic,Monthly,2024-10-23,Too expensive,6.99,153.78,87,1,Shreya,India,Telangana,Female,1960-07-18,,,,
1523-UMWPU,2024-03-09,Organic,2025-03-09,Premium,Annual,,,24.99,549.78,32,0,Neha,India,Maharashtra,Female,2002-08-20,2024-03-30,N,70.0,1.0
4285-ZIUQK,2024-09-02,Referral,2025-09-02,Standard,Annual,2025-06-05,Not enough content,15.99,143.91,90,1,Neha,India,Bihar,Male,1987-08-26,2024-11-21,Y,60.0,1.0
5423-GWMNB,2020-03-10,Referral,2021-03-10,Standard,Annual,,,14.99,1049.3,17,0,Arjun,India,Maharashtra,Female,1981-02-22,,,,
9098-VNZDT,2020-01-15,Paid,2021-01-15,Standard,Monthly,2022-06-06,Switched to competitor,13.99,405.71,80,1,Ishaan,India,Kerala,Male,1976-03-20,2020-08-05,Y,30.0,1.0
0299-MAEUS,2023-08-01,Paid,2024-08-01,Premium,Annual,,,22.99,666.71,12,0,Priya,India,Rajasthan,Female,1980-12-14,,,,
0861-YNEXH,2019-10-20,Referral,2020-10-20,Premium,Monthly,,,23.99,1799.25,25,0,Pooja,India,Rajasthan,Male,1966-05-10,,,,
2601-UFVLH,2023-12-05,Organic,2024-12-05,Premium,Monthly,,,24.99,624.75,73,0,Meera,India,Punjab,Female,1997-05-15,,,,
0656-CUAHX,2023-05-14,Referral,2024-05-14,Standard,Annual,2024-10-15,Too expensive,15.99,271.83,65,1,Sneha,India,Kerala,Male,1998-03-02,,,,
8637-IZTAC,2021-12-15,Paid,2022-12-15,Premium,Monthly,,,22.99,1126.51,42,0,Aarav,India,Gujarat,Female,1989-03-06,,,,
7896-NDHGX,2019-11-06,Organic,2020-11-06,Basic,Monthly,2021-09-17,Too expensive,7.99,175.78,92,1,Neha,India,Telangana,Female,1999-02-05,2021-01-17,N,80.0,1.0
5523-LMPZS,2021-01-19,Paid,2022-01-19,Premium,Monthly,,,22.99,1379.4,37,0,Vishal,India,Telangana,Female,2005-12-21,,,,
6693-CXFQO,2021-05-01,Paid,2022-05-01,Premium,Annual,,,24.99,1399.44,23,0,Ananya,India,Haryana,Male,1977-03-08,2024-12-07,Y,20.0,2.0
7943-TLQTU,2022-08-13,Referral,2023-08-13,Basic,Annual,,,7.99,327.59,20,0,Ishaan,India,West Bengal,Male,1960-08-31,2024-05-15,N,80.0,1.0
8576-EGZBN,2024-04-02,Paid,2025-04-02,Standard,Annual,2026-07-15,Forgot to cancel trial,15.99,431.73,86,1,Shreya,India,Uttar Pradesh,Male,1983-06-18,,,,
3374-XKWJA,2023-09-08,Referral,2024-09-08,Premium,Annual,2025-12-11,Poor streaming quality,22.99,620.73,6,1,Priya,India,Punjab,Male,1977-04-10,,,,
8342-WNSHC,2019-04-28,Organic,2020-04-28,Standard,Annual,,,13.99,1133.19,64,0,Ananya,India,Rajasthan,Male,2003-05-03,,,,
7868-SJWIB,2022-04-17,Organic,2023-04-17,Premium,Annual,2022-08-02,Too expensive,22.99,68.97,71,1,Kavya,India,Madhya Pradesh,Male,1977-07-23,,,,
9140-BHOUS,2024-10-03,Organic,2025-10-03,Premium,Annual,2025-02-19,Poor streaming quality,22.99,91.96,86,1,Pooja,India,Tamil Nadu,Male,2002-08-20,2024-12-15,Y,20.0,1.0
9039-BOZNH,2023-11-22,Organic,2024-11-22,Basic,Monthly,,,6.99,174.75,64,0,Arjun,India,Tamil Nadu,Female,1965-04-02,,,,
9827-LBLRK,2023-03-20,Organic,2024-03-20,Basic,Monthly,2024-02-10,Not enough content,7.99,79.9,99,1,Arjun,India,Odisha,Female,1976-04-14,,,,
1820-XCECM,2019-11-27,Organic,2020-11-27,Standard,Annual,,,13.99,1035.26,32,0,Riya,India,West Bengal,Female,1962-10-16,,,,
4937-VCKUV,2023-11-12,Paid,2024-11-12,Basic,Monthly,,,7.99,207.74,66,0,Nikhil,India,Gujarat,Male,1988-06-18,,,,
6196-SVSUF,2024-05-12,Paid,2025-05-12,Basic,Annual,,,6.99,132.81,16,0,Shreya,India,Rajasthan,Female,1971-06-17,2025-11-13,N,60.0,1.0
1420-QVWGZ,2022-04-24,Referral,2023-04-24,Premium,Monthly,,,22.99,1011.56,1,0,Aditi,India,Madhya Pradesh,Male,1991-05-03,,,,
4355-HPLFA,2023-02-05,Paid,2024-02-05,Premium,Monthly,,,22.99,804.65,75,0,Sakshi,India,Maharashtra,Female,1986-10-31,2025-02-25,N,70.0,2.0
3760-CSLDR,2022-05-05,Paid,2023-05-05,Basic,Annual,2023-04-11,Switched to competitor,8.99,98.89,61,1,Sneha,India,Haryana,Female,2005-08-03,,,,
1065-DSBXV,2023-11-08,Organic,2024-11-08,Standard,Monthly,,,14.99,389.74,49,0,Rohan,India,Odisha,Female,1993-10-25,,,,
1763-KHDEU,2021-12-18,Referral,2022-12-18,Premium,Monthly,,,23.99,1175.51,17,0,Akash,India,Gujarat,Female,1975-06-09,2023-05-04,N,60.0,1.0
6450-YQOXZ,2023-12-16,Paid,2024-12-16,Standard,Annual,,,15.99,383.76,55,0,Mohan,India,Odisha,Male,1961-06-27,,,,
5036-OVDCR,2021-12-06,Paid,2022-12-06,Basic,Annual,2022-10-11,Poor streaming quality,6.99,69.9,81,1,Vishal,India,Karnataka,Female,1966-08-30,,,,
5452-UXSCS,2020-01-17,Paid,2021-01-17,Premium,Monthly,2022-03-27,Too expensive,22.99,597.74,74,1,Shreya,India,Gujarat,Female,1968-07-19,,,,
5911-DGIOQ,2023-11-25,Paid,2024-11-25,Premium,Monthly,2024-01-12,Not enough content,22.99,22.99,79,1,Sakshi,India,Delhi,Male,2003-03-03,2024-01-07,Y,30.0,3.0
3775-XFMVN,2024-09-08,Paid,2025-09-08,Standard,Annual,2026-10-01,Switched to competitor,15.99,399.75,62,1,Priya,India,Karnataka,Female,1978-08-17,2025-01-28,N,100.0,1.0
5033-FXYSX,2021-11-16,Referral,2022-11-16,Basic,Annual,2024-03-21,Switched to competitor,6.99,195.72,60,1,Varun,India,Tamil Nadu,Male,1999-09-17,,,,
2578-QXCXJ,2024-12-08,Paid,2025-12-08,Standard,Annual,,,13.99,167.88,42,0,Mohan,India,Delhi,Male,1972-09-07,,,,
2189-UXVNZ,2024-02-01,Paid,2025-02-01,Premium,Monthly,,,24.99,574.77,5,0,Arjun,India,Telangana,Male,1973-12-22,,,,
7473-VUFKN,2024-07-05,Referral,2025-07-05,Premium,Monthly,,,23.99,431.82,36,0,Karan,India,Kerala,Female,1965-02-16,,,,
6163-UJXUQ,2024-09-18,Paid,2025-09-18,Basic,Monthly,,,7.99,119.85,78,0,Sakshi,India,Bihar,Male,1993-04-28,2025-08-09,N,60.0,1.0
8083-DMYRR,2024-12-28,Organic,2025-12-28,Basic,Monthly,,,8.99,107.88,22,0,Akash,India,Haryana,Female,1964-06-15,,,,
3184-IZSAR,2024-05-16,Organic,2025-05-16,Basic,Annual,,,6.99,132.81,6,0,Rohan,India,Karnataka,Female,2000-04-13,,,,
4365-WPWEU,2022-10-16,Organic,2023-10-16,Premium,Annual,,,22.99,896.61,90,0,Riya,India,Rajasthan,Female,1993-11-09,2024-06-06,N,80.0,1.0
1748-YCWFY,2021-05-10,Paid,2022-05-10,Premium,Annual,2022-04-06,Too expensive,24.99,274.89,96,1,Mohan,India,Gujarat,Male,1969-03-28,2021-09-08,N,80.0,1.0
0892-VVMSK,2022-08-06,Referral,2023-08-06,Premium,Monthly,,,23.99,983.59,3,0,Ananya,India,Tamil Nadu,Female,2001-06-11,,,,
5773-MHIHV,2024-12-22,Organic,2025-12-22,Standard,Monthly,,,15.99,191.88,20,0,Tanvi,India,Maharashtra,Female,1969-09-23,,,,
6012-PJEBY,2021-02-01,Organic,2022-02-01,Basic,Annual,2022-01-04,Forgot to cancel trial,8.99,98.89,99,1,Rahul,India,Punjab,Female,1970-03-12,,,,
4831-PTBTB,2020-07-13,Referral,2021-07-13,Basic,Annual,,,7.99,527.34,47,0,Diya,India,Madhya Pradesh,Female,1995-06-15,2025-04-24,N,80.0,1.0
1478-UWTFL,2021-12-11,Referral,2022-12-11,Basic,Monthly,2023-03-24,Forgot to cancel trial,6.99,104.85,60,1,Meera,India,Kerala,Female,1960-10-05,,,,
2537-MBKCX,2024-03-13,Organic,2025-03-13,Premium,Monthly,2026-06-30,Switched to competitor,22.99,620.73,94,1,Arjun,India,Delhi,Female,1987-02-18,2026-05-18,N,100.0,1.0
7699-VROIS,2021-09-05,Paid,2022-09-05,Premium,Annual,,,22.99,1195.48,27,0,Meera,India,Bihar,Female,2003-11-19,,,,
9360-MVJFJ,2021-11-27,Referral,2022-11-27,Premium,Annual,,,22.99,1126.51,81,0,Mohan,India,Telangana,Female,1972-06-08,2023-08-28,Y,10.0,1.0
2096-FFIGH,2023-03-16,Organic,2024-03-16,Premium,Annual,,,23.99,815.66,97,0,Aarav,India,Tamil Nadu,Female,1988-02-12,2024-11-11,N,60.0,1.0
5253-GPDGB,2024-11-11,Paid,2025-11-11,Standard,Monthly,,,13.99,181.87,54,0,Akash,India,Tamil Nadu,Female,1990-12-12,,,,
6996-UJYDK,2020-11-12,Organic,2021-11-12,Premium,Monthly,,,24.99,1549.38,46,0,Arjun,India,Haryana,Female,1991-06-26,,,,
0397-LLNUR,2019-11-23,Organic,2020-11-23,Premium,Annual,2020-11-08,Switched to competitor,23.99,263.89,92,1,Shreya,India,Uttar Pradesh,Female,2003-05-17,2020-02-03,Y,40.0,1.0
6642-TLYRY,2019-05-25,Paid,2020-05-25,Premium,Monthly,2020-12-12,Forgot to cancel trial,22.99,413.82,94,1,Kavya,India,Karnataka,Female,1962-05-20,,,,
1229-YKIUL,2023-07-17,Organic,2024-07-17,Premium,Monthly,2023-11-13,Not enough content,24.99,74.97,89,1,Nikhil,India,Telangana,Male,1998-06-02,2023-09-09,Y,30.0,2.0
5721-NNOTA,2019-08-07,Organic,2020-08-07,Standard,Monthly,,,15.99,1231.23,36,0,Ananya,India,West Bengal,Male,2005-09-01,2024-12-18,N,80.0,1.0
1554-IIWOE,2021-06-19,Referral,2022-06-19,Basic,Monthly,,,6.99,384.45,43,0,Nikhil,India,Rajasthan,Male,1997-01-11,,,,
5487-NFVIN,2022-11-14,Paid,2023-11-14,Premium,Annual,,,23.99,911.62,27,0,Diya,India,Delhi,Female,1963-10-23,,,,
3139-DVWXY,2022-07-25,Paid,2023-07-25,Basic,Monthly,,,6.99,286.59,6,0,Tanvi,India,Karnataka,Male,2005-07-31,,,,
8971-QFBWG,2024-05-05,Paid,2025-05-05,Standard,Annual,,,13.99,279.8,86,0,Shreya,India,Haryana,Male,2002-10-02,2025-03-18,Y,40.0,1.0
3696-REZTE,2021-05-06,Referral,2022-05-06,Standard,Annual,,,13.99,783.44,45,0,Aditya,India,Odisha,Female,1975-06-26,2021-09-24,N,60.0,1.0
0627-JPLKQ,2021-04-14,Paid,2022-04-14,Premium,Annual,2021-05-16,Not enough content,22.99,22.99,72,1,Tanvi,India,Rajasthan,Male,1977-02-14,2021-05-06,N,90.0,1.0
6930-FEPWG,2021-01-25,Referral,2022-01-25,Premium,Annual,2021-05-28,Too expensive,22.99,91.96,79,1,Riya,India,West Bengal,Female,2005-12-25,,,,
8132-ZVOIJ,2020-06-25,Organic,2021-06-25,Basic,Monthly,,,7.99,535.33,68,0,Rahul,India,West Bengal,Female,1985-02-09,,,,
7565-XBGVP,2022-04-01,Paid,2023-04-01,Basic,Annual,,,6.99,314.55,54,0,Neha,India,Tamil Nadu,Female,1968-07-09,2025-05-02,N,60.0,1.0
8648-RYDIS,2022-12-21,Referral,2023-12-21,Standard,Annual,,,13.99,503.64,47,0,Shreya,India,West Bengal,Male,1981-05-04,,,,
0358-OFXMV,2020-07-27,Referral,2021-07-27,Premium,Annual,,,22.99,1517.34,9,0,Meera,India,Kerala,Female,1980-05-05,,,,
8990-WJIEM,2019-01-18,Organic,2020-01-18,Standard,Monthly,,,13.99,1175.16,57,0,Meera,India,Tamil Nadu,Male,1976-07-29,2022-07-24,N,80.0,1.0
1401-KXOEU,2020-09-26,Referral,2021-09-26,Premium,Annual,2022-08-18,Switched to competitor,22.99,528.77,72,1,Nikhil,India,Haryana,Male,1988-06-25,2021-07-13,N,70.0,1.0
0529-JDQPA,2022-10-28,Paid,2023-10-28,Basic,Annual,,,8.99,341.62,46,0,Arjun,India,Karnataka,Male,1985-06-27,,,,
0599-ZGWDR,2023-01-28,Referral,2024-01-28,Standard,Monthly,2023-07-01,Switched to competitor,13.99,69.95,82,1,Rohan,India,Delhi,Male,1989-04-12,2023-06-10,Y,60.0,1.0
5188-WZTGP,2021-09-21,Organic,2022-09-21,Standard,Monthly,2023-12-30,Poor streaming quality,14.99,404.73,96,1,Shreya,India,Tamil Nadu,Male,1997-10-28,,,,
6789-OAMWS,2024-04-18,Organic,2025-04-18,Basic,Annual,,,6.99,139.8,13,0,Vishal,India,West Bengal,Female,1987-09-29,,,,
2519-CYJIG,2023-09-11,Referral,2024-09-11,Premium,Monthly,,,22.99,643.72,21,0,Diya,India,Tamil Nadu,Female,1962-03-13,2024-10-18,Y,30.0,2.0
3954-OEWPU,2022-09-25,Referral,2023-09-25,Standard,Monthly,,,13.99,545.61,6,0,Diya,India,Punjab,Female,1961-11-06,,,,
0970-YIDLN,2020-06-20,Organic,2021-06-20,Premium,Monthly,2022-10-16,Switched to competitor,24.99,699.72,78,1,Akash,India,Telangana,Female,1971-10-02,2022-02-14,N,90.0,2.0
5401-JLHUH,2021-08-25,Paid,2022-08-25,Premium,Monthly,,,23.99,1247.48,15,0,Ishaan,India,Odisha,Male,1987-09-21,,,,
4576-FAZAN,2024-07-16,Referral,2025-07-16,Basic,Monthly,,,6.99,118.83,3,0,Shreya,India,Bihar,Female,1967-09-15,,,,
0482-WQUJT,2023-02-01,Referral,2024-02-01,Premium,Annual,,,22.99,804.65,56,0,Kavya,India,Tamil Nadu,Male,1976-06-16,,,,
6220-PMTNL,2024-08-22,Paid,2025-08-22,Standard,Annual,2025-08-13,Poor streaming quality,15.99,175.89,83,1,Mohan,India,Maharashtra,Female,2003-03-30,2025-02-08,N,60.0,2.0
0590-ZXTYQ,2024-02-05,Referral,2025-02-05,Basic,Monthly,,,8.99,206.77,58,0,Varun,India,Tamil Nadu,Male,1983-06-23,,,,
7035-AJNHN,2024-09-25,Paid,2025-09-25,Basic,Monthly,2026-01-18,Poor streaming quality,6.99,111.84,88,1,Ishaan,India,Haryana,Male,1983-05-23,2025-08-04,Y,40.0,1.0
3932-LRHFG,2020-03-11,Referral,2021-03-11,Premium,Monthly,,,22.99,1609.3,14,0,Meera,India,Uttar Pradesh,Female,1995-01-28,,,,
0395-LSFFR,2021-07-10,Paid,2022-07-10,Premium,Monthly,,,23.99,1295.46,43,0,Ishaan,India,West Bengal,Male,1967-02-10,2023-06-10,N,60.0,1.0
1245-WJQVA,2021-11-15,Organic,2022-11-15,Premium,Monthly,,,22.99,1149.5,31,0,Varun,India,Haryana,Male,1960-11-04,,,,
2137-UQXJG,2023-12-21,Referral,2024-12-21,Premium,Monthly,2025-08-10,Switched to competitor,22.99,436.81,18,1,Akash,India,Delhi,Male,1987-12-25,2024-07-11,Y,20.0,1.0
5138-RGYKT,2020-06-28,Paid,2021-06-28,Basic,Monthly,,,6.99,468.33,11,0,Pooja,India,Bihar,Male,2005-07-19,,,,
7958-SSDAW,2023-05-13,Organic,2024-05-13,Premium,Annual,,,22.99,735.68,15,0,Diya,India,Kerala,Female,1976-06-15,2023-11-04,N,90.0,1.0
5016-NDEQJ,2023-02-07,Paid,2024-02-07,Basic,Monthly,,,8.99,314.65,64,0,Rahul,India,Telangana,Female,1974-09-03,2023-06-06,N,80.0,1.0
1228-IANXJ,2021-10-12,Organic,2022-10-12,Premium,Monthly,,,24.99,1274.49,13,0,Pooja,India,Odisha,Female,2000-11-13,,,,
6090-JIWUH,2020-09-04,Referral,2021-09-04,Premium,Monthly,,,22.99,1471.36,26,0,Riya,India,Odisha,Male,1986-08-19,,,,
9553-OUFGW,2019-05-21,Paid,2020-05-21,Premium,Monthly,,,24.99,1999.2,21,0,Vishal,India,Telangana,Female,1961-06-19,2022-11-22,N,70.0,1.0
9646-RVZVK,2020-02-13,Referral,2021-02-13,Premium,Monthly,2022-06-09,Not enough content,22.99,643.72,69,1,Sakshi,India,Punjab,Female,2000-07-26,,,,
8052-MGCPL,2021-04-23,Referral,2022-04-23,Basic,Annual,,,7.99,455.43,10,0,Aditya,India,West Bengal,Male,1992-11-27,,,,
0600-LOPTZ,2020-12-11,Organic,2021-12-11,Premium,Annual,,,22.99,1402.39,55,0,Priya,India,Uttar Pradesh,Male,1980-09-10,2021-02-02,Y,40.0,1.0
1121-SCSBI,2021-09-20,Organic,2022-09-20,Basic,Monthly,,,6.99,363.48,83,0,Karan,India,West Bengal,Female,1977-09-19,,,,
8409-FDZPY,2023-03-23,Referral,2024-03-23,Premium,Annual,2023-08-14,Too expensive,22.99,91.96,88,1,Ananya,India,Punjab,Female,1992-04-01,,,,
1024-LAAZC,2021-11-03,Organic,2022-11-03,Standard,Monthly,2022-12-10,Switched to competitor,15.99,207.87,91,1,Ananya,India,Haryana,Female,1997-10-07,2022-08-05,Y,60.0,2.0
9404-MZBST,2022-02-02,Paid,2023-02-02,Standard,Monthly,2023-11-11,Not enough content,14.99,314.79,75,1,Ishaan,India,Delhi,Male,2003-02-10,,,,
4325-ZIBGM,2019-03-15,Paid,2020-03-15,Standard,Annual,,,13.99,1147.18,66,0,Kavya,India,Odisha,Female,1962-05-10,2024-04-25,Y,50.0,1.0
4134-ZCRZE,2020-02-25,Paid,2021-02-25,Standard,Monthly,,,15.99,1135.29,11,0,Tanvi,India,Telangana,Male,2002-01-02,,,,
8253-MUDCG,2022-09-06,Referral,2023-09-06,Basic,Monthly,,,8.99,359.6,40,0,Pooja,India,West Bengal,Female,1981-04-16,,,,
0053-NIHEQ,2024-06-16,Referral,2025-06-16,Basic,Monthly,,,6.99,125.82,57,0,Mohan,India,Delhi,Male,2002-08-07,,,,
7552-YCIGB,2022-12-15,Organic,2023-12-15,Basic,Monthly,,,8.99,332.63,75,0,Vishal,India,Uttar Pradesh,Female,1981-09-19,2024-07-13,N,100.0,1.0
8492-XGINJ,2024-01-01,Referral,2025-01-01,Premium,Monthly,,,22.99,551.76,13,0,Kavya,India,Madhya Pradesh,Female,1971-03-04,,,,
9730-INWVQ,2019-09-01,Paid,2020-09-01,Standard,Annual,2020-11-25,Too expensive,14.99,224.85,61,1,Vishal,India,Delhi,Male,1994-01-19,,,,
9774-RLOAS,2024-08-16,Paid,2025-08-16,Basic,Monthly,,,8.99,143.84,43,0,Arjun,India,West Bengal,Female,1985-11-26,,,,
1610-NCHWG,2021-01-10,Paid,2022-01-10,Premium,Annual,,,22.99,1379.4,28,0,Rohan,India,Kerala,Male,1960-09-05,,,,
2998-ITCRL,2021-04-12,Organic,2022-04-12,Standard,Monthly,2023-09-26,Too expensive,14.99,434.71,94,1,Arjun,India,Madhya Pradesh,Male,1999-05-19,2021-04-19,N,70.0,1.0
5159-YYGIX,2019-02-16,Organic,2020-02-16,Premium,Monthly,,,23.99,1991.17,20,0,Aarav,India,Madhya Pradesh,Female,1969-08-17,,,,
7871-AWUCZ,2020-01-24,Referral,2021-01-24,Basic,Annual,2020-07-15,Poor streaming quality,7.99,39.95,96,1,Pooja,India,Madhya Pradesh,Female,2002-05-26,,,,
5248-TLSQT,2023-03-08,Referral,2024-03-08,Basic,Monthly,,,8.99,305.66,19,0,Aarav,India,Odisha,Female,1970-08-22,2023-06-20,N,60.0,1.0
4157-WEWQD,2021-04-23,Paid,2022-04-23,Standard,Annual,,,15.99,911.43,22,0,Ishaan,India,Kerala,Male,2003-05-28,,,,
7820-RFJGJ,2023-05-07,Organic,2024-05-07,Standard,Monthly,2024-11-01,Not enough content,14.99,269.82,53,1,Pooja,India,Uttar Pradesh,Female,1970-06-30,,,,
2602-BWPMS,2020-05-11,Organic,2021-05-11,Premium,Annual,,,22.99,1563.32,51,0,Vishal,India,Rajasthan,Male,1991-01-28,2023-05-18,N,80.0,1.0
3646-TPXSU,2020-02-01,Paid,2021-02-01,Basic,Monthly,,,6.99,503.28,12,0,Karan,India,Uttar Pradesh,Female,1992-05-09,,,,
5024-AYUIC,2021-01-23,Organic,2022-01-23,Basic,Annual,2022-10-01,Too expensive,6.99,139.8,91,1,Ishaan,India,Delhi,Female,2003-02-19,,,,
2428-BCIYA,2022-09-17,Referral,2023-09-17,Premium,Annual,2023-09-13,Not enough content,22.99,275.88,91,1,Aarav,India,Karnataka,Female,1972-06-23,2023-07-08,Y,20.0,3.0
3528-BQXMC,2021-02-07,Paid,2022-02-07,Standard,Annual,,,13.99,825.41,43,0,Rahul,India,Bihar,Male,1988-08-28,,,,
5911-QQLJB,2019-04-04,Paid,2020-04-04,Premium,Monthly,,,22.99,1885.18,11,0,Karan,India,Uttar Pradesh,Female,2005-12-28,,,,
4767-EFHNC,2023-03-25,Referral,2024-03-25,Premium,Annual,,,22.99,758.67,22,0,Ananya,India,Maharashtra,Female,1976-08-05,2025-07-15,N,60.0,1.0
3748-SZCNB,2024-07-15,Paid,2025-07-15,Premium,Annual,2025-03-13,Forgot to cancel trial,23.99,191.92,78,1,Pooja,India,Madhya Pradesh,Male,2005-07-21,2025-01-01,N,90.0,1.0
5597-DTJUP,2019-06-17,Referral,2020-06-17,Basic,Annual,,,6.99,552.21,50,0,Rahul,India,Odisha,Male,1967-12-01,2020-05-04,N,80.0,1.0
7297-VBUIK,2019-11-27,Referral,2020-11-27,Premium,Annual,2020-08-21,Poor streaming quality,22.99,183.92,60,1,Sneha,India,Bihar,Female,1980-09-04,,,,
6933-ELVTJ,2023-10-12,Organic,2024-10-12,Premium,Monthly,,,24.99,674.73,54,0,Meera,India,Delhi,Female,1969-07-03,2024-03-11,Y,50.0,1.0
9827-EENKX,2019-01-11,Organic,2020-01-11,Standard,Monthly,,,13.99,1175.16,39,0,Ananya,India,Karnataka,Male,1986-11-08,,,,
1427-ISWZM,2019-01-25,Organic,2020-01-25,Basic,Monthly,2020-04-11,Poor streaming quality,6.99,97.86,85,1,Tanvi,India,Haryana,Female,1964-09-03,2019-08-09,Y,50.0,1.0
6001-KEFBI,2019-04-05,Paid,2020-04-05,Basic,Monthly,,,8.99,737.18,48,0,Nikhil,India,Punjab,Female,1979-05-07,,,,
1217-TDSSA,2020-03-25,Organic,2021-03-25,Standard,Annual,,,13.99,979.3,2,0,Priya,India,Tamil Nadu,Female,1981-09-15,2025-05-12,N,80.0,1.0
1907-XWDGX,2021-04-02,Referral,2022-04-02,Standard,Monthly,,,13.99,797.43,47,0,Vishal,India,Haryana,Male,1962-07-17,2021-04-13,N,100.0,1.0
6272-XUVRG,2022-10-12,Organic,2023-10-12,Premium,Monthly,,,24.99,974.61,10,0,Varun,India,Tamil Nadu,Male,1988-06-27,,,,
0935-VYSFH,2021-05-03,Referral,2022-05-03,Premium,Monthly,,,24.99,1399.44,28,0,Aarav,India,Karnataka,Male,1972-02-14,,,,
1655-IZJDA,2020-04-12,Referral,2021-04-12,Basic,Monthly,2022-07-31,Forgot to cancel trial,6.99,195.72,74,1,Riya,India,Maharashtra,Female,1996-09-29,,,,
1029-SAVST,2024-12-14,Paid,2025-12-14,Standard,Monthly,,,13.99,167.88,51,0,Meera,India,Maharashtra,Female,1981-05-24,2025-09-07,N,80.0,2.0
6043-JONSR,2019-11-20,Paid,2020-11-20,Standard,Monthly,2021-05-11,Not enough content,13.99,237.83,56,1,Tanvi,India,Odisha,Male,1989-08-16,2020-11-05,Y,60.0,1.0
8089-RUSKU,2020-06-15,Organic,2021-06-15,Basic,Annual,,,7.99,535.33,16,0,Shreya,India,Delhi,Male,1991-02-14,,,,
2228-OOAOO,2021-06-14,Referral,2022-06-14,Basic,Monthly,2022-09-30,Switched to competitor,8.99,134.85,97,1,Rohan,India,Uttar Pradesh,Male,1996-12-08,2022-05-27,N,90.0,1.0
4605-VYQFS,2022-10-02,Organic,2023-10-02,Premium,Annual,,,22.99,896.61,20,0,Vishal,India,Bihar,Female,1960-06-22,,,,
7360-UBYSN,2024-06-13,Organic,2025-06-13,Standard,Annual,2024-08-28,Too expensive,13.99,27.98,94,1,Nikhil,India,Rajasthan,Female,1969-08-11,2024-06-16,N,80.0,1.0
9966-LMERI,2023-01-07,Organic,2024-01-07,Basic,Monthly,2023-08-23,Poor streaming quality,6.99,48.93,76,1,Tanvi,India,Punjab,Female,2003-09-07,,,,
4932-NELDM,2019-06-11,Organic,2020-06-11,Standard,Annual,2019-11-13,Not enough content,14.99,74.95,67,1,Kavya,India,Punjab,Female,1977-12-01,,,,
6084-MNNBD,2022-08-12,Organic,2023-08-12,Premium,Annual,2025-01-10,Too expensive,22.99,666.71,81,1,Diya,India,Rajasthan,Male,1989-01-02,2024-09-26,N,70.0,2.0
0158-DQQHK,2024-02-14,Referral,2025-02-14,Basic,Monthly,,,6.99,153.78,62,0,Neha,India,Odisha,Male,1976-09-16,,,,
6486-KUYCG,2022-06-28,Paid,2023-06-28,Standard,Annual,2023-06-01,Switched to competitor,15.99,175.89,98,1,Sakshi,India,Kerala,Female,1967-03-14,2023-03-29,N,100.0,1.0
7718-PDFEP,2022-02-16,Referral,2023-02-16,Basic,Annual,2023-05-26,Too expensive,6.99,104.85,85,1,Aditya,India,Rajasthan,Male,1989-04-12,,,,
7724-LIALS,2019-01-25,Referral,2020-01-25,Premium,Annual,,,22.99,1931.16,73,0,Tanvi,India,Tamil Nadu,Male,1961-03-07,2019-05-26,N,60.0,1.0
7821-UKRJQ,2022-06-25,Organic,2023-06-25,Premium,Monthly,,,22.99,965.58,34,0,Sneha,India,Maharashtra,Male,1987-11-27,,,,
8717-TTKHI,2021-09-28,Referral,2022-09-28,Standard,Annual,,,13.99,713.49,91,0,Karan,India,Haryana,Female,1974-04-16,2023-04-20,N,80.0,1.0
7844-PGIKO,2019-03-09,Paid,2020-03-09,Premium,Monthly,,,22.99,1885.18,38,0,Riya,India,Maharashtra,Female,1967-02-13,,,,
5919-EZYGJ,2021-11-13,Paid,2022-11-13,Premium,Monthly,2022-10-02,Forgot to cancel trial,22.99,229.9,70,1,Vishal,India,Uttar Pradesh,Male,1986-11-07,,,,
8116-RBYZY,2022-10-13,Referral,2023-10-13,Basic,Monthly,,,7.99,311.61,61,0,Arjun,India,Kerala,Female,1966-05-09,,,,
4146-GPOPE,2024-11-11,Organic,2025-11-11,Basic,Monthly,,,8.99,116.87,25,0,Nikhil,India,Tamil Nadu,Female,1961-02-05,,,,
0770-TFBTS,2023-06-20,Organic,2024-06-20,Standard,Annual,,,15.99,479.7,66,0,Meera,India,Gujarat,Male,1992-06-22,2025-08-26,N,60.0,1.0
1671-TAYLA,2023-01-15,Referral,2024-01-15,Standard,Monthly,2023-05-20,Not enough content,15.99,63.96,96,1,Vishal,India,West Bengal,Male,1978-09-11,2023-03-21,Y,20.0,1.0
0015-KWNDX,2023-10-07,Paid,2024-10-07,Standard,Monthly,2023-11-30,Forgot to cancel trial,14.99,14.99,81,1,Mohan,India,Haryana,Female,1961-02-12,2023-11-23,Y,10.0,1.0
0063-WGHQM,2021-11-09,Referral,2022-11-09,Standard,Monthly,,,13.99,699.5,44,0,Aarav,India,Madhya Pradesh,Female,1984-02-15,,,,
6036-ZIEFK,2021-01-15,Paid,2022-01-15,Basic,Monthly,,,6.99,419.4,28,0,Shreya,India,Odisha,Male,1985-08-24,,,,
7764-RHOVB,2023-12-14,Paid,2024-12-14,Standard,Monthly,,,13.99,335.76,70,0,Riya,India,Odisha,Female,2004-06-11,,,,
2790-IWTFZ,2023-06-02,Paid,2024-06-02,Premium,Monthly,2024-08-02,Too expensive,22.99,321.86,69,1,Karan,India,Tamil Nadu,Male,1987-10-12,,,,
6177-BJQVP,2021-07-01,Paid,2022-07-01,Standard,Monthly,,,14.99,809.46,62,0,Akash,India,West Bengal,Female,1993-02-22,2024-08-28,N,70.0,1.0
8736-OBJLC,2021-06-19,Organic,2022-06-19,Basic,Annual,,,6.99,384.45,22,0,Meera,India,Bihar,Female,1963-06-26,,,,
8637-GFTDD,2024-12-18,Organic,2025-12-18,Standard,Annual,2027-05-15,Switched to competitor,13.99,405.71,87,1,Sakshi,India,Haryana,Male,1995-11-04,2026-02-07,N,90.0,3.0
7403-QIOAL,2022-02-14,Referral,2023-02-14,Premium,Annual,2024-03-05,Switched to competitor,22.99,574.75,9,1,Priya,India,Rajasthan,Female,1996-02-09,,,,
3921-WDKLO,2019-06-14,Organic,2020-06-14,Standard,Monthly,2021-01-01,Not enough content,14.99,269.82,90,1,Ishaan,India,Rajasthan,Male,1989-05-29,2020-10-12,Y,60.0,2.0
5396-GVIHX,2019-04-26,Organic,2020-04-26,Basic,Annual,,,6.99,566.19,24,0,Varun,India,Gujarat,Female,1999-06-24,2021-12-12,N,100.0,1.0
5524-SAVOG,2021-08-03,Referral,2022-08-03,Basic,Annual,2023-01-24,Too expensive,6.99,118.83,58,1,Meera,India,Karnataka,Female,1983-02-12,,,,
6144-CRKYT,2023-06-28,Referral,2024-06-28,Standard,Annual,,,13.99,419.7,72,0,Varun,India,Delhi,Male,1978-04-27,2024-11-24,Y,10.0,1.0
0738-INCYK,2021-08-06,Organic,2022-08-06,Standard,Annual,2023-07-19,Poor streaming quality,14.99,344.77,65,1,Aarav,India,West Bengal,Male,1986-04-05,2022-01-12,Y,20.0,1.0
7788-FXTLE,2023-01-14,Organic,2024-01-14,Premium,Annual,2023-05-08,Forgot to cancel trial,23.99,71.97,93,1,Vishal,India,Haryana,Female,1985-05-02,,,,
7041-NAUWR,2023-02-12,Paid,2024-02-12,Premium,Monthly,,,23.99,839.65,35,0,Karan,India,Bihar,Female,1984-01-04,,,,
8987-MMIGY,2020-11-05,Referral,2021-11-05,Standard,Monthly,2022-03-21,Forgot to cancel trial,15.99,255.84,98,1,Mohan,India,Gujarat,Female,1964-03-25,2021-04-26,N,80.0,2.0
2684-BHVJL,2021-04-28,Paid,2022-04-28,Basic,Monthly,2023-09-16,Forgot to cancel trial,6.99,202.71,97,1,Nikhil,India,Delhi,Female,1978-08-11,2023-06-06,N,60.0,1.0
3236-TEYDC,2021-01-13,Organic,2022-01-13,Premium,Monthly,2023-03-06,Forgot to cancel trial,23.99,623.74,76,1,Riya,India,Bihar,Female,1997-10-29,2021-11-10,N,90.0,1.0
3044-MBZPW,2023-08-19,Organic,2024-08-19,Standard,Annual,2026-01-09,Forgot to cancel trial,15.99,463.71,86,1,Riya,India,Odisha,Female,1993-03-01,2024-12-31,N,60.0,2.0
5484-AHPNB,2019-08-21,Paid,2020-08-21,Standard,Monthly,,,13.99,1077.23,73,0,Ananya,India,Bihar,Male,1963-11-21,,,,
0917-APMTJ,2020-05-02,Organic,2021-05-02,Basic,Monthly,,,6.99,475.32,42,0,Pooja,India,Tamil Nadu,Male,2000-08-23,,,,
4305-IFBSS,2022-11-27,Organic,2023-11-27,Basic,Annual,,,6.99,258.63,32,0,Karan,India,Madhya Pradesh,Male,1978-09-20,2024-05-03,Y,30.0,1.0
5940-XTHDS,2023-07-26,Referral,2024-07-26,Standard,Monthly,,,13.99,405.71,73,0,Ishaan,India,Maharashtra,Male,1973-06-09,,,,
3916-TQGTE,2021-02-15,Organic,2022-02-15,Basic,Monthly,,,8.99,530.41,85,0,Shreya,India,Haryana,Male,1971-02-24,,,,
3882-TDVYE,2023-09-13,Paid,2024-09-13,Premium,Monthly,,,22.99,643.72,4,0,Ishaan,India,Punjab,Female,1960-05-11,,,,
9753-MNYIR,2023-07-08,Referral,2024-07-08,Basic,Monthly,2025-01-19,Not enough content,6.99,125.82,30,1,Kavya,India,Delhi,Female,1991-03-31,,,,
2849-CGJDD,2023-02-23,Organic,2024-02-23,Standard,Annual,,,14.99,509.66,34,0,Ananya,India,Kerala,Female,1987-04-20,2025-08-03,N,70.0,2.0
8422-ZXZQO,2020-04-13,Organic,2021-04-13,Premium,Annual,,,22.99,1586.31,81,0,Arjun,India,Uttar Pradesh,Female,1991-05-27,2020-11-27,Y,10.0,1.0
6247-WFISV,2019-12-11,Referral,2020-12-11,Premium,Monthly,2020-12-28,Switched to competitor,22.99,275.88,53,1,Ananya,India,West Bengal,Male,1972-01-23,2019-12-15,Y,50.0,1.0
2963-NKDLM,2023-12-04,Referral,2024-12-04,Premium,Monthly,,,24.99,624.75,55,0,Rohan,India,Gujarat,Female,1967-01-21,2025-09-11,Y,10.0,1.0
8614-USKPV,2023-08-08,Organic,2024-08-08,Basic,Monthly,2025-02-04,Forgot to cancel trial,6.99,125.82,91,1,Shreya,India,Gujarat,Male,1968-12-26,,,,
8549-ZOMHR,2020-11-07,Paid,2021-11-07,Premium,Annual,,,22.99,1425.38,56,0,Ishaan,India,Tamil Nadu,Female,1996-12-26,,,,
7423-TWWRH,2022-04-14,Organic,2023-04-14,Standard,Annual,2024-01-26,Switched to competitor,13.99,293.79,59,1,Ishaan,India,Rajasthan,Female,1975-01-03,2023-08-13,Y,50.0,1.0
0623-WWNXA,2024-09-17,Referral,2025-09-17,Premium,Annual,,,22.99,344.85,35,0,Nikhil,India,Bihar,Female,1980-07-10,,,,
9987-ZLCSX,2019-12-22,Organic,2020-12-22,Standard,Monthly,,,13.99,1021.27,55,0,Karan,India,Kerala,Female,1978-03-03,2022-12-27,N,90.0,1.0
6905-WHFLZ,2020-03-12,Referral,2021-03-12,Premium,Monthly,,,23.99,1679.3,8,0,Aditya,India,Delhi,Male,1965-08-08,2025-04-20,N,100.0,1.0
3531-MDWGI,2021-08-10,Organic,2022-08-10,Basic,Monthly,,,6.99,370.47,35,0,Aarav,India,Odisha,Female,1960-05-28,2023-09-16,N,80.0,1.0
5892-XSDHC,2021-10-14,Organic,2022-10-14,Premium,Monthly,,,22.99,1172.49,89,0,Diya,India,Punjab,Male,1960-12-30,,,,
1618-RGSXH,2022-12-10,Organic,2023-12-10,Basic,Monthly,,,6.99,258.63,42,0,Nikhil,India,Punjab,Male,1979-04-21,2025-06-09,Y,20.0,1.0
6300-GQNYQ,2020-05-14,Paid,2021-05-14,Basic,Monthly,2022-10-15,Forgot to cancel trial,6.99,202.71,62,1,Rohan,India,Tamil Nadu,Female,1972-11-02,,,,
4263-ZNVKW,2023-11-01,Referral,2024-11-01,Standard,Annual,,,13.99,363.74,75,0,Ishaan,India,Odisha,Male,1987-05-13,2025-05-22,Y,50.0,1.0
9541-XKJXW,2019-09-22,Referral,2020-09-22,Premium,Monthly,2021-10-31,Poor streaming quality,23.99,599.75,53,1,Arjun,India,Bihar,Male,1965-01-18,2021-07-31,N,60.0,1.0
9991-OTJTH,2023-08-16,Referral,2024-08-16,Basic,Monthly,2025-08-29,Forgot to cancel trial,6.99,167.76,55,1,Sneha,India,Karnataka,Female,1986-12-07,,,,
1407-NLZQZ,2020-11-08,Organic,2021-11-08,Premium,Annual,2022-03-09,Too expensive,24.99,399.84,59,1,Ishaan,India,West Bengal,Male,2000-07-12,,,,
1056-WXBRF,2022-04-17,Organic,2023-04-17,Basic,Monthly,2023-04-13,Too expensive,6.99,83.88,50,1,Rohan,India,Madhya Pradesh,Male,1970-01-18,,,,
1901-XGYFH,2023-06-04,Referral,2024-06-04,Basic,Annual,,,6.99,216.69,39,0,Sakshi,India,Uttar Pradesh,Male,1961-07-20,,,,
5052-ZRZVQ,2022-05-09,Organic,2023-05-09,Standard,Monthly,,,15.99,703.56,7,0,Meera,India,West Bengal,Male,1988-05-29,,,,
5016-UAEMB,2019-02-09,Paid,2020-02-09,Standard,Monthly,,,15.99,1327.17,29,0,Mohan,India,Tamil Nadu,Female,1963-05-08,,,,
0825-XEWFW,2022-05-18,Referral,2023-05-18,Basic,Monthly,2024-06-05,Not enough content,6.99,167.76,56,1,Tanvi,India,West Bengal,Male,1972-05-12,,,,
4823-JUSSC,2019-01-06,Organic,2020-01-06,Basic,Annual,,,6.99,594.15,24,0,Vishal,India,Haryana,Female,1961-03-28,2023-12-27,Y,40.0,1.0
5123-CLAOC,2024-05-03,Referral,2025-05-03,Basic,Annual,2024-11-09,Too expensive,6.99,41.94,48,1,Sakshi,India,Uttar Pradesh,Female,1980-05-03,,,,
2365-EWDXJ,2021-02-04,Referral,2022-02-04,Standard,Annual,,,15.99,943.41,69,0,Pooja,India,Rajasthan,Male,2005-03-22,2023-03-28,Y,50.0,1.0
2050-PUXXV,2024-10-09,Paid,2025-10-09,Basic,Annual,2027-02-28,Too expensive,6.99,202.71,57,1,Sakshi,India,Haryana,Male,1962-02-09,,,,
4396-KBOPC,2020-03-27,Organic,2021-03-27,Standard,Annual,,,13.99,979.3,9,0,Aditi,India,Haryana,Male,2001-12-14,,,,
4543-MQDHA,2021-04-26,Referral,2022-04-26,Basic,Annual,,,8.99,512.43,7,0,Diya,India,Karnataka,Male,1961-02-08,,,,
5095-WZRPT,2024-05-11,Referral,2025-05-11,Standard,Monthly,2025-08-28,Not enough content,15.99,239.85,96,1,Akash,India,Telangana,Male,1991-01-04,2024-08-18,Y,10.0,1.0
6509-TIBQJ,2020-08-10,Referral,2021-08-10,Basic,Annual,,,8.99,584.35,15,0,Sakshi,India,Rajasthan,Female,1968-10-21,2022-12-16,N,70.0,1.0
9865-MVXGG,2024-03-18,Organic,2025-03-18,Premium,Monthly,,,22.99,482.79,45,0,Ishaan,India,Rajasthan,Male,2004-02-04,2025-02-11,Y,50.0,1.0
3599-WGYPI,2022-06-06,Organic,2023-06-06,Standard,Monthly,2023-11-02,Not enough content,13.99,237.83,98,1,Neha,India,Bihar,Female,2002-04-16,2023-10-31,Y,20.0,1.0
7177-ZRNDR,2019-11-05,Organic,2020-11-05,Standard,Annual,,,13.99,1035.26,16,0,Aarav,India,Karnataka,Female,1993-02-14,,,,
1132-NTOWI,2020-05-11,Paid,2021-05-11,Premium,Monthly,2020-08-05,Forgot to cancel trial,23.99,47.98,76,1,Tanvi,India,Rajasthan,Female,1977-09-18,2020-07-04,Y,60.0,2.0
6880-NHPGT,2023-07-02,Paid,2024-07-02,Standard,Annual,,,14.99,449.7,39,0,Rahul,India,Odisha,Female,1994-07-21,2023-11-02,N,70.0,1.0
7976-TZZAE,2019-01-04,Organic,2020-01-04,Premium,Monthly,,,22.99,1954.15,47,0,Neha,India,Madhya Pradesh,Male,1990-02-28,2024-09-09,N,100.0,1.0
6979-UNOWA,2022-05-04,Referral,2023-05-04,Standard,Monthly,,,13.99,615.56,26,0,Karan,India,Bihar,Female,2003-04-26,,,,
8227-WTBVV,2022-04-17,Organic,2023-04-17,Basic,Annual,2022-09-12,Poor streaming quality,6.99,27.96,86,1,Sakshi,India,Karnataka,Male,1989-12-09,2022-06-26,N,80.0,1.0
9522-YTHMZ,2020-09-01,Organic,2021-09-01,Standard,Annual,,,15.99,1023.36,5,0,Aditya,India,West Bengal,Female,1981-10-19,,,,
7354-XKJBB,2021-08-05,Referral,2022-08-05,Premium,Annual,,,22.99,1218.47,49,0,Ananya,India,West Bengal,Female,1986-11-18,2022-10-03,N,70.0,1.0
9697-YWVFL,2020-04-12,Paid,2021-04-12,Premium,Monthly,,,22.99,1586.31,31,0,Neha,India,Rajasthan,Male,1977-05-28,2025-04-09,N,90.0,1.0
8213-XDFOX,2020-03-16,Organic,2021-03-16,Standard,Annual,2021-09-30,Switched to competitor,13.99,251.82,23,1,Arjun,India,Delhi,Female,1970-04-17,,,,
1066-YPBZH,2020-05-14,Paid,2021-05-14,Premium,Annual,2020-06-18,Forgot to cancel trial,22.99,22.99,94,1,Meera,India,Telangana,Female,1986-04-20,2020-06-11,Y,20.0,2.0
9117-LUZUK,2020-02-08,Paid,2021-02-08,Basic,Annual,,,6.99,496.29,80,0,Aditya,India,Rajasthan,Female,1975-06-19,2021-06-05,Y,60.0,1.0
4507-GXYFZ,2023-10-10,Referral,2024-10-10,Standard,Annual,,,13.99,377.73,17,0,Neha,India,Karnataka,Male,1995-06-01,,,,
0687-UGWLM,2021-01-17,Paid,2022-01-17,Standard,Monthly,,,15.99,959.4,4,0,Mohan,India,Kerala,Female,1988-05-24,2024-02-26,N,60.0,1.0
3649-TVXSC,2023-02-26,Paid,2024-02-26,Standard,Annual,,,13.99,475.66,32,0,Vishal,India,Tamil Nadu,Female,1974-04-01,,,,
5894-MCCXG,2023-03-03,Organic,2024-03-03,Standard,Annual,,,13.99,475.66,15,0,Diya,India,West Bengal,Male,1996-01-23,,,,
9764-TDWNR,2024-03-09,Referral,2025-03-09,Basic,Monthly,,,6.99,153.78,33,0,Rohan,India,Haryana,Male,1982-04-19,,,,
7781-QJXJF,2024-04-23,Paid,2025-04-23,Standard,Monthly,2026-05-15,Forgot to cancel trial,13.99,349.75,89,1,Ishaan,India,Telangana,Female,1997-06-10,2026-05-02,Y,50.0,2.0
8582-QYIMO,2022-06-24,Paid,2023-06-24,Basic,Monthly,2024-05-25,Switched to competitor,6.99,160.77,24,1,Shreya,India,Rajasthan,Male,1991-09-18,2023-11-06,N,100.0,1.0
3337-PKGFU,2024-01-11,Paid,2025-01-11,Basic,Annual,,,8.99,215.76,37,0,Sakshi,India,Punjab,Male,1965-01-23,,,,
2262-JWXAM,2021-01-10,Organic,2022-01-10,Standard,Monthly,,,13.99,839.4,23,0,Aarav,India,West Bengal,Male,2003-06-07,,,,
6391-XDMKL,2021-03-14,Referral,2022-03-14,Basic,Monthly,,,8.99,521.42,43,0,Sneha,India,Odisha,Male,1991-05-12,,,,
4247-HDTWI,2021-06-15,Referral,2022-06-15,Standard,Annual,,,15.99,879.45,67,0,Mohan,India,Karnataka,Female,2005-10-08,,,,
5160-MXMML,2022-02-25,Organic,2023-02-25,Standard,Monthly,2022-07-02,Forgot to cancel trial,13.99,55.96,55,1,Aditi,India,Odisha,Female,1995-10-28,,,,
5594-SNPEE,2020-05-06,Referral,2021-05-06,Premium,Monthly,,,22.99,1563.32,25,0,Varun,India,Bihar,Male,1988-01-04,,,,
2573-MHSLD,2020-11-27,Organic,2021-11-27,Premium,Annual,2021-07-06,Poor streaming quality,22.99,160.93,91,1,Arjun,India,Odisha,Female,1960-08-15,2021-01-04,N,100.0,1.0
7177-RRZIA,2024-05-16,Referral,2025-05-16,Standard,Annual,,,14.99,284.81,29,0,Sneha,India,Telangana,Female,1989-12-30,,,,
5148-DMYBU,2024-02-02,Referral,2025-02-02,Basic,Monthly,,,6.99,160.77,36,0,Diya,India,Rajasthan,Female,1968-05-17,,,,
8824-UAKLA,2019-03-25,Paid,2020-03-25,Standard,Monthly,,,15.99,1311.18,18,0,Shreya,India,Gujarat,Male,1988-04-08,2020-03-22,N,90.0,1.0
8057-GPXDW,2023-12-01,Referral,2024-12-01,Basic,Monthly,,,6.99,174.75,14,0,Shreya,India,Uttar Pradesh,Male,1965-10-08,,,,
5260-KJSVJ,2020-08-03,Organic,2021-08-03,Standard,Monthly,,,13.99,909.35,58,0,Akash,India,Telangana,Male,1967-04-23,2023-06-14,N,80.0,1.0
1237-NNTPU,2024-05-06,Organic,2025-05-06,Premium,Monthly,,,24.99,499.8,57,0,Tanvi,India,Telangana,Male,2004-11-29,,,,
8504-ACNHY,2022-11-23,Organic,2023-11-23,Standard,Monthly,,,13.99,517.63,52,0,Tanvi,India,Gujarat,Female,1973-03-28,,,,
0468-QHIMZ,2020-03-19,Referral,2021-03-19,Basic,Monthly,,,6.99,489.3,38,0,Aditya,India,Delhi,Male,1964-07-06,2023-02-17,N,100.0,1.0
2455-CFLKS,2024-02-02,Organic,2025-02-02,Basic,Monthly,,,6.99,160.77,38,0,Neha,India,West Bengal,Male,1986-02-07,,,,
6903-JSMVE,2021-02-23,Paid,2022-02-23,Basic,Annual,2022-04-17,Forgot to cancel trial,7.99,103.87,72,1,Nikhil,India,West Bengal,Female,1965-10-21,2021-11-16,Y,20.0,2.0
5464-JORWC,2021-11-10,Organic,2022-11-10,Standard,Monthly,,,13.99,699.5,79,0,Aditi,India,Maharashtra,Female,1964-02-01,2025-03-13,N,70.0,2.0
2646-CKSLK,2021-05-05,Organic,2022-05-05,Premium,Annual,,,23.99,1343.44,53,0,Nikhil,India,Punjab,Male,1974-10-16,,,,
8780-EWXND,2024-08-16,Paid,2025-08-16,Basic,Annual,2024-09-16,Not enough content,8.99,8.99,86,1,Rohan,India,Odisha,Female,1977-02-28,,,,
6145-UIPHA,2021-08-04,Organic,2022-08-04,Premium,Monthly,,,22.99,1218.47,19,0,Shreya,India,Bihar,Male,1974-10-15,,,,
9889-FJTAG,2021-10-03,Referral,2022-10-03,Basic,Monthly,2023-04-11,Not enough content,6.99,125.82,89,1,Arjun,India,Gujarat,Male,1974-05-17,2023-03-17,N,80.0,2.0
8587-REVQE,2020-08-10,Organic,2021-08-10,Basic,Annual,,,7.99,519.35,2,0,Diya,India,Haryana,Female,1980-01-11,2025-03-07,N,100.0,1.0
3725-NBQVD,2020-07-02,Paid,2021-07-02,Basic,Annual,,,6.99,461.34,58,0,Kavya,India,Odisha,Female,2004-04-05,2021-03-21,Y,20.0,1.0
4823-WJKQD,2019-09-07,Paid,2020-09-07,Basic,Monthly,,,6.99,531.24,19,0,Varun,India,Odisha,Female,2003-09-17,,,,
5113-QAZJS,2022-12-02,Referral,2023-12-02,Standard,Monthly,,,13.99,517.63,54,0,Mohan,India,West Bengal,Female,1993-04-27,2024-09-23,N,80.0,1.0
0981-HUZPO,2020-10-13,Paid,2021-10-13,Basic,Monthly,,,6.99,440.37,21,0,Kavya,India,Tamil Nadu,Female,1987-06-01,,,,
1933-OZJBQ,2020-07-28,Organic,2021-07-28,Standard,Annual,2022-04-04,Too expensive,13.99,279.8,91,1,Aarav,India,Bihar,Female,2001-05-11,,,,
2651-VNCWG,2019-05-21,Paid,2020-05-21,Premium,Monthly,,,22.99,1839.2,2,0,Diya,India,Telangana,Female,1974-11-08,,,,
5568-AIXZE,2022-05-17,Referral,2023-05-17,Basic,Monthly,,,8.99,395.56,5,0,Varun,India,Rajasthan,Female,1978-11-21,,,,
9148-SZZPX,2022-02-14,Paid,2023-02-14,Premium,Annual,2022-07-29,Forgot to cancel trial,22.99,114.95,80,1,Kavya,India,Haryana,Female,2002-01-10,2022-05-26,Y,40.0,2.0
8225-QUEOR,2022-07-26,Paid,2023-07-26,Standard,Monthly,,,13.99,573.59,66,0,Aarav,India,Punjab,Female,1986-05-27,,,,
9463-AKGQY,2023-06-20,Referral,2024-06-20,Standard,Annual,2025-05-17,Too expensive,15.99,367.77,95,1,Aarav,India,Rajasthan,Female,1977-02-24,2024-10-14,Y,60.0,1.0
8379-IYUFX,2020-06-11,Referral,2021-06-11,Basic,Monthly,,,6.99,468.33,84,0,Ananya,India,Gujarat,Male,1965-11-26,2023-05-16,N,90.0,2.0
6387-YERLN,2023-11-23,Organic,2024-11-23,Basic,Monthly,,,6.99,174.75,33,0,Akash,India,West Bengal,Female,1979-06-14,,,,
2068-BVUSX,2020-02-04,Paid,2021-02-04,Standard,Monthly,,,13.99,993.29,62,0,Priya,India,Telangana,Male,1961-02-07,2021-03-11,Y,40.0,1.0
1275-PTKCR,2021-07-12,Referral,2022-07-12,Basic,Annual,,,6.99,377.46,17,0,Nikhil,India,Uttar Pradesh,Female,1970-03-29,,,,
3002-GNZQX,2020-03-10,Paid,2021-03-10,Basic,Monthly,2022-08-24,Forgot to cancel trial,7.99,231.71,70,1,Aditya,India,Haryana,Female,1970-11-30,,,,
3836-PJBIU,2024-10-27,Referral,2025-10-27,Premium,Monthly,2027-03-11,Too expensive,23.99,671.72,84,1,Sneha,India,Punjab,Female,1972-11-10,2027-01-20,N,100.0,2.0
1050-AWRMU,2019-02-16,Paid,2020-02-16,Standard,Annual,,,13.99,1161.17,91,0,Kavya,India,Maharashtra,Male,1961-09-04,2023-02-06,N,70.0,3.0
1970-ZECOL,2022-06-03,Referral,2023-06-03,Premium,Monthly,,,23.99,1031.57,63,0,Rohan,India,Punjab,Female,1962-10-21,,,,
9440-MJSKY,2024-01-02,Referral,2025-01-02,Standard,Monthly,,,14.99,359.76,4,0,Shreya,India,Tamil Nadu,Male,1995-01-02,,,,
9884-BTIPC,2019-04-04,Paid,2020-04-04,Premium,Monthly,,,22.99,1885.18,8,0,Neha,India,Bihar,Male,2004-04-27,,,,
6104-PUAKI,2023-10-14,Referral,2024-10-14,Standard,Annual,,,13.99,363.74,56,0,Shreya,India,Gujarat,Female,1986-03-01,,,,
5234-FFGDZ,2022-02-03,Referral,2023-02-03,Premium,Monthly,,,22.99,1080.53,10,0,Neha,India,West Bengal,Female,1998-07-21,,,,
0348-UJCLI,2021-10-26,Organic,2022-10-26,Basic,Monthly,,,8.99,449.5,19,0,Priya,India,Tamil Nadu,Female,1964-01-20,,,,
7385-XPYJE,2023-08-12,Organic,2024-08-12,Premium,Annual,,,22.99,666.71,27,0,Pooja,India,Odisha,Male,2002-07-08,2024-07-26,N,100.0,1.0
4789-VHXNE,2021-05-15,Referral,2022-05-15,Premium,Monthly,2022-08-04,Switched to competitor,22.99,321.86,82,1,Akash,India,Haryana,Female,1996-05-18,,,,
4907-TODWS,2021-06-21,Paid,2022-06-21,Standard,Annual,,,13.99,769.45,54,0,Priya,India,Madhya Pradesh,Female,1984-07-31,,,,
4025-EXPKR,2019-04-06,Referral,2020-04-06,Premium,Annual,,,22.99,1885.18,48,0,Pooja,India,Kerala,Male,1961-08-27,,,,
6337-WGBJF,2022-01-12,Organic,2023-01-12,Standard,Annual,2023-05-15,Poor streaming quality,13.99,223.84,85,1,Priya,India,Bihar,Female,1962-08-13,2023-05-09,Y,60.0,2.0
4667-KLHVC,2021-05-11,Paid,2022-05-11,Standard,Annual,2023-08-15,Too expensive,13.99,377.73,76,1,Diya,India,Telangana,Female,1984-10-16,2023-06-07,Y,40.0,2.0
4283-KKETK,2020-03-27,Organic,2021-03-27,Standard,Monthly,2022-08-06,Switched to competitor,13.99,391.72,75,1,Rahul,India,Maharashtra,Male,1990-08-18,2020-12-18,N,80.0,1.0
4889-GJZAX,2024-04-12,Organic,2025-04-12,Basic,Annual,,,8.99,179.8,32,0,Aditi,India,Delhi,Female,2002-08-31,,,,
0542-CLPIQ,2024-12-21,Paid,2025-12-21,Premium,Monthly,2027-03-02,Poor streaming quality,22.99,597.74,56,1,Vishal,India,Kerala,Female,1967-11-12,,,,
3081-BJOAB,2019-10-23,Referral,2020-10-23,Basic,Monthly,2020-03-27,Not enough content,7.99,39.95,93,1,Aditi,India,Odisha,Male,1992-04-30,2019-11-10,Y,30.0,1.0
8652-BPVXT,2019-06-17,Organic,2020-06-17,Basic,Annual,,,8.99,710.21,69,0,Rahul,India,Odisha,Male,2002-06-22,2021-09-05,N,80.0,1.0
0152-XNCSU,2020-06-01,Paid,2021-06-01,Premium,Monthly,,,22.99,1540.33,72,0,Shreya,India,Odisha,Male,1976-10-19,2021-05-29,N,100.0,1.0
6530-IOELT,2020-04-22,Organic,2021-04-22,Basic,Annual,,,6.99,482.31,28,0,Shreya,India,Madhya Pradesh,Male,1996-03-13,,,,
4055-TABDK,2024-10-10,Referral,2025-10-10,Standard,Monthly,2024-12-21,Switched to competitor,13.99,27.98,53,1,Neha,India,Odisha,Male,2003-06-23,,,,
9533-ZXTFL,2023-10-28,Paid,2024-10-28,Premium,Monthly,,,22.99,597.74,23,0,Sneha,India,Madhya Pradesh,Female,1965-08-28,,,,
8152-DVZPH,2019-01-02,Organic,2020-01-02,Standard,Annual,2019-04-25,Forgot to cancel trial,13.99,41.97,88,1,Aditya,India,Rajasthan,Female,1992-03-22,2019-04-03,Y,60.0,1.0
6743-KRGFA,2021-01-05,Organic,2022-01-05,Standard,Monthly,,,13.99,839.4,3,0,Pooja,India,Karnataka,Male,1964-08-09,,,,
2943-HXRSR,2020-09-24,Paid,2021-09-24,Basic,Annual,2022-10-22,Switched to competitor,6.99,174.75,82,1,Arjun,India,Tamil Nadu,Male,1990-01-04,2021-05-15,Y,40.0,1.0
5311-BYSLW,2022-06-17,Referral,2023-06-17,Basic,Monthly,,,8.99,386.57,24,0,Aarav,India,Delhi,Female,1977-09-15,2023-02-19,N,100.0,2.0
7486-HNPEX,2023-12-22,Referral,2024-12-22,Premium,Monthly,2024-10-31,Too expensive,24.99,249.9,93,1,Riya,India,Odisha,Male,1991-02-26,,,,
5134-TMTZG,2020-07-07,Referral,2021-07-07,Basic,Annual,2022-05-04,Too expensive,6.99,153.78,76,1,Sakshi,India,Maharashtra,Male,1966-09-16,,,,
9605-RXAKP,2022-10-11,Referral,2023-10-11,Standard,Annual,,,15.99,623.61,47,0,Nikhil,India,Maharashtra,Male,1965-01-01,,,,
3752-IIAMQ,2021-12-10,Paid,2022-12-10,Basic,Annual,,,6.99,342.51,69,0,Tanvi,India,Haryana,Male,1962-07-30,2025-12-03,N,70.0,2.0
5386-AYBSM,2020-04-12,Paid,2021-04-12,Premium,Monthly,,,22.99,1586.31,5,0,Riya,India,Odisha,Male,1978-11-27,,,,
6906-ELNON,2020-03-22,Organic,2021-03-22,Standard,Annual,,,13.99,979.3,7,0,Diya,India,Madhya Pradesh,Male,2004-04-18,,,,
9643-UGMAN,2020-10-19,Organic,2021-10-19,Premium,Monthly,,,22.99,1448.37,34,0,Nikhil,India,West Bengal,Male,1988-04-15,,,,
9412-LTKNO,2020-06-07,Organic,2021-06-07,Premium,Annual,2021-08-23,Forgot to cancel trial,22.99,321.86,76,1,Meera,India,Haryana,Female,1963-11-17,2020-09-06,Y,20.0,1.0
7556-OWDSC,2024-12-27,Paid,2025-12-27,Premium,Monthly,2025-11-03,Not enough content,22.99,229.9,93,1,Karan,India,Karnataka,Male,1984-01-17,2025-08-17,N,100.0,1.0
6628-XCLDD,2021-06-03,Referral,2022-06-03,Basic,Annual,2023-10-01,Not enough content,6.99,195.72,39,1,Tanvi,India,Haryana,Female,1963-03-04,2023-09-20,Y,20.0,1.0
5835-KHAYP,2021-07-22,Organic,2022-07-22,Basic,Annual,2021-12-16,Switched to competitor,6.99,27.96,76,1,Sneha,India,Delhi,Male,1970-01-26,2021-10-05,Y,40.0,1.0
6986-JCRVV,2022-09-18,Referral,2023-09-18,Basic,Monthly,,,6.99,279.6,33,0,Aditi,India,Telangana,Female,1988-04-22,,,,
1675-QNGAM,2019-02-03,Paid,2020-02-03,Basic,Monthly,,,7.99,671.16,32,0,Varun,India,Uttar Pradesh,Female,1989-09-14,2023-10-17,N,90.0,1.0
9022-MDQGI,2024-01-11,Referral,2025-01-11,Basic,Monthly,2026-01-06,Not enough content,6.99,167.76,66,1,Aditi,India,Bihar,Male,1965-11-01,,,,
6606-JAMPY,2020-02-12,Organic,2021-02-12,Premium,Annual,,,22.99,1632.29,28,0,Kavya,India,Karnataka,Male,1979-10-08,,,,
8229-VPFZG,2024-10-02,Paid,2025-10-02,Premium,Monthly,,,23.99,359.85,57,0,Ananya,India,Haryana,Female,1992-03-02,2025-08-18,N,100.0,1.0
9213-XLKCX,2022-12-24,Paid,2023-12-24,Standard,Annual,,,13.99,503.64,26,0,Arjun,India,Kerala,Male,1996-10-03,,,,
8612-OZTLQ,2019-05-25,Organic,2020-05-25,Standard,Annual,,,15.99,1279.2,20,0,Aarav,India,Gujarat,Male,1960-03-13,,,,
3253-UCYYT,2022-01-21,Organic,2023-01-21,Premium,Annual,,,22.99,1103.52,53,0,Kavya,India,Haryana,Female,2004-07-31,2022-09-01,Y,10.0,1.0
7494-MPVEZ,2019-12-08,Referral,2020-12-08,Standard,Monthly,,,15.99,1167.27,11,0,Akash,India,Telangana,Female,2001-11-03,,,,
3213-MDHWN,2022-09-22,Organic,2023-09-22,Basic,Monthly,,,6.99,272.61,48,0,Sakshi,India,Karnataka,Female,1970-01-05,,,,
4405-JCOXA,2023-04-11,Paid,2024-04-11,Standard,Annual,,,13.99,461.67,57,0,Aditya,India,Madhya Pradesh,Male,1992-02-08,,,,
8049-TEKJA,2022-10-16,Referral,2023-10-16,Standard,Monthly,,,14.99,584.61,55,0,Akash,India,Bihar,Male,1973-05-29,2025-07-19,N,60.0,1.0
8755-PXHYI,2021-01-23,Organic,2022-01-23,Standard,Annual,,,14.99,899.4,46,0,Ishaan,India,Telangana,Male,1975-07-05,2023-07-21,N,70.0,1.0
9671-CEOLA,2021-07-28,Referral,2022-07-28,Basic,Annual,2022-07-29,Poor streaming quality,6.99,83.88,20,1,Diya,India,Haryana,Male,1963-09-30,2022-02-02,N,90.0,1.0
2213-AYCAR,2022-08-28,Organic,2023-08-28,Standard,Annual,,,13.99,559.6,70,0,Diya,India,Telangana,Male,1961-06-05,,,,
9598-SJAYE,2020-12-07,Organic,2021-12-07,Standard,Annual,,,13.99,853.39,94,0,Rohan,India,West Bengal,Female,2004-07-07,2024-08-14,N,100.0,1.0
1351-ORZDV,2023-06-16,Paid,2024-06-16,Basic,Monthly,2024-11-11,Not enough content,8.99,152.83,89,1,Diya,India,West Bengal,Female,1994-07-19,2024-08-11,N,60.0,3.0
0423-JYNOZ,2019-09-20,Paid,2020-09-20,Basic,Annual,2021-03-25,Poor streaming quality,6.99,125.82,96,1,Arjun,India,Delhi,Male,1992-11-14,2021-03-11,Y,60.0,2.0
8944-NZIMD,2023-12-21,Paid,2024-12-21,Standard,Monthly,2025-10-24,Too expensive,13.99,307.78,54,1,Kavya,India,Maharashtra,Female,1985-08-21,,,,
4180-WJPWB,2024-07-23,Referral,2025-07-23,Basic,Monthly,,,8.99,152.83,8,0,Rahul,India,Rajasthan,Female,1968-07-28,,,,
7186-XJOZL,2019-07-05,Organic,2020-07-05,Basic,Monthly,,,8.99,710.21,6,0,Sakshi,India,Maharashtra,Male,1962-10-28,,,,
7596-PFVJZ,2020-12-19,Referral,2021-12-19,Standard,Annual,,,13.99,853.39,44,0,Nikhil,India,Odisha,Male,1962-02-13,,,,
5782-NSFOP,2022-06-23,Referral,2023-06-23,Basic,Annual,,,6.99,293.58,26,0,Neha,India,Tamil Nadu,Female,1974-11-16,,,,
9412-AVQLV,2019-07-28,Organic,2020-07-28,Standard,Annual,2021-03-25,Poor streaming quality,15.99,319.8,96,1,Arjun,India,Haryana,Male,1983-12-06,,,,
8166-NSGME,2020-07-19,Paid,2021-07-19,Standard,Annual,2022-12-11,Switched to competitor,15.99,463.71,97,1,Neha,India,Kerala,Male,1970-06-09,2022-06-29,N,80.0,1.0
3059-GARKS,2023-07-25,Organic,2024-07-25,Basic,Monthly,,,6.99,202.71,23,0,Kavya,India,Uttar Pradesh,Female,1976-09-23,,,,
8335-IIYCJ,2020-08-18,Referral,2021-08-18,Premium,Annual,,,23.99,1559.35,74,0,Meera,India,Gujarat,Female,1972-02-23,,,,
6664-BSOBG,2020-03-05,Organic,2021-03-05,Standard,Annual,,,13.99,979.3,5,0,Vishal,India,Odisha,Male,1978-06-29,,,,
1700-DPHZV,2021-11-04,Paid,2022-11-04,Premium,Annual,,,22.99,1149.5,61,0,Neha,India,Bihar,Female,1967-01-27,2022-09-22,N,80.0,1.0
8092-HSHKR,2019-02-25,Organic,2020-02-25,Standard,Annual,2021-07-07,Too expensive,13.99,391.72,92,1,Vishal,India,Uttar Pradesh,Female,1996-09-12,2020-06-17,N,80.0,3.0
1158-NSQXP,2024-08-01,Organic,2025-08-01,Standard,Monthly,,,14.99,254.83,60,0,Mohan,India,Bihar,Male,2000-05-06,,,,
7245-YHWTI,2023-12-08,Organic,2024-12-08,Premium,Monthly,2024-05-24,Not enough content,23.99,119.95,37,1,Aditi,India,Tamil Nadu,Female,1991-02-23,,,,
6416-IGANS,2022-06-09,Paid,2023-06-09,Standard,Annual,,,13.99,601.57,34,0,Varun,India,Uttar Pradesh,Male,1992-12-21,,,,
4000-MUBRM,2023-04-14,Referral,2024-04-14,Basic,Monthly,2024-08-15,Not enough content,7.99,127.84,36,1,Sneha,India,Rajasthan,Male,1998-12-21,2024-04-26,Y,60.0,2.0
2262-NZRAO,2023-01-15,Organic,2024-01-15,Premium,Monthly,,,22.99,827.64,67,0,Varun,India,Delhi,Male,1978-09-30,2023-09-05,N,70.0,1.0
6914-PUCNT,2022-11-22,Paid,2023-11-22,Standard,Annual,2023-09-09,Switched to competitor,15.99,143.91,80,1,Aarav,India,Telangana,Female,1999-05-17,2023-05-20,N,60.0,1.0
5741-DNMUM,2021-10-26,Referral,2022-10-26,Premium,Monthly,2022-07-24,Too expensive,22.99,206.91,75,1,Meera,India,Tamil Nadu,Male,1986-02-04,2021-12-22,N,90.0,1.0
1501-EKAYJ,2019-03-25,Paid,2020-03-25,Premium,Annual,,,22.99,1885.18,2,0,Kavya,India,Maharashtra,Male,1980-05-08,,,,
6274-CZJRA,2020-08-20,Paid,2021-08-20,Premium,Annual,,,22.99,1494.35,30,0,Sakshi,India,Maharashtra,Female,1986-12-01,,,,
0274-YLXDW,2021-03-25,Referral,2022-03-25,Basic,Monthly,,,6.99,405.42,18,0,Varun,India,Odisha,Male,1993-09-06,,,,
5743-UKHIE,2021-06-05,Paid,2022-06-05,Standard,Annual,,,14.99,824.45,43,0,Ishaan,India,Odisha,Male,1985-06-30,,,,
0116-EKKSR,2024-06-03,Paid,2025-06-03,Basic,Monthly,,,6.99,132.81,98,0,Diya,India,Karnataka,Female,1966-01-07,2025-12-07,N,100.0,2.0
2841-DLDVD,2021-11-23,Referral,2022-11-23,Premium,Annual,,,22.99,1126.51,1,0,Rahul,India,Maharashtra,Male,1995-11-30,,,,
0533-FQARN,2022-03-17,Organic,2023-03-17,Premium,Monthly,,,22.99,1057.54,13,0,Nikhil,India,Punjab,Male,1997-06-18,,,,
9134-IEDMS,2022-03-16,Paid,2023-03-16,Standard,Monthly,,,15.99,735.54,30,0,Karan,India,Karnataka,Female,1990-12-23,,,,
1262-RRNOU,2023-05-20,Organic,2024-05-20,Standard,Annual,,,14.99,464.69,60,0,Aditi,India,Tamil Nadu,Male,1977-02-28,2023-07-30,N,60.0,1.0
7562-IRLJD,2020-07-07,Referral,2021-07-07,Premium,Monthly,,,22.99,1517.34,26,0,Diya,India,Kerala,Female,1987-07-27,,,,
5872-KXUBH,2021-05-20,Paid,2022-05-20,Premium,Annual,,,24.99,1399.44,83,0,Nikhil,India,Bihar,Male,1983-05-22,,,,
6450-JALCK,2022-10-09,Paid,2023-10-09,Basic,Monthly,,,8.99,350.61,32,0,Ishaan,India,Maharashtra,Male,1973-01-15,,,,
7031-SWRTG,2021-04-19,Referral,2022-04-19,Premium,Annual,,,23.99,1367.43,53,0,Ishaan,India,Madhya Pradesh,Female,1993-11-27,,,,
1218-SJHRG,2023-03-05,Paid,2024-03-05,Basic,Monthly,2024-07-23,Too expensive,6.99,111.84,91,1,Nikhil,India,Bihar,Male,1971-03-21,2023-03-05,Y,20.0,1.0
3170-VFLFW,2021-04-10,Paid,2022-04-10,Standard,Monthly,2023-06-18,Forgot to cancel trial,15.99,415.74,51,1,Aarav,India,Punjab,Female,1975-09-02,,,,
0084-AURCA,2023-10-11,Referral,2024-10-11,Standard,Annual,,,13.99,377.73,32,0,Shreya,India,Telangana,Male,1982-04-29,2023-10-31,N,100.0,1.0
0441-NDFYE,2023-06-22,Organic,2024-06-22,Basic,Annual,,,6.99,209.7,28,0,Sakshi,India,Punjab,Female,1978-04-24,2025-01-31,N,70.0,2.0
6143-QCHJX,2022-12-23,Paid,2023-12-23,Premium,Monthly,2023-07-24,Not enough content,22.99,160.93,91,1,Aarav,India,Telangana,Female,1977-07-01,,,,
1492-RCTDW,2022-01-07,Referral,2023-01-07,Premium,Annual,2022-09-17,Too expensive,22.99,183.92,78,1,Meera,India,Kerala,Female,1992-02-29,2022-07-28,N,90.0,3.0
6996-MMRXC,2023-06-22,Paid,2024-06-22,Premium,Annual,2025-10-14,Not enough content,24.99,699.72,77,1,Sneha,India,Maharashtra,Male,1970-06-05,2025-09-16,N,80.0,2.0
3146-MAKTQ,2020-10-20,Referral,2021-10-20,Standard,Annual,,,14.99,944.37,16,0,Neha,India,Punjab,Male,1996-03-09,,,,
9166-CYOJM,2021-04-09,Organic,2022-04-09,Basic,Monthly,,,6.99,398.43,28,0,Diya,India,Gujarat,Female,1986-02-23,,,,
4200-FIFCO,2023-08-01,Paid,2024-08-01,Standard,Annual,,,13.99,405.71,1,0,Rahul,India,Tamil Nadu,Female,1967-09-26,,,,
4007-RGVPW,2022-01-27,Organic,2023-01-27,Standard,Monthly,2022-12-17,Not enough content,13.99,139.9,85,1,Diya,India,Odisha,Male,1994-01-15,,,,
2489-GJUTY,2019-03-14,Paid,2020-03-14,Premium,Annual,,,22.99,1885.18,57,0,Priya,India,Rajasthan,Female,1999-03-17,,,,
8975-UQDVT,2022-08-14,Paid,2023-08-14,Standard,Annual,,,14.99,614.59,21,0,Diya,India,Tamil Nadu,Male,2004-01-12,,,,
7954-ZMOWK,2024-07-13,Paid,2025-07-13,Basic,Annual,,,6.99,118.83,26,0,Aarav,India,Maharashtra,Male,1978-06-18,2024-08-29,Y,20.0,1.0
2564-KJGTJ,2021-10-24,Organic,2022-10-24,Basic,Monthly,2023-08-02,Switched to competitor,8.99,188.79,78,1,Tanvi,India,Haryana,Female,1992-12-23,2022-08-23,N,100.0,2.0
9061-IHKDE,2019-04-16,Paid,2020-04-16,Premium,Annual,,,22.99,1862.19,69,0,Sneha,India,Karnataka,Male,1991-06-27,,,,
5385-UMDFP,2020-12-24,Organic,2021-12-24,Premium,Monthly,,,22.99,1402.39,13,0,Rohan,India,Gujarat,Male,1970-08-19,,,,
2476-RSNYT,2023-10-13,Referral,2024-10-13,Premium,Annual,,,22.99,620.73,94,0,Neha,India,West Bengal,Female,1973-11-12,2025-08-08,N,100.0,2.0
2775-OGHTQ,2021-09-14,Referral,2022-09-14,Premium,Monthly,,,22.99,1195.48,32,0,Priya,India,Karnataka,Male,1986-06-21,,,,
9431-TCVRE,2021-11-22,Paid,2022-11-22,Premium,Annual,2024-04-21,Not enough content,22.99,666.71,69,1,Aarav,India,Delhi,Male,2003-05-09,,,,
0833-PGWIA,2023-09-12,Paid,2024-09-12,Premium,Annual,,,22.99,643.72,12,0,Riya,India,Punjab,Female,1969-04-10,,,,
8673-WXAXC,2019-07-06,Referral,2020-07-06,Premium,Monthly,,,22.99,1816.21,31,0,Neha,India,Punjab,Female,1979-12-07,2023-02-10,N,60.0,1.0
6604-VOIFN,2020-02-14,Organic,2021-02-14,Standard,Annual,2022-02-14,Switched to competitor,13.99,335.76,97,1,Riya,India,Odisha,Female,1968-02-02,2021-11-27,Y,20.0,1.0
4968-APOFP,2021-05-21,Paid,2022-05-21,Premium,Monthly,2022-07-22,Not enough content,22.99,321.86,68,1,Akash,India,Karnataka,Male,1993-03-06,,,,
5325-WLHCV,2024-11-11,Referral,2025-11-11,Premium,Monthly,,,24.99,324.87,71,0,Diya,India,Kerala,Female,1989-05-13,2025-08-16,N,70.0,1.0
8855-LENNG,2020-05-09,Referral,2021-05-09,Basic,Monthly,2021-02-07,Too expensive,6.99,62.91,72,1,Neha,India,Rajasthan,Male,1997-04-30,2020-08-28,Y,50.0,1.0
6441-LEJDP,2024-02-20,Organic,2025-02-20,Basic,Monthly,2024-04-22,Poor streaming quality,8.99,17.98,24,1,Meera,India,Telangana,Male,2002-07-17,,,,
1066-UEKSK,2024-11-09,Referral,2025-11-09,Premium,Annual,2024-12-15,Forgot to cancel trial,22.99,22.99,99,1,Pooja,India,Rajasthan,Male,1990-08-06,,,,
0789-CHCFB,2019-07-24,Paid,2020-07-24,Standard,Annual,,,14.99,1169.22,27,0,Karan,India,Odisha,Female,1996-10-18,,,,
8506-MGOZZ,2024-01-03,Organic,2025-01-03,Standard,Annual,,,13.99,335.76,9,0,Ananya,India,Gujarat,Male,1961-05-20,,,,
3542-YGOWW,2020-09-17,Referral,2021-09-17,Premium,Monthly,2022-07-11,Not enough content,22.99,505.78,26,1,Sakshi,India,Uttar Pradesh,Female,1969-12-24,,,,
5730-TOBOI,2023-08-08,Referral,2024-08-08,Basic,Monthly,,,7.99,231.71,67,0,Akash,India,Uttar Pradesh,Female,2001-11-21,,,,
1911-NLUQU,2019-01-12,Organic,2020-01-12,Basic,Annual,2019-02-27,Poor streaming quality,7.99,7.99,53,1,Neha,India,Bihar,Male,1972-03-31,2019-01-28,Y,20.0,1.0
7988-QBZNM,2020-11-22,Paid,2021-11-22,Standard,Monthly,,,14.99,929.38,43,0,Varun,India,Rajasthan,Male,1961-08-29,,,,
4546-IXDKC,2023-05-23,Organic,2024-05-23,Standard,Monthly,2025-05-04,Poor streaming quality,13.99,321.77,74,1,Priya,India,Uttar Pradesh,Male,2002-11-19,,,,
5734-NYYWS,2020-08-12,Organic,2021-08-12,Premium,Annual,2022-04-14,Not enough content,24.99,499.8,90,1,Aditya,India,Maharashtra,Female,1991-05-24,,,,
0587-KOMGD,2019-04-17,Paid,2020-04-17,Premium,Annual,,,22.99,1862.19,33,0,Neha,India,Tamil Nadu,Male,1987-02-27,2025-07-20,N,90.0,1.0
8757-YHUTP,2022-12-18,Referral,2023-12-18,Premium,Monthly,,,23.99,863.64,34,0,Nikhil,India,Maharashtra,Female,2000-05-23,,,,
0199-BJGGU,2022-07-13,Paid,2023-07-13,Premium,Monthly,2023-12-15,Poor streaming quality,22.99,390.83,93,1,Kavya,India,Rajasthan,Female,1975-08-15,,,,
8908-UULVZ,2019-07-16,Referral,2020-07-16,Basic,Annual,2020-04-09,Poor streaming quality,6.99,55.92,92,1,Pooja,India,Telangana,Male,1967-12-04,2020-02-03,Y,20.0,1.0
0721-OZYRQ,2022-11-16,Paid,2023-11-16,Standard,Monthly,2025-01-13,Forgot to cancel trial,13.99,363.74,89,1,Neha,India,Rajasthan,Male,1979-10-05,,,,
5139-UYQZI,2020-08-20,Organic,2021-08-20,Standard,Monthly,,,15.99,1039.35,17,0,Pooja,India,West Bengal,Male,1992-07-08,,,,
5073-CKGYT,2024-05-17,Organic,2025-05-17,Premium,Monthly,,,23.99,455.81,49,0,Varun,India,Madhya Pradesh,Male,1999-06-14,2025-04-30,Y,40.0,1.0
0515-HBWSP,2023-05-19,Organic,2024-05-19,Basic,Annual,2025-01-02,Poor streaming quality,6.99,132.81,13,1,Aditya,India,West Bengal,Female,1969-03-17,,,,
0540-EDWFR,2021-09-24,Referral,2022-09-24,Basic,Annual,2023-02-14,Too expensive,7.99,127.84,79,1,Varun,India,Maharashtra,Male,2000-05-28,2021-10-10,Y,10.0,1.0
8135-VGGYT,2020-03-16,Referral,2021-03-16,Premium,Monthly,,,22.99,1609.3,40,0,Sakshi,India,Haryana,Female,1999-05-10,2023-09-10,N,90.0,2.0
0939-BVHVA,2023-05-03,Paid,2024-05-03,Premium,Monthly,,,22.99,735.68,27,0,Nikhil,India,Haryana,Male,1987-11-17,,,,
1781-IYPPJ,2020-02-06,Paid,2021-02-06,Premium,Annual,2021-12-28,Switched to competitor,22.99,528.77,50,1,Rohan,India,Haryana,Male,1988-09-02,,,,
8359-YYAPD,2022-06-10,Referral,2023-06-10,Premium,Monthly,,,23.99,1031.57,46,0,Aditya,India,Gujarat,Female,1982-02-05,,,,
3129-PKTXR,2020-12-01,Organic,2021-12-01,Standard,Annual,,,13.99,853.39,19,0,Neha,India,Gujarat,Female,2005-07-28,,,,
6600-XZOZG,2019-07-06,Organic,2020-07-06,Basic,Monthly,,,6.99,552.21,6,0,Neha,India,Haryana,Female,1969-11-05,,,,
5599-QWKHC,2020-01-12,Referral,2021-01-12,Standard,Monthly,,,13.99,1007.28,58,0,Rahul,India,Odisha,Male,1961-06-25,,,,
9088-VDZGJ,2024-10-06,Organic,2025-10-06,Standard,Annual,,,13.99,209.85,66,0,Aditi,India,West Bengal,Male,1966-05-30,,,,
3521-CHXPF,2020-07-28,Paid,2021-07-28,Premium,Monthly,,,22.99,1517.34,8,0,Sakshi,India,Rajasthan,Female,1973-11-08,,,,
9190-AUJKL,2024-07-02,Organic,2025-07-02,Standard,Monthly,,,14.99,269.82,80,0,Sneha,India,West Bengal,Female,1999-09-21,,,,
9825-QUMRD,2024-10-15,Referral,2025-10-15,Premium,Monthly,2026-09-14,Not enough content,22.99,528.77,67,1,Tanvi,India,Rajasthan,Female,1986-04-07,,,,
5527-PZFNN,2023-12-05,Organic,2024-12-05,Basic,Monthly,,,8.99,224.75,13,0,Rohan,India,Haryana,Male,1969-10-26,,,,
4365-BYJGC,2022-03-26,Referral,2023-03-26,Standard,Annual,2023-09-16,Too expensive,14.99,254.83,76,1,Tanvi,India,Rajasthan,Female,1977-03-14,,,,
8431-LEJPG,2023-06-20,Paid,2024-06-20,Standard,Annual,,,13.99,419.7,71,0,Arjun,India,Odisha,Male,1999-06-18,,,,
7434-JUARL,2022-03-14,Referral,2023-03-14,Standard,Monthly,,,15.99,735.54,11,0,Aarav,India,Telangana,Male,2002-04-24,2022-10-19,N,70.0,1.0
2222-CIAVN,2023-08-18,Referral,2024-08-18,Basic,Annual,2025-05-22,Switched to competitor,6.99,146.79,56,1,Akash,India,Delhi,Male,1983-12-31,,,,
4292-XIDJB,2022-09-18,Organic,2023-09-18,Premium,Monthly,2024-04-16,Not enough content,22.99,436.81,76,1,Karan,India,Delhi,Male,1962-10-16,,,,
0462-XEPPL,2024-08-04,Organic,2025-08-04,Basic,Monthly,,,6.99,118.83,69,0,Shreya,India,Madhya Pradesh,Male,1983-12-25,2025-03-31,N,90.0,1.0
5156-TAPWC,2021-06-14,Paid,2022-06-14,Premium,Monthly,,,23.99,1319.45,62,0,Karan,India,Madhya Pradesh,Female,1981-05-05,2023-11-17,Y,50.0,1.0
9846-NNPWE,2022-02-08,Organic,2023-02-08,Standard,Annual,,,13.99,657.53,47,0,Shreya,India,Uttar Pradesh,Female,1999-12-14,,,,
0076-PPCXI,2022-12-04,Referral,2023-12-04,Premium,Annual,2023-06-24,Switched to competitor,23.99,143.94,69,1,Shreya,India,Punjab,Female,1964-03-27,2023-01-12,Y,40.0,1.0
1090-FGZJJ,2019-06-19,Referral,2020-06-19,Basic,Monthly,,,6.99,552.21,25,0,Kavya,India,Odisha,Male,1960-10-14,,,,
8534-LQKGX,2022-03-06,Organic,2023-03-06,Basic,Monthly,,,6.99,321.54,67,0,Rahul,India,Kerala,Female,1997-01-17,,,,
0407-FYGQM,2024-07-04,Paid,2025-07-04,Basic,Annual,,,6.99,125.82,13,0,Ishaan,India,Madhya Pradesh,Female,1961-12-06,,,,
5286-DRBFM,2019-02-04,Referral,2020-02-04,Basic,Monthly,2021-07-15,Switched to competitor,6.99,202.71,15,1,Shreya,India,Kerala,Female,1962-05-01,,,,
7846-DGVZE,2021-08-01,Paid,2022-08-01,Standard,Monthly,,,14.99,794.47,27,0,Nikhil,India,Odisha,Male,2004-04-18,,,,
0137-SFVBS,2022-10-07,Paid,2023-10-07,Premium,Annual,,,23.99,935.61,12,0,Rahul,India,Maharashtra,Male,1988-02-01,,,,
9271-EKXBO,2019-05-18,Paid,2020-05-18,Basic,Monthly,,,7.99,639.2,56,0,Mohan,India,Maharashtra,Female,1962-03-11,2024-05-01,N,80.0,1.0
6493-CUMQL,2021-11-20,Paid,2022-11-20,Standard,Annual,,,15.99,799.5,61,0,Neha,India,Madhya Pradesh,Male,1993-02-22,,,,
5640-VFMPK,2024-12-22,Paid,2025-12-22,Standard,Annual,,,15.99,191.88,61,0,Tanvi,India,Delhi,Male,1983-12-05,,,,
8892-IEUKU,2019-09-15,Paid,2020-09-15,Premium,Monthly,2022-02-18,Forgot to cancel trial,22.99,666.71,98,1,Kavya,India,Delhi,Female,1980-01-10,2021-06-17,N,100.0,2.0
2438-BHUET,2020-10-08,Organic,2021-10-08,Premium,Monthly,2021-11-13,Switched to competitor,22.99,298.87,45,1,Mohan,India,Telangana,Female,1980-01-04,,,,
7551-HEIZA,2021-06-06,Organic,2022-06-06,Basic,Annual,,,6.99,384.45,63,0,Ananya,India,Gujarat,Female,1992-04-03,2022-12-30,Y,50.0,2.0
8961-CJESB,2019-12-25,Organic,2020-12-25,Standard,Annual,2020-08-04,Not enough content,13.99,97.93,77,1,Vishal,India,Telangana,Female,1992-02-02,2020-03-04,Y,60.0,1.0
7350-XUAIM,2022-05-04,Paid,2023-05-04,Premium,Annual,,,23.99,1055.56,38,0,Pooja,India,Uttar Pradesh,Female,1964-11-13,,,,
4161-FGBNA,2023-09-20,Referral,2024-09-20,Standard,Annual,,,13.99,377.73,49,0,Sneha,India,Haryana,Female,1962-02-04,,,,
2568-MBEJX,2024-11-21,Organic,2025-11-21,Basic,Annual,,,8.99,116.87,67,0,Meera,India,Tamil Nadu,Female,1992-10-04,2025-01-04,Y,20.0,1.0
0460-KVDEP,2019-06-03,Paid,2020-06-03,Basic,Monthly,,,8.99,719.2,31,0,Arjun,India,Odisha,Male,1992-02-08,,,,
1181-TZTKA,2023-10-15,Paid,2024-10-15,Premium,Annual,2025-11-18,Too expensive,22.99,574.75,70,1,Tanvi,India,Karnataka,Male,1995-04-13,,,,
3169-LHYXD,2019-03-23,Paid,2020-03-23,Premium,Annual,,,23.99,1967.18,97,0,Diya,India,Karnataka,Female,1989-05-19,2023-09-19,Y,30.0,1.0
9551-FOVTX,2021-11-12,Organic,2022-11-12,Standard,Annual,,,14.99,749.5,30,0,Sakshi,India,Delhi,Female,1985-04-18,,,,
0765-BKAIR,2022-01-19,Referral,2023-01-19,Premium,Monthly,,,22.99,1103.52,7,0,Aarav,India,Haryana,Female,1974-05-14,2022-05-03,N,100.0,1.0
2478-VZICC,2024-06-08,Organic,2025-06-08,Basic,Annual,2026-06-07,Not enough content,6.99,167.76,80,1,Ananya,India,Tamil Nadu,Female,1989-03-23,,,,
8983-AUSVM,2022-01-28,Organic,2023-01-28,Premium,Monthly,,,24.99,1174.53,95,0,Arjun,India,Punjab,Male,1968-08-28,,,,
1802-NYWEH,2019-03-12,Paid,2020-03-12,Standard,Annual,2019-11-09,Switched to competitor,13.99,111.92,73,1,Rahul,India,Rajasthan,Male,1969-07-18,,,,
3918-DWUHK,2022-10-14,Paid,2023-10-14,Basic,Annual,,,6.99,272.61,2,0,Neha,India,Uttar Pradesh,Male,1986-07-30,,,,
3810-DKWQG,2022-11-27,Paid,2023-11-27,Basic,Monthly,,,7.99,295.63,85,0,Pooja,India,Maharashtra,Female,1994-08-04,2024-03-23,Y,30.0,2.0
9426-NLOMI,2023-05-28,Paid,2024-05-28,Basic,Annual,2025-03-25,Poor streaming quality,6.99,153.78,55,1,Nikhil,India,Haryana,Female,1975-06-23,2024-03-14,N,90.0,1.0
8561-ZQREP,2020-08-15,Paid,2021-08-15,Standard,Annual,2020-10-17,Switched to competitor,13.99,27.98,85,1,Kavya,India,Punjab,Female,2002-05-26,2020-09-22,Y,10.0,1.0
5191-BIVCS,2022-07-02,Organic,2023-07-02,Standard,Annual,2023-01-03,Too expensive,14.99,89.94,86,1,Karan,India,Kerala,Female,1999-07-08,,,,
5088-RHNZG,2022-10-21,Organic,2023-10-21,Standard,Monthly,,,13.99,531.62,33,0,Shreya,India,Gujarat,Male,1973-11-20,,,,
2507-YHYHO,2020-11-23,Organic,2021-11-23,Standard,Monthly,,,13.99,867.38,67,0,Riya,India,Punjab,Male,1981-07-17,2023-08-07,N,70.0,1.0
9249-FQFPO,2020-03-07,Referral,2021-03-07,Basic,Monthly,2022-07-24,Too expensive,6.99,195.72,77,1,Shreya,India,Gujarat,Female,1983-06-22,2020-09-03,N,70.0,1.0
8602-OXXUL,2023-04-16,Referral,2024-04-16,Standard,Annual,,,13.99,461.67,46,0,Shreya,India,Gujarat,Male,1999-11-02,,,,
8928-GFULR,2021-12-26,Paid,2022-12-26,Premium,Monthly,,,23.99,1151.52,44,0,Aarav,India,Madhya Pradesh,Female,2003-06-19,,,,
6587-YYGZY,2020-11-11,Organic,2021-11-11,Premium,Monthly,,,22.99,1425.38,42,0,Tanvi,India,Odisha,Female,1990-09-24,2022-12-13,N,70.0,1.0
8185-CKVMF,2024-12-25,Referral,2025-12-25,Premium,Monthly,,,22.99,275.88,68,0,Aditi,India,Tamil Nadu,Female,1986-02-06,,,,
7856-KWUNU,2020-05-12,Paid,2021-05-12,Standard,Annual,2020-12-07,Poor streaming quality,15.99,95.94,89,1,Rohan,India,Punjab,Female,1993-09-01,,,,
4093-AMZPM,2022-10-06,Paid,2023-10-06,Standard,Annual,2023-11-13,Forgot to cancel trial,13.99,181.87,85,1,Sakshi,India,Bihar,Female,1979-11-25,,,,
3881-VXEHU,2019-05-14,Organic,2020-05-14,Premium,Monthly,,,22.99,1839.2,70,0,Pooja,India,Karnataka,Female,1974-04-21,2023-11-25,N,90.0,1.0
5052-QCQSY,2021-07-06,Referral,2022-07-06,Basic,Monthly,,,6.99,377.46,18,0,Nikhil,India,Punjab,Male,1961-11-11,,,,
2884-LEAOG,2021-11-18,Organic,2022-11-18,Standard,Monthly,,,14.99,749.5,14,0,Priya,India,Karnataka,Female,1997-04-09,,,,
0171-WOJOQ,2020-10-20,Referral,2021-10-20,Basic,Monthly,,,6.99,440.37,39,0,Riya,India,Gujarat,Male,1969-04-07,,,,
3424-DYZTL,2022-01-23,Organic,2023-01-23,Premium,Annual,,,22.99,1080.53,55,0,Ananya,India,West Bengal,Female,1973-03-30,2024-08-22,N,60.0,1.0
9180-TKCFT,2023-08-16,Paid,2024-08-16,Basic,Monthly,,,6.99,195.72,91,0,Riya,India,Tamil Nadu,Male,1991-02-18,,,,
0616-LIXHZ,2021-10-16,Referral,2022-10-16,Standard,Monthly,,,15.99,815.49,45,0,Karan,India,Haryana,Female,1993-09-27,,,,
6533-RTWEA,2020-05-16,Organic,2021-05-16,Standard,Monthly,2022-08-24,Switched to competitor,13.99,377.73,94,1,Aditya,India,Telangana,Female,1980-04-10,2022-05-02,Y,30.0,2.0
2997-MQAQX,2023-02-12,Paid,2024-02-12,Basic,Monthly,,,8.99,314.65,58,0,Mohan,India,Tamil Nadu,Female,1983-10-26,,,,
9928-RWUWL,2023-03-08,Paid,2024-03-08,Basic,Annual,,,6.99,237.66,31,0,Arjun,India,Odisha,Male,2005-11-24,,,,
2329-WGBAH,2019-04-24,Referral,2020-04-24,Standard,Annual,,,14.99,1214.19,17,0,Kavya,India,Madhya Pradesh,Male,1980-11-22,,,,
0742-KXVVQ,2023-08-05,Referral,2024-08-05,Standard,Annual,,,13.99,405.71,80,0,Shreya,India,Kerala,Male,1970-04-27,,,,
8096-CRMVW,2021-07-21,Referral,2022-07-21,Standard,Monthly,,,13.99,755.46,38,0,Priya,India,Telangana,Male,1991-05-31,,,,
4828-SSDGU,2019-03-11,Organic,2020-03-11,Standard,Annual,2019-10-30,Too expensive,15.99,111.93,75,1,Varun,India,Karnataka,Male,1973-03-10,,,,
7154-YVJND,2022-11-13,Paid,2023-11-13,Premium,Annual,2024-06-11,Not enough content,22.99,436.81,80,1,Varun,India,Tamil Nadu,Male,1991-06-29,2023-06-28,N,60.0,1.0
8260-GXGRR,2023-10-12,Organic,2024-10-12,Basic,Annual,2025-05-14,Too expensive,6.99,132.81,56,1,Aditya,India,Karnataka,Male,1961-03-11,,,,
2784-KLNEZ,2024-06-20,Organic,2025-06-20,Basic,Annual,,,6.99,125.82,19,0,Rahul,India,Karnataka,Male,1998-05-02,,,,
2335-DBXKU,2019-09-23,Paid,2020-09-23,Premium,Annual,,,24.99,1899.24,55,0,Vishal,India,Gujarat,Male,1986-09-28,2021-12-28,Y,60.0,1.0
3771-LVBLY,2019-02-13,Paid,2020-02-13,Basic,Annual,,,6.99,580.17,26,0,Pooja,India,Bihar,Female,1964-11-01,,,,
4408-PWFFV,2023-04-07,Referral,2024-04-07,Premium,Annual,,,22.99,758.67,2,0,Karan,India,Telangana,Female,1969-09-19,,,,
4651-AKMDN,2019-01-01,Referral,2020-01-01,Basic,Monthly,,,6.99,594.15,50,0,Rohan,India,Bihar,Male,1962-06-10,2024-07-16,Y,40.0,1.0
1725-WNFZO,2019-07-17,Paid,2020-07-17,Standard,Annual,,,14.99,1169.22,43,0,Pooja,India,Karnataka,Female,1967-12-15,,,,
9973-RVVAE,2021-09-22,Organic,2022-09-22,Premium,Annual,,,22.99,1195.48,69,0,Diya,India,Punjab,Female,1984-02-21,,,,
9666-CHACY,2021-06-15,Referral,2022-06-15,Standard,Monthly,2021-10-12,Too expensive,13.99,41.97,55,1,Tanvi,India,West Bengal,Female,2000-03-04,,,,
8795-SISHZ,2021-05-15,Organic,2022-05-15,Basic,Annual,2021-08-27,Not enough content,8.99,26.97,78,1,Pooja,India,Bihar,Female,1981-04-14,,,,
5517-NNPZT,2020-10-09,Paid,2021-10-09,Standard,Annual,2022-11-13,Forgot to cancel trial,13.99,349.75,40,1,Meera,India,Bihar,Male,1986-11-20,2022-06-14,N,100.0,1.0
0955-WPWCI,2024-08-10,Referral,2025-08-10,Standard,Annual,,,14.99,239.84,33,0,Shreya,India,Bihar,Female,1967-06-10,,,,
0479-QOQPJ,2021-08-16,Referral,2022-08-16,Premium,Annual,,,23.99,1271.47,77,0,Aditya,India,Uttar Pradesh,Male,1988-07-18,2025-06-05,N,60.0,1.0
9311-LDZQR,2020-12-25,Organic,2021-12-25,Premium,Monthly,,,23.99,1463.39,16,0,Rahul,India,Haryana,Male,1996-01-03,,,,
9485-XTHLZ,2024-03-24,Organic,2025-03-24,Premium,Monthly,2024-12-15,Forgot to cancel trial,22.99,183.92,63,1,Pooja,India,Delhi,Male,1975-02-23,,,,
4776-CHHND,2024-05-18,Referral,2025-05-18,Premium,Annual,,,22.99,436.81,38,0,Aarav,India,Karnataka,Female,1979-05-18,,,,
9934-LKJEM,2022-01-27,Referral,2023-01-27,Standard,Monthly,,,14.99,704.53,86,0,Tanvi,India,Uttar Pradesh,Female,1972-10-01,2023-03-30,N,90.0,1.0
3855-IWVKU,2019-09-04,Organic,2020-09-04,Standard,Annual,,,14.99,1154.23,28,0,Aditya,India,Maharashtra,Female,1975-06-03,,,,
4345-ONNJY,2023-01-13,Organic,2024-01-13,Standard,Monthly,,,14.99,539.64,55,0,Neha,India,Rajasthan,Female,1968-07-26,,,,
6212-RVVQC,2021-12-05,Referral,2022-12-05,Standard,Monthly,,,15.99,783.51,58,0,Diya,India,Maharashtra,Male,1967-07-03,,,,
4936-TJZBQ,2021-10-03,Referral,2022-10-03,Premium,Monthly,,,24.99,1274.49,3,0,Karan,India,Maharashtra,Male,1987-07-22,,,,
0070-TZQZI,2023-11-04,Paid,2024-11-04,Standard,Monthly,,,15.99,415.74,20,0,Karan,India,Tamil Nadu,Female,2000-04-13,,,,
9494-VYVTV,2022-05-12,Organic,2023-05-12,Premium,Monthly,2024-02-06,Poor streaming quality,22.99,482.79,56,1,Arjun,India,Karnataka,Male,1964-08-02,,,,
0489-RDYAK,2023-07-23,Referral,2024-07-23,Standard,Monthly,,,15.99,463.71,92,0,Pooja,India,Delhi,Female,1975-02-08,2025-09-16,N,70.0,3.0
2260-ZZNCI,2024-03-22,Paid,2025-03-22,Standard,Annual,,,13.99,293.79,39,0,Priya,India,Haryana,Female,1983-05-30,,,,
6216-VQXOZ,2021-08-08,Paid,2022-08-08,Basic,Monthly,,,6.99,370.47,47,0,Priya,India,Punjab,Female,1986-06-19,,,,
5876-IOHXV,2019-10-18,Referral,2020-10-18,Standard,Annual,,,15.99,1199.25,18,0,Akash,India,Karnataka,Female,1977-06-28,,,,
0723-QUDAR,2024-05-09,Organic,2025-05-09,Premium,Annual,2026-06-16,Too expensive,22.99,574.75,77,1,Ishaan,India,Punjab,Female,2003-12-21,,,,
7691-BMPMF,2024-04-22,Paid,2025-04-22,Basic,Annual,2026-07-16,Poor streaming quality,7.99,215.73,95,1,Aditi,India,Maharashtra,Male,1979-05-24,,,,
8181-FUXDA,2023-12-05,Referral,2024-12-05,Standard,Monthly,,,14.99,374.75,41,0,Diya,India,Haryana,Male,1987-09-30,,,,
5750-ZTEUR,2023-12-16,Referral,2024-12-16,Basic,Monthly,,,8.99,215.76,46,0,Arjun,India,Uttar Pradesh,Male,1980-01-09,,,,
6144-ZQCWS,2024-02-05,Paid,2025-02-05,Standard,Annual,,,13.99,321.77,65,0,Tanvi,India,Maharashtra,Male,1977-10-31,2024-08-19,Y,60.0,2.0
6764-BKCJS,2021-02-04,Organic,2022-02-04,Premium,Annual,,,23.99,1415.41,59,0,Mohan,India,Odisha,Female,1996-07-21,,,,
8538-LIVKG,2020-11-05,Referral,2021-11-05,Premium,Monthly,,,24.99,1549.38,56,0,Riya,India,West Bengal,Male,1998-03-12,2024-12-09,Y,30.0,1.0
0941-SMSZD,2020-07-27,Referral,2021-07-27,Basic,Monthly,,,7.99,527.34,14,0,Sakshi,India,Bihar,Male,1965-04-13,,,,
1505-PUUPQ,2024-02-16,Paid,2025-02-16,Premium,Annual,2024-06-03,Forgot to cancel trial,22.99,68.97,59,1,Diya,India,Madhya Pradesh,Male,1984-10-22,,,,
2530-TLUWZ,2023-11-25,Paid,2024-11-25,Standard,Monthly,2024-11-06,Switched to competitor,13.99,153.89,95,1,Karan,India,West Bengal,Female,1964-07-18,2024-06-10,Y,50.0,1.0
9085-MFTHL,2021-05-26,Paid,2022-05-26,Basic,Monthly,,,7.99,447.44,29,0,Aarav,India,Odisha,Female,1974-02-02,,,,
7562-SYBAH,2023-06-23,Referral,2024-06-23,Standard,Monthly,,,15.99,479.7,34,0,Riya,India,Odisha,Female,1991-09-16,,,,
6257-VXFAQ,2021-12-04,Paid,2022-12-04,Standard,Annual,2024-02-07,Not enough content,13.99,363.74,10,1,Mohan,India,West Bengal,Female,1963-05-31,,,,
6617-MPDQN,2020-12-26,Paid,2021-12-26,Basic,Monthly,,,6.99,426.39,26,0,Aarav,India,Rajasthan,Female,1998-06-08,,,,
7586-WOGFH,2024-11-12,Paid,2025-11-12,Basic,Monthly,2025-12-25,Poor streaming quality,8.99,116.87,59,1,Rahul,India,West Bengal,Male,2004-02-01,,,,
7558-YDMLR,2021-11-15,Referral,2022-11-15,Premium,Annual,2022-08-12,Poor streaming quality,24.99,224.91,78,1,Meera,India,Maharashtra,Male,1999-03-26,2022-05-25,N,60.0,2.0
3778-HDXHK,2024-11-22,Organic,2025-11-22,Basic,Annual,2025-05-10,Not enough content,6.99,34.95,85,1,Priya,India,Punjab,Male,1988-09-11,2025-03-18,Y,20.0,1.0
7660-KSJJI,2019-06-14,Organic,2020-06-14,Premium,Monthly,,,22.99,1816.21,70,0,Ishaan,India,Bihar,Male,2002-04-30,2024-08-17,N,100.0,1.0
4869-VYNNK,2024-03-21,Referral,2025-03-21,Premium,Monthly,2026-04-15,Not enough content,22.99,574.75,62,1,Mohan,India,Delhi,Male,1996-12-11,,,,
5434-BUSVI,2024-12-28,Paid,2025-12-28,Premium,Annual,,,22.99,275.88,37,0,Tanvi,India,West Bengal,Female,1997-12-28,,,,
8217-KYSSM,2022-02-17,Organic,2023-02-17,Basic,Monthly,,,7.99,375.53,18,0,Mohan,India,Kerala,Male,1999-04-09,,,,
2999-YEGCH,2021-05-06,Referral,2022-05-06,Standard,Annual,2021-12-08,Too expensive,13.99,97.93,69,1,Priya,India,Tamil Nadu,Male,1980-12-17,,,,
0638-FOMUB,2024-05-18,Referral,2025-05-18,Standard,Annual,2025-12-31,Not enough content,15.99,303.81,85,1,Diya,India,Rajasthan,Male,1990-09-01,2024-12-07,Y,40.0,1.0
6561-LSTXW,2020-01-25,Organic,2021-01-25,Standard,Annual,,,15.99,1151.28,29,0,Varun,India,Telangana,Female,1963-05-29,,,,
1477-LLFGW,2021-08-15,Referral,2022-08-15,Premium,Monthly,,,22.99,1218.47,26,0,Karan,India,Madhya Pradesh,Male,1970-06-28,2024-09-11,Y,10.0,1.0
2968-BCGTL,2023-01-16,Referral,2024-01-16,Basic,Monthly,,,6.99,251.64,32,0,Aditi,India,Maharashtra,Female,1980-02-04,2024-01-22,N,90.0,1.0
2254-EPSSW,2019-05-14,Paid,2020-05-14,Basic,Monthly,,,8.99,719.2,59,0,Kavya,India,Karnataka,Male,1996-11-13,,,,
3030-YUYEQ,2022-06-08,Paid,2023-06-08,Premium,Annual,2023-12-07,Forgot to cancel trial,22.99,413.82,86,1,Shreya,India,Haryana,Male,1966-05-17,2023-05-27,Y,20.0,1.0
2372-FLZQV,2019-12-01,Paid,2020-12-01,Standard,Monthly,2020-02-12,Not enough content,13.99,27.98,62,1,Aditi,India,Rajasthan,Female,1999-08-09,2020-01-30,Y,40.0,1.0
9163-MSUOS,2024-11-02,Referral,2025-11-02,Basic,Annual,,,8.99,125.86,42,0,Sneha,India,Bihar,Female,1962-06-28,2025-01-26,N,70.0,1.0
7827-FVIGS,2019-04-07,Referral,2020-04-07,Basic,Annual,,,6.99,573.18,9,0,Mohan,India,Maharashtra,Male,1994-04-30,,,,
4823-VYELH,2020-11-20,Organic,2021-11-20,Standard,Monthly,,,15.99,991.38,5,0,Ishaan,India,Madhya Pradesh,Male,1978-04-04,,,,
4502-ICLJL,2023-05-16,Paid,2024-05-16,Premium,Monthly,2023-08-11,Too expensive,22.99,45.98,65,1,Sakshi,India,Uttar Pradesh,Female,2001-12-27,2023-08-11,N,80.0,2.0
3816-FTRNX,2020-05-27,Referral,2021-05-27,Standard,Monthly,2021-12-23,Too expensive,13.99,265.81,65,1,Priya,India,Tamil Nadu,Male,1960-11-26,,,,
8882-MGUTW,2020-05-10,Paid,2021-05-10,Premium,Monthly,,,22.99,1563.32,35,0,Rohan,India,Karnataka,Female,1991-10-05,,,,
4983-KYBOD,2022-06-22,Paid,2023-06-22,Premium,Monthly,,,22.99,965.58,43,0,Akash,India,Madhya Pradesh,Male,1988-05-29,,,,
9596-GLCQO,2023-03-22,Paid,2024-03-22,Standard,Monthly,,,13.99,461.67,18,0,Pooja,India,Bihar,Female,1986-07-06,,,,
7835-ETZUG,2019-09-09,Paid,2020-09-09,Premium,Monthly,2021-06-23,Not enough content,24.99,524.79,80,1,Neha,India,Odisha,Male,1974-04-24,2019-09-21,Y,30.0,1.0
5982-WOMPE,2021-03-09,Paid,2022-03-09,Premium,Monthly,,,23.99,1391.42,52,0,Mohan,India,Tamil Nadu,Male,2004-04-23,,,,
7317-VGRER,2020-12-24,Organic,2021-12-24,Basic,Monthly,,,6.99,426.39,35,0,Neha,India,Odisha,Female,1961-10-14,,,,
8391-YCHHX,2020-05-25,Referral,2021-05-25,Basic,Monthly,,,6.99,475.32,82,0,Aditya,India,Kerala,Female,1970-09-15,2024-02-28,Y,40.0,1.0
6012-GHKYW,2019-01-01,Organic,2020-01-01,Premium,Monthly,2019-11-20,Switched to competitor,22.99,229.9,13,1,Priya,India,Karnataka,Male,1990-08-03,,,,
8831-MWCCN,2019-03-04,Referral,2020-03-04,Premium,Annual,2020-10-06,Switched to competitor,24.99,474.81,32,1,Akash,India,Tamil Nadu,Female,2003-11-04,,,,
9544-VAEMI,2024-06-07,Organic,2025-06-07,Standard,Annual,,,13.99,265.81,31,0,Rohan,India,Maharashtra,Male,1970-03-31,,,,
7486-NWSFR,2022-02-22,Referral,2023-02-22,Basic,Annual,,,6.99,321.54,87,0,Aditi,India,Telangana,Male,1997-09-29,2025-07-24,Y,30.0,3.0
0646-TNAIV,2023-03-19,Paid,2024-03-19,Basic,Monthly,,,7.99,263.67,85,0,Rohan,India,Karnataka,Female,1998-07-14,2025-11-25,N,80.0,3.0
9376-LGEQK,2019-03-03,Paid,2020-03-03,Standard,Monthly,,,13.99,1161.17,22,0,Riya,India,Telangana,Female,1981-08-29,2020-06-01,N,90.0,1.0
8131-LLOLR,2021-08-03,Referral,2022-08-03,Standard,Annual,,,14.99,794.47,42,0,Meera,India,Rajasthan,Male,1977-02-18,,,,
2741-RHNBE,2023-10-12,Referral,2024-10-12,Premium,Monthly,,,22.99,620.73,36,0,Varun,India,Telangana,Male,1963-07-29,,,,
9543-VTKQC,2020-01-23,Organic,2021-01-23,Standard,Monthly,,,14.99,1079.28,67,0,Sneha,India,Madhya Pradesh,Female,1978-09-17,,,,
2309-WCNUF,2019-03-23,Organic,2020-03-23,Standard,Monthly,2019-08-11,Not enough content,15.99,63.96,83,1,Riya,India,Rajasthan,Male,1993-11-01,2019-05-14,Y,10.0,1.0
2382-BBRPM,2022-12-27,Organic,2023-12-27,Standard,Monthly,,,15.99,575.64,89,0,Akash,India,Maharashtra,Male,1988-11-06,2024-10-22,N,70.0,1.0
7243-QIXFZ,2023-02-18,Organic,2024-02-18,Basic,Annual,2023-04-23,Poor streaming quality,7.99,15.98,49,1,Diya,India,Punjab,Female,1964-11-16,,,,
2864-WYEAI,2024-02-07,Referral,2025-02-07,Standard,Annual,2024-10-22,Forgot to cancel trial,14.99,119.92,40,1,Neha,India,Tamil Nadu,Male,1988-09-17,,,,
7102-PUOFZ,2019-11-17,Paid,2020-11-17,Premium,Annual,2020-04-10,Switched to competitor,24.99,99.96,69,1,Arjun,India,Bihar,Female,1969-03-15,2019-11-21,Y,40.0,1.0
4769-AEUET,2021-02-25,Referral,2022-02-25,Basic,Monthly,,,6.99,412.41,66,0,Pooja,India,Delhi,Male,1962-07-05,2024-04-14,Y,60.0,1.0
4634-OWJQL,2019-03-18,Referral,2020-03-18,Standard,Monthly,,,13.99,1147.18,35,0,Pooja,India,Telangana,Male,1997-08-01,2020-09-03,N,80.0,1.0
6508-DUIXH,2019-11-02,Referral,2020-11-02,Premium,Annual,,,22.99,1724.25,33,0,Sakshi,India,Maharashtra,Female,1988-12-17,2021-09-06,Y,10.0,1.0
8656-KSQRV,2020-02-08,Referral,2021-02-08,Premium,Monthly,,,22.99,1632.29,88,0,Priya,India,Gujarat,Female,1999-02-25,2024-02-09,Y,10.0,3.0
2734-SADGZ,2024-09-02,Paid,2025-09-02,Basic,Monthly,,,7.99,127.84,63,0,Sneha,India,Uttar Pradesh,Female,1989-12-01,,,,
3263-MTOEN,2022-06-17,Referral,2023-06-17,Premium,Annual,,,22.99,988.57,3,0,Mohan,India,Karnataka,Male,1997-10-21,,,,
7820-DOJGT,2024-04-04,Paid,2025-04-04,Premium,Monthly,,,22.99,482.79,44,0,Aditya,India,Maharashtra,Male,1987-05-14,,,,
9285-YEGQV,2019-04-02,Paid,2020-04-02,Basic,Monthly,,,8.99,737.18,75,0,Priya,India,Gujarat,Male,1993-06-27,2025-09-23,N,90.0,1.0
0790-FEIRD,2022-11-24,Paid,2023-11-24,Premium,Monthly,,,23.99,887.63,84,0,Aditi,India,Gujarat,Female,1980-09-24,,,,
4785-YLNUY,2022-08-04,Paid,2023-08-04,Basic,Annual,,,6.99,286.59,82,0,Sakshi,India,Delhi,Female,1976-12-29,,,,
7723-EWRQM,2024-09-23,Organic,2025-09-23,Basic,Monthly,,,8.99,134.85,43,0,Varun,India,Haryana,Male,1974-06-03,,,,
2990-NUHOB,2022-05-23,Referral,2023-05-23,Standard,Monthly,,,13.99,601.57,82,0,Meera,India,Karnataka,Female,1965-02-14,2024-04-08,Y,20.0,1.0
5970-AKJWI,2023-03-01,Paid,2024-03-01,Premium,Monthly,,,22.99,781.66,43,0,Varun,India,Delhi,Male,1993-01-01,,,,
9992-RAVLO,2024-12-05,Organic,2025-12-05,Premium,Monthly,,,23.99,311.87,73,0,Shreya,India,Telangana,Male,1975-12-26,2025-06-02,N,60.0,1.0
3713-AVIQU,2024-01-01,Referral,2025-01-01,Premium,Monthly,,,22.99,551.76,4,0,Tanvi,India,Rajasthan,Female,1984-06-24,,,,
3071-OXWGT,2020-11-17,Paid,2021-11-17,Basic,Monthly,,,8.99,557.38,35,0,Kavya,India,Kerala,Male,1964-10-27,,,,
3138-HTJAM,2019-01-06,Paid,2020-01-06,Basic,Annual,2019-05-29,Poor streaming quality,6.99,27.96,67,1,Diya,India,Kerala,Male,2004-06-04,,,,
3652-YQDLE,2021-04-18,Referral,2022-04-18,Standard,Monthly,2023-07-17,Switched to competitor,13.99,377.73,98,1,Nikhil,India,Rajasthan,Female,1992-02-14,2023-01-19,Y,50.0,2.0
3782-IDATL,2022-08-28,Referral,2023-08-28,Standard,Annual,,,13.99,559.6,28,0,Priya,India,Rajasthan,Female,1994-05-22,,,,
7846-ZUEDW,2021-10-02,Paid,2022-10-02,Basic,Monthly,,,6.99,356.49,74,0,Karan,India,West Bengal,Female,1998-01-29,,,,
3177-EKAUP,2023-01-09,Referral,2024-01-09,Premium,Annual,,,24.99,899.64,36,0,Kavya,India,Odisha,Male,1963-12-18,2023-01-26,N,100.0,1.0
0118-NSNDP,2021-02-14,Organic,2022-02-14,Standard,Annual,,,15.99,943.41,26,0,Sakshi,India,Kerala,Male,1997-10-29,,,,
9168-UYZRB,2019-07-19,Paid,2020-07-19,Basic,Monthly,,,6.99,545.22,9,0,Akash,India,Uttar Pradesh,Female,1990-08-14,2021-09-09,N,60.0,1.0
0886-WKFGS,2020-02-21,Organic,2021-02-21,Standard,Annual,2020-11-03,Poor streaming quality,13.99,111.92,96,1,Ishaan,India,Madhya Pradesh,Female,1975-04-21,2020-06-07,N,60.0,1.0
7263-GWUNY,2020-08-04,Referral,2021-08-04,Basic,Annual,2022-11-15,Not enough content,6.99,188.73,98,1,Rahul,India,Rajasthan,Female,1967-04-26,,,,
9423-OAGTM,2022-02-05,Organic,2023-02-05,Standard,Monthly,,,13.99,657.53,47,0,Sneha,India,Punjab,Female,1986-12-11,,,,
2099-KFDRC,2020-06-09,Referral,2021-06-09,Standard,Monthly,2021-04-06,Not enough content,13.99,139.9,86,1,Kavya,India,Bihar,Female,1979-12-04,2021-03-09,Y,10.0,2.0
2417-YXZUR,2021-07-05,Organic,2022-07-05,Premium,Annual,,,23.99,1295.46,40,0,Pooja,India,Haryana,Female,2002-03-25,2025-01-22,N,70.0,1.0
8537-OYGYT,2019-05-01,Paid,2020-05-01,Basic,Annual,2021-09-14,Not enough content,6.99,195.72,84,1,Karan,India,Delhi,Male,1979-11-24,2021-08-20,Y,40.0,1.0
2765-CHNYL,2019-01-13,Referral,2020-01-13,Premium,Monthly,2019-12-08,Too expensive,22.99,229.9,73,1,Arjun,India,Madhya Pradesh,Male,1972-02-12,2019-01-30,N,100.0,1.0
7774-USLHC,2020-09-07,Organic,2021-09-07,Premium,Annual,,,22.99,1471.36,34,0,Ananya,India,Punjab,Female,2004-07-09,,,,
4408-QQJEU,2024-06-07,Referral,2025-06-07,Basic,Annual,,,6.99,132.81,26,0,Rahul,India,West Bengal,Male,1970-06-17,,,,
9833-HHBMK,2024-04-14,Paid,2025-04-14,Basic,Annual,,,7.99,159.8,39,0,Akash,India,Delhi,Female,1966-05-06,,,,
3156-ZLSCT,2022-08-20,Paid,2023-08-20,Standard,Monthly,2023-03-17,Not enough content,13.99,83.94,15,1,Pooja,India,Delhi,Male,1981-01-04,,,,
3031-QYUAL,2022-02-28,Referral,2023-02-28,Premium,Annual,2024-07-23,Forgot to cancel trial,22.99,666.71,81,1,Akash,India,Kerala,Female,1999-05-23,,,,
2428-MEQZJ,2022-08-05,Organic,2023-08-05,Basic,Annual,,,6.99,286.59,58,0,Meera,India,Tamil Nadu,Male,1994-05-01,,,,
4469-CARCB,2021-12-19,Organic,2022-12-19,Standard,Annual,,,13.99,685.51,32,0,Priya,India,Telangana,Male,1961-08-16,,,,
2426-REFRY,2020-12-16,Referral,2021-12-16,Basic,Annual,,,8.99,548.39,70,0,Sakshi,India,West Bengal,Female,1960-09-17,2025-01-09,N,60.0,1.0
6708-EQPXH,2020-01-20,Referral,2021-01-20,Standard,Annual,,,13.99,1007.28,9,0,Aditi,India,Kerala,Male,2004-05-18,,,,
9204-ONJPW,2022-03-13,Organic,2023-03-13,Basic,Annual,,,6.99,321.54,66,0,Riya,India,Maharashtra,Female,1996-08-14,2022-12-05,N,90.0,1.0
6142-TXILF,2024-05-19,Referral,2025-05-19,Standard,Annual,,,15.99,303.81,25,0,Shreya,India,Haryana,Female,1969-05-16,2024-06-23,N,70.0,1.0
3468-LEYKW,2023-05-23,Paid,2024-05-23,Standard,Annual,2024-02-25,Too expensive,13.99,125.91,65,1,Ananya,India,Tamil Nadu,Male,1989-08-09,2023-05-24,Y,50.0,1.0
4347-CRDXE,2022-03-21,Organic,2023-03-21,Basic,Monthly,2023-12-05,Switched to competitor,6.99,139.8,41,1,Pooja,India,Punjab,Female,1991-07-18,,,,
1874-NREWY,2019-04-11,Organic,2020-04-11,Standard,Annual,,,14.99,1214.19,60,0,Aarav,India,Rajasthan,Male,1998-03-19,,,,
5782-XFCJJ,2022-07-22,Organic,2023-07-22,Basic,Annual,,,6.99,286.59,5,0,Aarav,India,West Bengal,Female,1971-07-25,,,,
0438-DEKSA,2021-06-20,Paid,2022-06-20,Basic,Annual,,,6.99,384.45,25,0,Kavya,India,Maharashtra,Female,2004-09-14,2025-03-06,N,70.0,1.0
3457-HHVXP,2021-06-28,Referral,2022-06-28,Basic,Annual,,,8.99,485.46,43,0,Meera,India,West Bengal,Female,1961-11-21,,,,
0884-XTAFS,2022-08-16,Organic,2023-08-16,Premium,Annual,2023-05-24,Not enough content,24.99,224.91,99,1,Sneha,India,Gujarat,Male,1960-07-06,2023-05-23,Y,30.0,2.0
9827-VRVFL,2021-10-13,Paid,2022-10-13,Premium,Monthly,,,22.99,1172.49,30,0,Aditi,India,West Bengal,Male,1963-08-23,,,,
8332-KPFYU,2023-10-24,Paid,2024-10-24,Basic,Monthly,2024-11-15,Too expensive,7.99,95.88,77,1,Kavya,India,West Bengal,Male,1980-01-27,2023-10-28,Y,10.0,1.0
8213-MXLXR,2022-07-25,Organic,2023-07-25,Standard,Monthly,,,14.99,614.59,43,0,Vishal,India,Rajasthan,Male,1996-06-13,,,,
5093-IGWFH,2024-08-01,Organic,2025-08-01,Standard,Annual,,,15.99,271.83,5,0,Aditi,India,Punjab,Female,1985-12-03,,,,
9827-VXQKV,2020-11-13,Referral,2021-11-13,Standard,Annual,,,13.99,867.38,68,0,Vishal,India,Delhi,Female,1968-07-13,2022-05-12,N,70.0,1.0
8875-BTTXB,2019-03-11,Organic,2020-03-11,Premium,Annual,,,22.99,1885.18,55,0,Pooja,India,Karnataka,Female,2000-05-09,,,,
8669-OZWWC,2023-06-25,Organic,2024-06-25,Basic,Annual,2023-09-20,Too expensive,8.99,17.98,77,1,Priya,India,Gujarat,Male,1964-09-04,2023-07-08,N,100.0,2.0
7381-MEGRS,2021-09-19,Referral,2022-09-19,Basic,Monthly,,,6.99,363.48,13,0,Priya,India,Madhya Pradesh,Female,1975-10-31,,,,
4557-CGARX,2024-11-16,Organic,2025-11-16,Standard,Monthly,,,13.99,181.87,75,0,Priya,India,Karnataka,Female,1992-09-15,2025-11-04,N,80.0,1.0
5164-SIEHA,2021-02-26,Referral,2022-02-26,Basic,Monthly,,,6.99,405.42,19,0,Aditi,India,Haryana,Male,1987-11-15,,,,
3112-CYZRR,2024-08-22,Referral,2025-08-22,Standard,Monthly,,,14.99,239.84,36,0,Varun,India,Maharashtra,Male,1982-07-31,2025-04-24,N,80.0,1.0
3882-AGKYL,2023-01-26,Paid,2024-01-26,Premium,Annual,,,23.99,839.65,67,0,Tanvi,India,Gujarat,Female,1989-12-12,,,,
9486-FETDY,2020-03-07,Paid,2021-03-07,Basic,Annual,2022-05-09,Switched to competitor,8.99,233.74,96,1,Mohan,India,Kerala,Male,1979-10-22,2020-11-30,Y,40.0,1.0
5553-OKXRO,2023-03-04,Paid,2024-03-04,Premium,Annual,,,22.99,781.66,13,0,Rahul,India,Karnataka,Female,2004-01-18,,,,
4422-YNVAE,2024-11-05,Referral,2025-11-05,Premium,Annual,,,23.99,335.86,21,0,Meera,India,Odisha,Female,1992-09-08,,,,
2502-IZGBO,2019-04-28,Organic,2020-04-28,Premium,Monthly,,,22.99,1862.19,35,0,Mohan,India,Madhya Pradesh,Male,1960-05-18,,,,
2406-VPQEZ,2023-07-18,Paid,2024-07-18,Premium,Monthly,,,22.99,666.71,95,0,Aditi,India,Kerala,Male,1983-08-15,2023-11-05,N,100.0,1.0
8606-LMQRQ,2024-07-18,Referral,2025-07-18,Premium,Monthly,,,22.99,390.83,14,0,Nikhil,India,Gujarat,Female,2002-06-01,,,,
7033-WDOSY,2023-02-11,Organic,2024-02-11,Standard,Monthly,2025-06-19,Forgot to cancel trial,13.99,391.72,60,1,Varun,India,Rajasthan,Male,1999-08-22,2025-03-24,N,100.0,1.0
3613-RTNOX,2022-02-25,Paid,2023-02-25,Premium,Annual,,,24.99,1149.54,23,0,Varun,India,Uttar Pradesh,Male,1990-08-13,,,,
7549-TENDD,2021-01-15,Organic,2022-01-15,Standard,Monthly,,,15.99,959.4,34,0,Mohan,India,Gujarat,Female,1988-06-02,,,,
5686-DPVPG,2019-08-01,Referral,2020-08-01,Premium,Monthly,,,24.99,1949.22,46,0,Pooja,India,Odisha,Male,1962-10-03,,,,
2212-UUJCY,2024-12-19,Referral,2025-12-19,Basic,Annual,,,6.99,83.88,59,0,Sakshi,India,Odisha,Male,1977-09-21,2025-07-16,Y,30.0,2.0
8561-AJYHS,2023-01-01,Organic,2024-01-01,Standard,Monthly,,,14.99,539.64,4,0,Pooja,India,Bihar,Female,1971-01-03,,,,
1165-AQSNZ,2024-04-26,Referral,2025-04-26,Basic,Monthly,,,7.99,159.8,43,0,Aarav,India,Punjab,Male,1979-01-01,,,,
7271-FMEVH,2024-07-23,Paid,2025-07-23,Basic,Monthly,,,6.99,118.83,68,0,Neha,India,West Bengal,Male,1993-05-08,,,,
7542-EZHIS,2023-09-27,Referral,2024-09-27,Premium,Monthly,,,22.99,620.73,79,0,Shreya,India,West Bengal,Female,1998-09-14,,,,
7137-ONENQ,2022-02-20,Organic,2023-02-20,Basic,Annual,2024-05-07,Not enough content,8.99,233.74,59,1,Sneha,India,Odisha,Male,1964-09-29,,,,
6745-DQKHZ,2022-01-25,Referral,2023-01-25,Standard,Annual,,,13.99,657.53,6,0,Kavya,India,West Bengal,Male,1978-05-09,,,,
5698-AOALG,2020-10-16,Organic,2021-10-16,Basic,Annual,2022-07-05,Switched to competitor,6.99,139.8,75,1,Rohan,India,Maharashtra,Male,1983-05-05,,,,
7326-JAXCI,2023-10-06,Referral,2024-10-06,Basic,Annual,,,7.99,215.73,4,0,Varun,India,Madhya Pradesh,Female,1980-02-09,,,,
8763-YOWOC,2020-03-03,Organic,2021-03-03,Premium,Monthly,,,23.99,1679.3,52,0,Rahul,India,Uttar Pradesh,Female,1963-07-09,,,,
6482-QEHIG,2024-06-14,Paid,2025-06-14,Basic,Monthly,,,6.99,125.82,52,0,Ananya,India,Uttar Pradesh,Male,1966-05-08,,,,
8270-UQNRD,2020-08-26,Organic,2021-08-26,Standard,Monthly,,,14.99,974.35,4,0,Rahul,India,Uttar Pradesh,Female,1974-10-04,,,,
5924-RUHRP,2024-08-11,Referral,2025-08-11,Basic,Monthly,,,6.99,111.84,80,0,Shreya,India,West Bengal,Male,1999-06-06,2025-03-12,Y,20.0,2.0
2397-FVDXS,2022-05-06,Paid,2023-05-06,Premium,Monthly,,,23.99,1055.56,36,0,Tanvi,India,West Bengal,Male,1965-04-30,,,,
8047-UOFKV,2019-08-06,Paid,2020-08-06,Premium,Annual,,,22.99,1770.23,27,0,Aditi,India,Telangana,Female,1964-05-16,,,,
7693-ICONK,2020-10-02,Referral,2021-10-02,Premium,Monthly,2022-09-20,Poor streaming quality,22.99,528.77,75,1,Diya,India,West Bengal,Female,1990-05-31,2020-12-28,N,80.0,1.0
3535-FQOWN,2021-01-21,Organic,2022-01-21,Standard,Annual,2022-08-14,Not enough content,13.99,265.81,80,1,Varun,India,Karnataka,Female,2000-07-20,,,,
6757-JMTYD,2019-10-13,Organic,2020-10-13,Standard,Monthly,,,13.99,1049.25,26,0,Arjun,India,Odisha,Female,1961-05-08,,,,
5825-PRGHR,2022-06-26,Referral,2023-06-26,Standard,Monthly,,,14.99,629.58,49,0,Vishal,India,Kerala,Male,1979-12-12,,,,
2062-PJJQI,2024-11-28,Organic,2025-11-28,Standard,Monthly,2025-05-20,Poor streaming quality,13.99,69.95,55,1,Tanvi,India,Karnataka,Male,1976-10-31,,,,
9619-EETQV,2020-10-12,Referral,2021-10-12,Basic,Annual,2022-03-29,Switched to competitor,8.99,152.83,20,1,Sneha,India,Maharashtra,Male,1966-08-13,,,,
3157-SJBEP,2021-10-20,Referral,2022-10-20,Premium,Annual,,,22.99,1172.49,30,0,Akash,India,Odisha,Male,2000-07-02,2022-04-26,N,60.0,1.0
8139-NNJWL,2022-03-06,Referral,2023-03-06,Basic,Monthly,,,6.99,321.54,43,0,Varun,India,Gujarat,Male,1962-07-20,,,,
4657-TAEMH,2023-01-12,Referral,2024-01-12,Premium,Monthly,2024-10-18,Switched to competitor,23.99,503.79,60,1,Ananya,India,Maharashtra,Male,2002-09-19,2024-07-26,N,60.0,2.0
8607-ATRIX,2024-01-05,Organic,2025-01-05,Premium,Monthly,,,22.99,551.76,28,0,Rahul,India,Kerala,Female,1985-01-04,,,,
7670-TLHYV,2024-02-15,Referral,2025-02-15,Basic,Annual,,,7.99,175.78,43,0,Aarav,India,Bihar,Male,1991-08-16,,,,
7029-RNPNM,2020-09-02,Paid,2021-09-02,Premium,Annual,2021-10-14,Not enough content,24.99,324.87,46,1,Ishaan,India,Punjab,Male,1979-08-11,,,,
6135-YVNCS,2021-01-26,Referral,2022-01-26,Basic,Monthly,,,6.99,419.4,38,0,Aarav,India,Gujarat,Male,1967-06-10,2025-09-25,N,70.0,1.0
4418-PTZZD,2019-08-17,Paid,2020-08-17,Premium,Annual,,,24.99,1924.23,30,0,Aditi,India,Maharashtra,Male,1973-09-19,,,,
0362-VKVWF,2021-10-07,Paid,2022-10-07,Premium,Monthly,,,22.99,1172.49,50,0,Meera,India,Haryana,Female,1986-03-26,2025-01-02,N,70.0,1.0
2534-RPERP,2021-08-25,Organic,2022-08-25,Premium,Annual,2022-10-01,Switched to competitor,22.99,298.87,80,1,Diya,India,Haryana,Male,1992-11-18,,,,
5264-TCTMZ,2022-01-23,Paid,2023-01-23,Standard,Annual,,,13.99,657.53,47,0,Aarav,India,Delhi,Female,1989-11-01,,,,
2080-KBMBA,2022-09-05,Paid,2023-09-05,Basic,Annual,2023-07-06,Forgot to cancel trial,6.99,69.9,79,1,Diya,India,Madhya Pradesh,Male,1970-01-16,2023-01-27,Y,10.0,1.0
0547-IUJXC,2020-11-17,Paid,2021-11-17,Basic,Annual,2021-09-03,Switched to competitor,6.99,62.91,85,1,Riya,India,Delhi,Female,2003-09-21,2021-02-14,Y,30.0,3.0
0628-LDBKD,2019-01-25,Paid,2020-01-25,Premium,Annual,,,24.99,2099.16,32,0,Tanvi,India,Uttar Pradesh,Male,1978-07-22,,,,
0536-OODUN,2023-04-16,Referral,2024-04-16,Basic,Annual,,,6.99,230.67,38,0,Karan,India,Delhi,Male,1969-07-19,,,,
6251-IJXNL,2020-05-28,Paid,2021-05-28,Premium,Monthly,,,24.99,1699.32,22,0,Shreya,India,Tamil Nadu,Female,1975-01-29,,,,
6684-CIUGW,2022-03-27,Organic,2023-03-27,Premium,Annual,2024-02-04,Too expensive,22.99,505.78,88,1,Rohan,India,Bihar,Female,1992-12-07,2023-09-22,Y,20.0,3.0
3394-XCVDY,2020-10-15,Organic,2021-10-15,Basic,Annual,,,6.99,440.37,88,0,Sakshi,India,Delhi,Female,1960-01-14,,,,
6731-VOKYE,2022-06-03,Referral,2023-06-03,Premium,Annual,,,22.99,988.57,40,0,Rahul,India,Delhi,Male,2001-10-17,,,,
0623-XIPUB,2020-05-15,Paid,2021-05-15,Basic,Monthly,,,6.99,475.32,8,0,Rahul,India,Madhya Pradesh,Female,1989-10-31,,,,
4587-XTRHA,2024-03-04,Paid,2025-03-04,Basic,Monthly,2024-11-21,Not enough content,6.99,55.92,58,1,Akash,India,Haryana,Male,1965-05-17,,,,
0788-HKLRW,2019-09-24,Referral,2020-09-24,Standard,Monthly,,,15.99,1215.24,56,0,Arjun,India,Maharashtra,Female,1998-03-17,,,,
4566-DGYJW,2023-05-03,Organic,2024-05-03,Standard,Annual,,,14.99,479.68,57,0,Varun,India,West Bengal,Female,1965-03-29,,,,
0120-TIXGA,2019-08-28,Referral,2020-08-28,Basic,Annual,2022-01-17,Poor streaming quality,6.99,202.71,79,1,Sneha,India,Odisha,Male,1968-01-21,2020-09-22,Y,50.0,3.0
5106-ZCLGT,2019-10-23,Referral,2020-10-23,Basic,Monthly,,,7.99,599.25,77,0,Sneha,India,Tamil Nadu,Female,1967-11-13,2023-12-01,Y,50.0,1.0
1480-NAEXC,2020-11-19,Paid,2021-11-19,Standard,Monthly,,,13.99,867.38,51,0,Akash,India,Uttar Pradesh,Male,1980-02-05,2021-03-25,N,100.0,1.0
3209-ZAOQP,2019-02-11,Paid,2020-02-11,Premium,Annual,,,22.99,1908.17,3,0,Riya,India,Uttar Pradesh,Female,1960-04-10,,,,
2940-KRVIF,2022-11-23,Paid,2023-11-23,Basic,Annual,,,7.99,295.63,26,0,Ananya,India,Tamil Nadu,Male,1972-01-10,,,,
4428-QUHMF,2021-09-17,Organic,2022-09-17,Standard,Monthly,,,13.99,727.48,27,0,Shreya,India,Punjab,Male,1996-03-22,,,,
1234-CVGBJ,2024-07-15,Organic,2025-07-15,Basic,Annual,,,6.99,118.83,64,0,Sneha,India,West Bengal,Female,2000-07-04,,,,
1041-HYELY,2021-01-13,Referral,2022-01-13,Premium,Monthly,,,24.99,1499.4,20,0,Mohan,India,Bihar,Female,1962-05-09,2022-01-31,N,100.0,1.0
9373-TZIQX,2022-01-16,Paid,2023-01-16,Standard,Monthly,,,14.99,719.52,74,0,Rohan,India,Kerala,Female,1965-06-03,,,,
2782-HDKBM,2021-01-08,Referral,2022-01-08,Standard,Annual,,,13.99,839.4,79,0,Aditi,India,Delhi,Female,1967-03-04,2024-10-18,Y,50.0,2.0
0945-EXNZE,2023-01-07,Referral,2024-01-07,Premium,Annual,,,22.99,827.64,4,0,Akash,India,Gujarat,Female,1980-11-12,,,,
2243-CEYSJ,2024-01-13,Organic,2025-01-13,Standard,Annual,,,14.99,344.77,28,0,Neha,India,Telangana,Male,1978-05-18,,,,
5358-MZDVH,2023-07-26,Paid,2024-07-26,Standard,Annual,2023-11-06,Forgot to cancel trial,15.99,47.97,94,1,Aditya,India,Punjab,Male,1980-11-11,2023-09-16,N,70.0,1.0
0791-JHEJM,2022-11-14,Organic,2023-11-14,Basic,Annual,,,6.99,265.62,40,0,Vishal,India,Maharashtra,Male,1987-06-15,,,,
2021-XZQBB,2023-05-16,Paid,2024-05-16,Standard,Monthly,,,13.99,447.68,41,0,Sakshi,India,West Bengal,Female,1997-03-21,2025-06-10,N,80.0,2.0
1713-UCFOF,2019-12-03,Paid,2020-12-03,Premium,Monthly,2020-05-25,Switched to competitor,22.99,114.95,60,1,Meera,India,Punjab,Female,1995-09-07,2020-03-24,N,70.0,1.0
7058-EVKXT,2019-11-04,Referral,2020-11-04,Standard,Monthly,,,15.99,1183.26,19,0,Priya,India,Punjab,Male,1989-07-28,,,,
5907-DOCDI,2024-02-19,Referral,2025-02-19,Basic,Annual,,,8.99,197.78,80,0,Pooja,India,Rajasthan,Male,1962-07-25,,,,
3630-UPMFE,2020-07-22,Paid,2021-07-22,Basic,Monthly,,,6.99,461.34,70,0,Priya,India,Madhya Pradesh,Male,1973-01-04,2024-03-27,Y,60.0,2.0
3265-DRFNF,2024-10-07,Referral,2025-10-07,Basic,Annual,,,6.99,104.85,49,0,Priya,India,Gujarat,Male,1975-07-05,,,,
0173-SRJVF,2020-01-16,Organic,2021-01-16,Premium,Annual,,,22.99,1655.28,40,0,Tanvi,India,Delhi,Male,1996-11-09,,,,
9062-HXTBT,2022-02-02,Organic,2023-02-02,Standard,Annual,2023-06-08,Switched to competitor,15.99,255.84,44,1,Pooja,India,Kerala,Female,2000-12-29,,,,
2902-NPTBT,2022-04-01,Referral,2023-04-01,Standard,Monthly,,,14.99,674.55,4,0,Tanvi,India,West Bengal,Female,1984-08-07,,,,
2180-GZTXH,2023-12-13,Referral,2024-12-13,Premium,Monthly,,,22.99,551.76,84,0,Pooja,India,Telangana,Female,1978-07-07,2024-04-07,Y,40.0,1.0
8969-AYNNC,2019-05-27,Organic,2020-05-27,Premium,Annual,,,22.99,1839.2,13,0,Karan,India,West Bengal,Male,1967-04-17,,,,
7615-XYKIS,2021-04-13,Paid,2022-04-13,Standard,Annual,,,13.99,797.43,59,0,Tanvi,India,Haryana,Male,2005-10-31,,,,
6105-DFEVJ,2024-08-07,Paid,2025-08-07,Basic,Monthly,,,6.99,118.83,5,0,Varun,India,Maharashtra,Female,1965-10-18,,,,
0752-FCGLK,2019-06-16,Paid,2020-06-16,Basic,Monthly,,,7.99,631.21,85,0,Nikhil,India,Kerala,Female,1974-12-22,2023-03-17,Y,20.0,1.0
9772-VRKAI,2021-07-21,Paid,2022-07-21,Standard,Annual,2023-12-01,Switched to competitor,13.99,391.72,86,1,Vishal,India,Madhya Pradesh,Male,1966-12-27,2022-08-07,Y,30.0,1.0
2756-XXOKN,2019-05-01,Paid,2020-05-01,Premium,Annual,,,23.99,1943.19,92,0,Rahul,India,Delhi,Male,1993-11-02,2023-03-17,Y,50.0,2.0
5635-VTGNE,2022-02-18,Referral,2023-02-18,Standard,Annual,2023-03-30,Not enough content,15.99,207.87,69,1,Ishaan,India,Kerala,Female,1977-09-07,,,,
3755-QKFPF,2021-04-03,Organic,2022-04-03,Premium,Annual,,,23.99,1367.43,52,0,Aditya,India,Bihar,Male,2001-08-10,2024-05-03,N,80.0,1.0
6116-YBIXK,2022-03-25,Referral,2023-03-25,Basic,Annual,,,6.99,314.55,48,0,Rahul,India,Kerala,Female,1972-09-09,,,,
1333-PXUQV,2022-02-14,Referral,2023-02-14,Standard,Annual,,,13.99,657.53,1,0,Arjun,India,Maharashtra,Female,1968-07-03,,,,
1954-VMJNN,2023-02-27,Referral,2024-02-27,Basic,Annual,2023-06-08,Poor streaming quality,6.99,20.97,52,1,Kavya,India,Karnataka,Male,1982-01-30,,,,
5276-HJMCT,2023-03-12,Organic,2024-03-12,Premium,Annual,,,22.99,781.66,13,0,Karan,India,Madhya Pradesh,Male,1964-07-14,,,,
8021-EPTUR,2023-06-08,Referral,2024-06-08,Basic,Annual,,,6.99,216.69,41,0,Akash,India,Telangana,Female,1973-04-11,,,,
9951-NQFRE,2024-12-15,Referral,2025-12-15,Premium,Monthly,2026-07-21,Too expensive,22.99,436.81,60,1,Aarav,India,Maharashtra,Male,1980-05-14,,,,
7660-ZNEOY,2023-02-09,Organic,2024-02-09,Standard,Annual,2024-01-13,Too expensive,13.99,153.89,31,1,Varun,India,Telangana,Female,2000-05-18,,,,
4463-RXUGI,2024-10-23,Organic,2025-10-23,Standard,Monthly,,,14.99,209.86,5,0,Tanvi,India,Bihar,Male,1960-05-07,,,,
0784-PUTLB,2019-03-22,Referral,2020-03-22,Premium,Annual,,,22.99,1885.18,36,0,Sakshi,India,Maharashtra,Female,1969-11-09,,,,
1111-IRLYP,2019-09-11,Paid,2020-09-11,Standard,Monthly,,,13.99,1063.24,75,0,Priya,India,West Bengal,Male,1961-10-05,2024-08-12,Y,10.0,1.0
4344-DWZWZ,2024-02-18,Organic,2025-02-18,Standard,Monthly,,,13.99,307.78,20,0,Neha,India,Rajasthan,Female,1992-07-28,2024-10-25,N,60.0,1.0
8028-JCTTL,2023-11-25,Paid,2024-11-25,Basic,Annual,,,6.99,174.75,10,0,Ishaan,India,Gujarat,Male,2005-07-06,,,,
2381-TRTJU,2022-01-26,Organic,2023-01-26,Basic,Monthly,,,7.99,375.53,48,0,Priya,India,Madhya Pradesh,Female,1968-03-09,,,,
2547-NSSCB,2019-02-10,Referral,2020-02-10,Basic,Monthly,,,6.99,580.17,22,0,Rohan,India,Rajasthan,Female,1995-05-12,,,,
7417-JOBRD,2022-03-15,Referral,2023-03-15,Premium,Annual,2022-05-02,Not enough content,22.99,22.99,92,1,Aarav,India,Karnataka,Male,1992-03-28,2022-04-22,Y,60.0,2.0
5234-DTIPX,2019-01-06,Referral,2020-01-06,Basic,Annual,,,6.99,594.15,32,0,Aditya,India,Punjab,Male,1984-11-27,2025-04-29,Y,40.0,1.0
5089-MNRZK,2024-05-16,Paid,2025-05-16,Standard,Annual,,,15.99,303.81,96,0,Riya,India,Tamil Nadu,Male,1972-03-23,2025-12-02,N,100.0,3.0
9944-DGSON,2023-03-03,Organic,2024-03-03,Premium,Annual,,,23.99,815.66,27,0,Akash,India,Punjab,Female,1965-09-09,,,,
3261-YGBPT,2022-08-05,Paid,2023-08-05,Standard,Annual,,,13.99,573.59,97,0,Tanvi,India,Uttar Pradesh,Female,2001-05-28,,,,
0080-GRAKN,2022-11-20,Organic,2023-11-20,Basic,Monthly,,,6.99,258.63,80,0,Akash,India,Tamil Nadu,Female,1986-12-29,2022-12-30,Y,10.0,1.0
5260-WUFMA,2022-07-27,Referral,2023-07-27,Standard,Monthly,,,13.99,573.59,48,0,Rahul,India,Tamil Nadu,Male,1975-12-15,,,,
2987-NXDCL,2019-04-12,Paid,2020-04-12,Basic,Monthly,2020-04-09,Not enough content,6.99,83.88,53,1,Kavya,India,Uttar Pradesh,Female,1998-06-02,,,,
5802-UIJPS,2021-02-26,Organic,2022-02-26,Standard,Monthly,2021-09-18,Not enough content,13.99,83.94,73,1,Priya,India,Karnataka,Female,1978-09-21,2021-08-13,N,100.0,1.0
0064-ATTDF,2024-04-20,Paid,2025-04-20,Basic,Annual,,,6.99,139.8,7,0,Shreya,India,Delhi,Male,2000-06-24,2025-01-25,N,80.0,1.0
2618-XUPBD,2021-09-11,Organic,2022-09-11,Basic,Monthly,,,6.99,363.48,68,0,Ishaan,India,Delhi,Female,1989-11-30,2024-10-13,N,80.0,1.0
6742-PJMSM,2019-11-06,Paid,2020-11-06,Basic,Monthly,2022-02-02,Not enough content,6.99,188.73,84,1,Rohan,India,Haryana,Male,1963-09-09,,,,
9188-JIEZE,2023-03-26,Referral,2024-03-26,Standard,Monthly,2024-02-08,Poor streaming quality,13.99,139.9,51,1,Ananya,India,Telangana,Male,1962-08-29,,,,
9607-GCNOA,2019-07-02,Referral,2020-07-02,Premium,Monthly,,,22.99,1816.21,26,0,Arjun,India,Punjab,Female,1996-08-03,,,,
0023-VUVLQ,2022-01-14,Paid,2023-01-14,Basic,Monthly,,,6.99,335.52,12,0,Diya,India,Gujarat,Male,1985-12-10,,,,
8293-EJYWE,2024-08-01,Referral,2025-08-01,Standard,Monthly,,,15.99,271.83,53,0,Ananya,India,Haryana,Male,2002-04-30,,,,
5946-NLATZ,2020-02-03,Organic,2021-02-03,Premium,Monthly,,,22.99,1632.29,63,0,Rahul,India,Odisha,Male,1978-04-30,,,,
7777-JOCKE,2023-10-27,Paid,2024-10-27,Basic,Monthly,,,6.99,181.74,23,0,Nikhil,India,Tamil Nadu,Female,2003-04-19,,,,
1522-PBNDI,2022-10-17,Paid,2023-10-17,Premium,Monthly,2023-11-17,Not enough content,23.99,311.87,75,1,Riya,India,Tamil Nadu,Male,1964-05-11,2023-07-16,Y,60.0,1.0
1663-XBEDU,2020-11-14,Referral,2021-11-14,Basic,Annual,,,6.99,433.38,55,0,Aarav,India,Bihar,Female,1982-09-20,,,,
6115-JGQPG,2020-01-03,Referral,2021-01-03,Premium,Annual,,,24.99,1799.28,23,0,Arjun,India,Bihar,Male,1967-09-29,2025-06-15,N,60.0,1.0
0650-CRKSO,2019-03-21,Paid,2020-03-21,Premium,Monthly,,,23.99,1967.18,18,0,Ishaan,India,Haryana,Male,1984-10-13,2024-12-11,N,80.0,1.0
7566-FREMH,2023-09-14,Paid,2024-09-14,Premium,Monthly,2024-07-30,Not enough content,22.99,229.9,74,1,Rohan,India,Karnataka,Female,1986-08-21,,,,
5368-AWVXL,2019-07-25,Organic,2020-07-25,Premium,Monthly,2020-07-21,Too expensive,22.99,275.88,96,1,Sakshi,India,Delhi,Male,1961-08-05,,,,
7193-HBROR,2024-02-21,Referral,2025-02-21,Standard,Annual,,,14.99,329.78,28,0,Vishal,India,Tamil Nadu,Female,1968-08-17,,,,
2856-QLDZS,2021-04-24,Paid,2022-04-24,Basic,Annual,2022-06-30,Poor streaming quality,6.99,97.86,52,1,Aditya,India,Rajasthan,Female,1969-05-17,2022-01-03,N,90.0,2.0
2816-CROPH,2019-05-13,Organic,2020-05-13,Standard,Annual,,,13.99,1119.2,27,0,Karan,India,Telangana,Female,1980-01-02,2019-07-06,N,100.0,1.0
8486-RBXGX,2020-12-23,Paid,2021-12-23,Basic,Monthly,2022-08-03,Not enough content,6.99,132.81,85,1,Mohan,India,Karnataka,Female,1988-12-29,,,,
8281-MOTTQ,2021-04-06,Organic,2022-04-06,Standard,Monthly,,,15.99,911.43,44,0,Arjun,India,Maharashtra,Female,1974-12-05,,,,
5739-NOOGN,2020-01-11,Referral,2021-01-11,Standard,Monthly,,,13.99,1007.28,91,0,Diya,India,Haryana,Female,2002-07-04,2022-04-13,Y,20.0,1.0
0434-JXVSH,2020-09-11,Organic,2021-09-11,Standard,Annual,2022-10-16,Poor streaming quality,13.99,349.75,88,1,Riya,India,Haryana,Male,1999-12-26,2022-06-19,Y,30.0,1.0
2554-YUDQR,2019-07-12,Referral,2020-07-12,Premium,Annual,,,22.99,1793.22,18,0,Karan,India,Kerala,Male,1965-04-03,,,,
9226-ZJVRT,2024-05-10,Referral,2025-05-10,Standard,Annual,,,13.99,279.8,1,0,Mohan,India,Maharashtra,Male,1998-10-14,,,,
3634-RDFUH,2022-02-19,Paid,2023-02-19,Standard,Annual,,,13.99,657.53,63,0,Nikhil,India,Gujarat,Male,1963-04-16,,,,
3636-KJFYL,2019-11-12,Organic,2020-11-12,Standard,Monthly,,,14.99,1109.26,28,0,Aarav,India,Karnataka,Female,1971-06-19,,,,
8139-BDWNJ,2021-02-03,Paid,2022-02-03,Standard,Monthly,,,13.99,825.41,57,0,Arjun,India,Rajasthan,Female,1997-07-07,,,,
6167-HUYWV,2020-03-16,Organic,2021-03-16,Standard,Monthly,,,15.99,1119.3,21,0,Tanvi,India,Karnataka,Female,1961-02-20,,,,
4924-PPDFK,2023-12-11,Organic,2024-12-11,Standard,Monthly,,,13.99,349.75,71,0,Nikhil,India,Madhya Pradesh,Female,1965-04-08,2024-11-14,N,80.0,2.0
5411-ZEDQP,2022-01-07,Paid,2023-01-07,Premium,Monthly,2023-01-04,Switched to competitor,22.99,275.88,12,1,Diya,India,Madhya Pradesh,Female,1970-02-07,2022-11-08,N,70.0,1.0
7152-JSYGP,2022-02-15,Referral,2023-02-15,Premium,Monthly,,,22.99,1080.53,42,0,Vishal,India,Odisha,Male,2000-02-16,,,,
1138-ZAMVL,2024-04-04,Paid,2025-04-04,Premium,Monthly,2026-03-26,Forgot to cancel trial,22.99,551.76,95,1,Neha,India,Tamil Nadu,Female,1973-10-10,2025-10-04,Y,20.0,2.0
9519-OKMUS,2024-01-23,Paid,2025-01-23,Standard,Annual,,,13.99,321.77,95,0,Diya,India,West Bengal,Female,2004-10-14,2025-06-30,Y,30.0,2.0
9569-ZIOUR,2024-06-18,Organic,2025-06-18,Premium,Monthly,2026-02-27,Too expensive,22.99,459.8,76,1,Rahul,India,Tamil Nadu,Female,1969-01-09,2024-09-01,Y,20.0,1.0
0949-VPECP,2022-09-18,Organic,2023-09-18,Basic,Monthly,,,6.99,279.6,98,0,Kavya,India,Odisha,Male,1987-07-28,2025-12-14,Y,50.0,2.0
9909-MHUOO,2023-11-11,Paid,2024-11-11,Standard,Annual,,,14.99,389.74,44,0,Shreya,India,Uttar Pradesh,Male,1961-08-22,,,,
0176-JVKJT,2021-03-06,Organic,2022-03-06,Standard,Annual,2023-06-10,Forgot to cancel trial,15.99,431.73,52,1,Sakshi,India,Bihar,Female,1969-11-07,,,,
1286-ZERTL,2022-07-20,Referral,2023-07-20,Standard,Monthly,,,13.99,587.58,50,0,Vishal,India,Punjab,Male,1973-09-06,,,,
6242-KFFBO,2019-12-19,Referral,2020-12-19,Basic,Annual,2022-02-04,Too expensive,8.99,224.75,31,1,Ananya,India,Uttar Pradesh,Male,1982-10-06,,,,
6381-TWNZU,2020-03-24,Organic,2021-03-24,Basic,Annual,2022-08-09,Switched to competitor,8.99,251.72,10,1,Ishaan,India,Haryana,Female,1997-07-30,,,,
9138-ZHIGY,2019-11-01,Referral,2020-11-01,Premium,Annual,,,24.99,1874.25,36,0,Aarav,India,Karnataka,Male,2001-08-31,,,,
3093-XHIFE,2020-02-18,Referral,2021-02-18,Premium,Annual,,,22.99,1632.29,96,0,Diya,India,Uttar Pradesh,Female,1984-11-19,2025-10-23,Y,60.0,1.0
6091-NCYVG,2021-04-13,Organic,2022-04-13,Basic,Annual,,,7.99,455.43,61,0,Aditya,India,Madhya Pradesh,Female,1980-06-30,,,,
7237-TKDBL,2020-09-03,Paid,2021-09-03,Premium,Monthly,,,23.99,1535.36,2,0,Rahul,India,West Bengal,Female,1981-08-31,,,,
5223-QXQSB,2021-11-21,Paid,2022-11-21,Premium,Annual,,,23.99,1199.5,33,0,Sakshi,India,Tamil Nadu,Female,1960-01-08,,,,
5400-BVYPY,2021-07-06,Organic,2022-07-06,Basic,Annual,2022-07-22,Not enough content,6.99,83.88,77,1,Sneha,India,Karnataka,Male,1994-03-10,2021-07-09,Y,20.0,1.0
8128-OFSEX,2024-01-15,Paid,2025-01-15,Standard,Monthly,,,13.99,321.77,45,0,Neha,India,Odisha,Female,1986-04-15,,,,
4805-KYTXP,2024-06-14,Referral,2025-06-14,Basic,Monthly,,,7.99,143.82,11,0,Sakshi,India,Bihar,Female,1978-02-15,,,,
6798-DBWJK,2021-02-06,Referral,2022-02-06,Basic,Annual,,,6.99,412.41,22,0,Vishal,India,Telangana,Male,1989-12-06,,,,
0138-OYYAY,2023-10-03,Referral,2024-10-03,Basic,Annual,,,8.99,242.73,14,0,Sakshi,India,Madhya Pradesh,Male,1982-09-24,,,,
0091-YVPNM,2022-01-26,Organic,2023-01-26,Basic,Monthly,,,6.99,328.53,53,0,Kavya,India,Karnataka,Male,2001-01-20,,,,
2579-VDADJ,2021-07-23,Paid,2022-07-23,Premium,Annual,,,22.99,1241.46,41,0,Neha,India,Tamil Nadu,Male,1998-04-29,2022-01-13,N,90.0,1.0
7933-THRFS,2023-10-23,Paid,2024-10-23,Basic,Annual,,,6.99,181.74,31,0,Sneha,India,Kerala,Female,2004-01-25,,,,
4481-FSTCN,2024-01-21,Referral,2025-01-21,Premium,Monthly,,,22.99,528.77,11,0,Akash,India,Delhi,Female,1960-11-29,,,,
2564-HQMDZ,2022-07-11,Referral,2023-07-11,Premium,Annual,2024-02-09,Too expensive,22.99,436.81,65,1,Karan,India,Punjab,Male,1995-09-08,,,,
9376-GAAZW,2019-11-23,Paid,2020-11-23,Standard,Annual,,,14.99,1109.26,30,0,Aarav,India,Karnataka,Female,1986-11-15,,,,
3876-SMBTT,2022-01-28,Referral,2023-01-28,Standard,Annual,2022-11-03,Not enough content,15.99,143.91,71,1,Ananya,India,Odisha,Female,1971-02-02,,,,
1946-DBXEB,2020-08-14,Paid,2021-08-14,Premium,Monthly,,,24.99,1624.35,3,0,Tanvi,India,Karnataka,Male,1979-11-21,,,,
8653-JBXWB,2022-08-27,Paid,2023-08-27,Basic,Monthly,2023-02-09,Switched to competitor,8.99,44.95,4,1,Aditya,India,Kerala,Female,1974-09-22,,,,
9278-SRJPK,2021-01-27,Organic,2022-01-27,Premium,Annual,,,24.99,1474.41,19,0,Kavya,India,Karnataka,Male,1998-12-25,2024-09-12,Y,60.0,1.0
6125-EAOSB,2022-02-15,Paid,2023-02-15,Basic,Annual,,,6.99,328.53,25,0,Pooja,India,Kerala,Male,1966-02-14,,,,
2572-VBMDL,2021-07-04,Organic,2022-07-04,Standard,Monthly,2022-10-14,Forgot to cancel trial,13.99,209.85,81,1,Sakshi,India,Punjab,Male,1995-02-19,2022-06-22,Y,10.0,2.0
2822-KWQAX,2022-07-26,Paid,2023-07-26,Basic,Monthly,2023-04-01,Too expensive,7.99,63.92,86,1,Akash,India,Madhya Pradesh,Female,1975-01-25,2022-10-07,Y,50.0,2.0
8589-VASHP,2023-06-16,Organic,2024-06-16,Basic,Annual,2023-09-23,Switched to competitor,7.99,23.97,73,1,Aditi,India,Maharashtra,Female,1969-05-14,,,,
0628-ONBAV,2020-08-26,Referral,2021-08-26,Standard,Annual,2021-01-01,Too expensive,15.99,63.96,95,1,Rohan,India,Gujarat,Male,1994-08-11,2020-10-09,Y,40.0,1.0
0791-GOUCC,2022-05-08,Referral,2023-05-08,Basic,Monthly,2023-11-27,Switched to competitor,6.99,125.82,68,1,Akash,India,Uttar Pradesh,Male,1989-08-18,2022-11-08,Y,40.0,1.0
8416-DZYUY,2022-06-28,Paid,2023-06-28,Standard,Annual,2024-05-27,Poor streaming quality,15.99,367.77,6,1,Varun,India,West Bengal,Female,1988-12-13,,,,
0320-MQPBQ,2024-05-15,Referral,2025-05-15,Basic,Monthly,,,6.99,132.81,33,0,Kavya,India,Telangana,Male,1987-12-17,,,,
7067-VWIBK,2019-09-15,Referral,2020-09-15,Standard,Annual,,,13.99,1063.24,10,0,Meera,India,Maharashtra,Male,1982-12-20,,,,
6218-JPRKW,2019-11-28,Organic,2020-11-28,Standard,Monthly,,,13.99,1035.26,6,0,Mohan,India,Karnataka,Female,1961-02-27,2021-06-14,N,80.0,1.0
0171-WLPMW,2021-06-13,Paid,2022-06-13,Basic,Monthly,2022-09-23,Forgot to cancel trial,7.99,119.85,4,1,Mohan,India,West Bengal,Female,1985-05-12,2022-08-19,N,70.0,1.0
3797-OHTAW,2024-04-21,Referral,2025-04-21,Basic,Annual,,,6.99,139.8,42,0,Mohan,India,Punjab,Male,2003-06-26,,,,
6475-MWZMK,2023-09-09,Referral,2024-09-09,Premium,Annual,2026-02-14,Forgot to cancel trial,23.99,695.71,79,1,Akash,India,Uttar Pradesh,Female,1967-05-30,2024-03-24,Y,10.0,1.0
6656-IDUHO,2020-01-21,Organic,2021-01-21,Basic,Annual,,,6.99,503.28,73,0,Rahul,India,Gujarat,Male,2004-07-27,,,,
8394-SHESA,2020-05-19,Referral,2021-05-19,Premium,Annual,,,22.99,1563.32,7,0,Mohan,India,Bihar,Male,1964-08-06,,,,
3892-XGJWI,2024-06-14,Referral,2025-06-14,Basic,Monthly,2026-05-22,Forgot to cancel trial,6.99,160.77,60,1,Akash,India,Madhya Pradesh,Male,1961-02-16,,,,
1591-KZRFI,2019-09-02,Referral,2020-09-02,Standard,Monthly,,,13.99,1077.23,23,0,Aditi,India,West Bengal,Male,1975-12-30,,,,
3888-PVZVV,2021-03-10,Referral,2022-03-10,Standard,Monthly,2022-07-12,Too expensive,15.99,255.84,59,1,Diya,India,Uttar Pradesh,Male,1994-03-04,,,,
3685-VBWNP,2021-09-17,Organic,2022-09-17,Standard,Monthly,,,14.99,779.48,66,0,Rahul,India,Tamil Nadu,Female,1965-03-29,,,,
4585-LOHWO,2019-10-26,Referral,2020-10-26,Standard,Monthly,2021-07-13,Forgot to cancel trial,14.99,299.8,78,1,Aditya,India,Haryana,Male,1971-01-17,2021-02-17,Y,10.0,1.0
5566-VVVYK,2021-06-20,Paid,2022-06-20,Standard,Monthly,,,13.99,769.45,84,0,Priya,India,Uttar Pradesh,Male,1973-12-13,2025-05-03,N,100.0,1.0
0326-AYKND,2020-06-04,Organic,2021-06-04,Basic,Monthly,,,6.99,468.33,98,0,Diya,India,Uttar Pradesh,Female,1978-08-22,2020-07-17,Y,10.0,1.0
9543-TXFNB,2021-10-11,Organic,2022-10-11,Premium,Annual,2024-02-02,Switched to competitor,22.99,643.72,97,1,Varun,India,Telangana,Female,1992-06-23,,,,
7294-GCVBO,2020-03-22,Referral,2021-03-22,Standard,Annual,2022-08-14,Switched to competitor,13.99,405.71,83,1,Riya,India,Bihar,Male,1966-12-03,2020-04-16,N,80.0,1.0
8312-UPKFI,2021-02-10,Organic,2022-02-10,Standard,Annual,,,15.99,943.41,77,0,Sakshi,India,Karnataka,Male,2002-07-26,,,,
0600-GJYJJ,2022-03-11,Paid,2023-03-11,Premium,Monthly,,,24.99,1149.54,21,0,Neha,India,Punjab,Female,1964-07-21,,,,
4651-UHCDF,2023-11-23,Paid,2024-11-23,Standard,Annual,2024-04-05,Poor streaming quality,13.99,55.96,80,1,Diya,India,Uttar Pradesh,Male,1976-11-29,,,,
0713-VTPUQ,2019-03-25,Paid,2020-03-25,Premium,Annual,,,22.99,1885.18,56,0,Priya,India,Kerala,Female,2004-07-21,2020-06-25,N,80.0,1.0
2193-JUWKV,2020-06-26,Organic,2021-06-26,Basic,Annual,2022-04-13,Forgot to cancel trial,7.99,167.79,95,1,Aditi,India,Kerala,Male,1991-08-11,2021-04-21,N,100.0,1.0
3443-INQHP,2019-11-17,Paid,2020-11-17,Premium,Annual,,,24.99,1849.26,89,0,Priya,India,Punjab,Female,2000-04-19,2021-01-16,Y,50.0,1.0
8187-SSAAE,2023-09-24,Organic,2024-09-24,Premium,Annual,2025-02-14,Poor streaming quality,23.99,383.84,89,1,Ishaan,India,Odisha,Male,1982-06-08,,,,
7127-HBVAG,2023-04-15,Referral,2024-04-15,Basic,Annual,,,7.99,263.67,4,0,Mohan,India,Delhi,Female,1996-10-08,,,,
7434-QDQYI,2023-10-17,Paid,2024-10-17,Basic,Monthly,,,6.99,181.74,51,0,Nikhil,India,Delhi,Male,1990-08-18,,,,
0013-TGFRC,2024-07-06,Referral,2025-07-06,Basic,Annual,2024-12-01,Not enough content,6.99,27.96,82,1,Rahul,India,Kerala,Female,1994-09-10,2024-08-02,N,100.0,1.0
3007-OYADU,2020-04-12,Organic,2021-04-12,Premium,Monthly,,,22.99,1586.31,70,0,Varun,India,Punjab,Male,1974-05-08,2022-08-31,Y,20.0,1.0
9637-QRVDH,2024-04-08,Referral,2025-04-08,Premium,Annual,,,22.99,482.79,48,0,Vishal,India,Kerala,Female,1979-07-26,2025-08-04,N,60.0,1.0
7557-HKUZE,2022-01-17,Paid,2023-01-17,Premium,Annual,,,22.99,1103.52,99,0,Aditi,India,West Bengal,Female,2005-04-21,2023-02-07,Y,50.0,1.0
3655-KQWEN,2019-08-20,Referral,2020-08-20,Standard,Annual,2020-10-27,Not enough content,15.99,223.86,76,1,Priya,India,Maharashtra,Female,1971-05-25,2020-03-12,Y,30.0,1.0
4083-YLTUS,2022-03-26,Paid,2023-03-26,Basic,Annual,,,6.99,314.55,33,0,Rahul,India,Haryana,Female,1998-03-05,,,,
4989-GUDQT,2024-06-04,Organic,2025-06-04,Basic,Annual,,,8.99,170.81,26,0,Meera,India,Delhi,Male,1967-01-12,,,,
7261-VCHYB,2024-01-23,Organic,2025-01-23,Premium,Monthly,,,22.99,528.77,13,0,Rohan,India,Delhi,Male,1995-09-23,,,,
9478-VXYUF,2019-02-23,Paid,2020-02-23,Standard,Annual,2020-05-22,Poor streaming quality,13.99,209.85,92,1,Diya,India,Uttar Pradesh,Male,1982-07-19,2019-12-21,Y,10.0,1.0
3463-YZDOB,2021-02-10,Referral,2022-02-10,Standard,Annual,2022-12-04,Switched to competitor,13.99,307.78,96,1,Aditya,India,Madhya Pradesh,Female,1993-03-28,2022-05-09,Y,60.0,2.0
8679-CHZQC,2023-09-12,Paid,2024-09-12,Standard,Annual,2026-01-29,Not enough content,13.99,405.71,94,1,Sakshi,India,Maharashtra,Male,1975-10-22,2025-09-20,N,80.0,3.0
2483-MOJBI,2021-01-17,Referral,2022-01-17,Basic,Annual,,,6.99,419.4,39,0,Varun,India,Haryana,Male,1990-01-18,,,,
4843-BWIGF,2019-05-11,Referral,2020-05-11,Standard,Annual,,,15.99,1279.2,9,0,Rahul,India,Odisha,Male,1976-02-13,,,,
2597-KSORM,2021-05-13,Referral,2022-05-13,Premium,Annual,,,23.99,1343.44,84,0,Sakshi,India,West Bengal,Male,1964-03-12,2023-09-07,Y,50.0,2.0
7315-DEIQN,2022-02-04,Organic,2023-02-04,Standard,Annual,,,14.99,704.53,12,0,Neha,India,Tamil Nadu,Female,2002-10-12,,,,
5100-LGZHA,2022-07-12,Referral,2023-07-12,Standard,Monthly,,,13.99,587.58,2,0,Sneha,India,Rajasthan,Female,1984-07-03,,,,
5337-IXHKA,2021-03-16,Organic,2022-03-16,Premium,Monthly,,,23.99,1391.42,60,0,Aditya,India,Gujarat,Female,2003-04-08,,,,
8823-SHGIZ,2023-12-21,Paid,2024-12-21,Standard,Annual,2025-10-20,Too expensive,14.99,329.78,91,1,Varun,India,Uttar Pradesh,Male,1977-12-04,2024-12-31,Y,50.0,1.0
4302-RBFRZ,2023-03-07,Organic,2024-03-07,Premium,Annual,,,22.99,781.66,11,0,Sneha,India,Kerala,Male,1979-07-26,,,,
7934-EEPMZ,2021-08-21,Organic,2022-08-21,Basic,Annual,,,8.99,476.47,79,0,Neha,India,Bihar,Male,1998-11-21,2025-09-05,Y,20.0,2.0
8813-JASYC,2021-07-04,Referral,2022-07-04,Premium,Annual,,,23.99,1295.46,93,0,Arjun,India,Madhya Pradesh,Female,1981-12-02,2023-02-22,N,60.0,1.0
5918-LNSPT,2023-09-26,Organic,2024-09-26,Premium,Annual,,,22.99,620.73,74,0,Ananya,India,Maharashtra,Female,1967-05-12,2023-10-02,N,60.0,1.0
6382-XLPIU,2024-04-28,Referral,2025-04-28,Basic,Annual,,,6.99,139.8,29,0,Mohan,India,Bihar,Female,2000-12-29,,,,
9435-RWPGY,2021-09-08,Paid,2022-09-08,Basic,Annual,,,6.99,363.48,72,0,Sakshi,India,Delhi,Female,1996-09-08,,,,
8731-IYAZU,2023-07-18,Referral,2024-07-18,Premium,Monthly,,,22.99,666.71,39,0,Aarav,India,Uttar Pradesh,Male,1970-09-20,,,,
9917-FSPLY,2022-11-07,Paid,2023-11-07,Premium,Annual,,,24.99,949.62,45,0,Rohan,India,Karnataka,Male,1971-12-25,,,,
9692-BASDW,2023-05-04,Paid,2024-05-04,Premium,Annual,2023-12-01,Too expensive,23.99,167.93,88,1,Ananya,India,Maharashtra,Male,2001-08-11,2023-10-17,Y,60.0,1.0
0794-FEGMV,2021-09-07,Organic,2022-09-07,Standard,Annual,2022-11-02,Switched to competitor,15.99,223.86,10,1,Arjun,India,Gujarat,Female,2002-09-24,,,,
7204-RTNRR,2020-12-22,Organic,2021-12-22,Premium,Monthly,,,22.99,1402.39,56,0,Ananya,India,Gujarat,Female,1974-09-21,,,,
9138-PECMJ,2024-05-10,Organic,2025-05-10,Premium,Monthly,2025-07-26,Poor streaming quality,23.99,335.86,56,1,Kavya,India,Punjab,Female,1962-04-09,,,,
6722-VLPTD,2019-10-19,Referral,2020-10-19,Basic,Annual,,,6.99,524.25,35,0,Nikhil,India,Maharashtra,Female,1967-08-06,,,,
2124-TFTDZ,2023-06-14,Paid,2024-06-14,Premium,Monthly,,,24.99,774.69,91,0,Tanvi,India,Bihar,Male,1982-05-04,,,,
6594-KCLMC,2024-01-10,Paid,2025-01-10,Standard,Annual,,,13.99,335.76,66,0,Vishal,India,Rajasthan,Male,1997-12-14,,,,
8515-SQKLS,2024-01-04,Paid,2025-01-04,Basic,Monthly,,,6.99,167.76,83,0,Meera,India,West Bengal,Female,1971-04-16,2024-06-17,N,60.0,3.0
8381-KZHGP,2021-09-25,Paid,2022-09-25,Premium,Monthly,2023-08-14,Switched to competitor,23.99,527.78,94,1,Priya,India,Haryana,Female,1960-07-20,2023-08-10,Y,20.0,2.0
4190-BTUOZ,2024-07-07,Referral,2025-07-07,Standard,Annual,2026-07-22,Switched to competitor,13.99,335.76,93,1,Akash,India,Rajasthan,Female,1988-06-13,,,,
6735-GLRSY,2022-04-15,Referral,2023-04-15,Standard,Annual,,,15.99,719.55,16,0,Vishal,India,Kerala,Female,1984-10-26,,,,
2836-EPNGE,2024-08-20,Referral,2025-08-20,Standard,Annual,2025-11-26,Switched to competitor,13.99,209.85,59,1,Aarav,India,Odisha,Male,1987-04-10,,,,
7013-WIRGH,2023-03-01,Referral,2024-03-01,Standard,Monthly,,,13.99,475.66,66,0,Shreya,India,Telangana,Male,1999-10-06,,,,
0798-MMDSO,2019-04-12,Organic,2020-04-12,Basic,Monthly,,,7.99,647.19,41,0,Kavya,India,Maharashtra,Female,1972-04-07,,,,
0574-MXEHP,2024-01-14,Referral,2025-01-14,Basic,Monthly,2026-06-08,Poor streaming quality,6.99,202.71,76,1,Arjun,India,Haryana,Male,1986-07-22,2025-10-19,N,100.0,1.0
3861-XDXVE,2019-08-15,Paid,2020-08-15,Premium,Annual,,,23.99,1847.23,96,0,Ananya,India,Odisha,Female,1996-05-27,,,,
1628-MPJKD,2019-11-08,Paid,2020-11-08,Standard,Annual,,,14.99,1109.26,33,0,Aditya,India,Odisha,Female,1991-10-08,2025-08-07,N,90.0,1.0
5877-WLWVM,2023-08-06,Paid,2024-08-06,Standard,Annual,,,13.99,405.71,82,0,Rohan,India,Uttar Pradesh,Male,1985-05-05,,,,
1515-IQHUN,2020-12-26,Paid,2021-12-26,Premium,Annual,,,22.99,1402.39,28,0,Sneha,India,Gujarat,Male,1962-11-08,,,,
5487-MJPDB,2020-08-26,Organic,2021-08-26,Standard,Monthly,2022-11-02,Forgot to cancel trial,15.99,415.74,3,1,Shreya,India,Madhya Pradesh,Female,1968-05-28,,,,
6152-OYKQT,2021-03-09,Organic,2022-03-09,Premium,Annual,2022-02-16,Switched to competitor,22.99,252.89,84,1,Priya,India,Telangana,Male,1979-09-19,,,,
5883-XVROK,2023-11-01,Referral,2024-11-01,Standard,Annual,2024-02-27,Too expensive,13.99,41.97,21,1,Nikhil,India,Tamil Nadu,Male,2001-12-15,,,,
2180-UPBZE,2023-07-16,Referral,2024-07-16,Basic,Monthly,,,6.99,202.71,94,0,Pooja,India,Haryana,Male,1979-03-19,,,,
3678-XXBZO,2020-01-13,Referral,2021-01-13,Standard,Annual,,,15.99,1151.28,50,0,Sneha,India,West Bengal,Female,1981-08-20,,,,
4898-TWTXA,2024-08-08,Organic,2025-08-08,Premium,Annual,,,24.99,424.83,43,0,Karan,India,Madhya Pradesh,Female,1985-10-08,,,,
4075-KHVHY,2019-10-22,Organic,2020-10-22,Basic,Monthly,,,7.99,599.25,3,0,Aarav,India,Kerala,Female,2004-03-26,,,,
4628-SSKHP,2022-11-19,Paid,2023-11-19,Standard,Annual,,,13.99,517.63,44,0,Nikhil,India,Uttar Pradesh,Male,1965-07-31,,,,
9219-PGDSF,2021-12-14,Paid,2022-12-14,Premium,Monthly,2024-01-20,Poor streaming quality,22.99,574.75,41,1,Vishal,India,Haryana,Male,1985-04-23,,,,
3827-YUFQY,2020-03-11,Organic,2021-03-11,Basic,Monthly,,,7.99,559.3,62,0,Aarav,India,Tamil Nadu,Female,1987-12-09,,,,
2977-DISXR,2023-01-11,Paid,2024-01-11,Premium,Annual,,,22.99,827.64,33,0,Ananya,India,Maharashtra,Male,1967-11-08,,,,
4544-YNPVG,2024-10-01,Paid,2025-10-01,Premium,Monthly,,,23.99,359.85,49,0,Riya,India,Madhya Pradesh,Male,1991-05-31,,,,
6212-KQNFS,2021-01-20,Referral,2022-01-20,Standard,Annual,,,15.99,959.4,12,0,Priya,India,Maharashtra,Female,1995-12-16,,,,
6868-CTLLI,2019-06-23,Organic,2020-06-23,Basic,Monthly,,,7.99,631.21,31,0,Shreya,India,West Bengal,Male,1960-03-10,2025-01-27,N,70.0,1.0
7724-WGZTU,2021-05-18,Referral,2022-05-18,Premium,Annual,,,22.99,1287.44,33,0,Pooja,India,Uttar Pradesh,Female,1983-08-14,,,,
3544-ZLVFT,2023-12-08,Paid,2024-12-08,Premium,Monthly,,,22.99,574.75,2,0,Akash,India,Punjab,Male,1975-05-28,2024-03-13,N,90.0,1.0
6964-QPOWQ,2024-02-04,Organic,2025-02-04,Basic,Annual,2025-07-20,Poor streaming quality,6.99,118.83,65,1,Sakshi,India,Bihar,Female,1992-07-04,,,,
2781-PYJNT,2023-01-02,Organic,2024-01-02,Basic,Monthly,,,6.99,251.64,36,0,Shreya,India,Maharashtra,Male,2000-07-12,,,,
3133-KVDVW,2024-02-06,Paid,2025-02-06,Premium,Annual,2026-05-20,Switched to competitor,23.99,647.73,85,1,Neha,India,Odisha,Male,1999-02-09,,,,
3901-BZPRS,2019-07-24,Paid,2020-07-24,Standard,Annual,,,13.99,1091.22,71,0,Priya,India,Maharashtra,Female,1963-09-04,,,,
1935-EGTBB,2019-08-13,Referral,2020-08-13,Premium,Monthly,2021-04-11,Forgot to cancel trial,22.99,459.8,64,1,Ananya,India,Rajasthan,Male,1969-08-13,2020-04-01,N,80.0,2.0
5398-SRGZS,2023-02-21,Paid,2024-02-21,Standard,Annual,2023-12-21,Switched to competitor,13.99,139.9,94,1,Priya,India,Odisha,Male,1960-05-21,2023-09-03,Y,50.0,1.0
9677-JWJYG,2022-06-22,Referral,2023-06-22,Premium,Annual,,,22.99,965.58,65,0,Kavya,India,Telangana,Female,1979-04-20,2022-09-16,Y,40.0,2.0
5563-LNMYB,2022-06-07,Paid,2023-06-07,Premium,Annual,,,23.99,1031.57,32,0,Nikhil,India,Madhya Pradesh,Female,1978-05-29,2023-06-20,N,90.0,1.0
1162-ZSCUD,2023-01-13,Organic,2024-01-13,Premium,Annual,,,23.99,863.64,25,0,Meera,India,Maharashtra,Male,1980-06-08,,,,
1191-POGAB,2022-05-06,Paid,2023-05-06,Standard,Monthly,,,13.99,615.56,8,0,Rohan,India,Gujarat,Female,2004-03-25,,,,
6456-KTUQM,2023-03-02,Referral,2024-03-02,Basic,Monthly,,,6.99,237.66,5,0,Sakshi,India,Maharashtra,Male,1977-08-10,,,,
8656-CKRVB,2022-09-08,Organic,2023-09-08,Standard,Monthly,2023-04-01,Forgot to cancel trial,14.99,89.94,95,1,Rohan,India,Kerala,Female,1992-07-07,2023-03-15,Y,30.0,2.0
9844-MIWYS,2020-02-12,Referral,2021-02-12,Standard,Annual,,,13.99,993.29,7,0,Karan,India,West Bengal,Male,1975-01-28,,,,
0717-PIVRS,2023-07-01,Paid,2024-07-01,Premium,Annual,2024-03-07,Poor streaming quality,22.99,183.92,74,1,Diya,India,Haryana,Male,1971-06-19,,,,
9346-NPNSY,2022-08-01,Referral,2023-08-01,Premium,Monthly,,,22.99,942.59,96,0,Ananya,India,Karnataka,Male,2005-03-20,2025-12-10,Y,40.0,2.0
4661-FGYNR,2023-07-14,Referral,2024-07-14,Premium,Monthly,2025-08-15,Too expensive,22.99,574.75,55,1,Karan,India,Kerala,Female,1978-09-05,,,,
7995-CKHDX,2022-08-10,Organic,2023-08-10,Standard,Annual,,,13.99,573.59,26,0,Tanvi,India,Bihar,Female,1995-01-25,,,,
1941-QVADX,2024-09-27,Paid,2025-09-27,Basic,Monthly,2026-04-01,Too expensive,6.99,125.82,77,1,Tanvi,India,Kerala,Female,1986-07-29,2025-05-10,Y,40.0,1.0
3470-NNTQK,2020-11-16,Referral,2021-11-16,Premium,Annual,,,22.99,1425.38,31,0,Karan,India,Punjab,Female,1985-10-22,,,,
3143-HMSTB,2020-06-01,Organic,2021-06-01,Standard,Annual,,,13.99,937.33,22,0,Riya,India,Tamil Nadu,Male,1975-08-31,,,,
3858-MDIIF,2019-01-10,Organic,2020-01-10,Premium,Annual,2020-07-10,Forgot to cancel trial,22.99,413.82,97,1,Meera,India,Uttar Pradesh,Male,1961-10-22,2019-05-01,N,90.0,1.0
5582-KJWOI,2021-12-24,Paid,2022-12-24,Premium,Annual,,,23.99,1151.52,14,0,Varun,India,Madhya Pradesh,Female,2002-09-17,,,,
1029-JFKBV,2022-11-11,Paid,2023-11-11,Premium,Monthly,,,24.99,949.62,37,0,Tanvi,India,Punjab,Male,1963-03-12,,,,
0913-XXMCM,2019-11-24,Organic,2020-11-24,Basic,Monthly,,,6.99,517.26,1,0,Pooja,India,Tamil Nadu,Female,1979-05-02,,,,
7235-HMJVU,2020-09-16,Paid,2021-09-16,Basic,Monthly,,,7.99,511.36,21,0,Tanvi,India,Kerala,Female,1980-04-12,,,,
9880-WLPPP,2020-05-27,Paid,2021-05-27,Premium,Monthly,,,22.99,1563.32,74,0,Priya,India,Rajasthan,Male,1969-04-30,,,,
4686-VUTQY,2019-06-02,Referral,2020-06-02,Premium,Monthly,2020-09-16,Poor streaming quality,22.99,344.85,76,1,Mohan,India,Gujarat,Female,1975-07-23,,,,
9277-WAKTV,2019-04-17,Paid,2020-04-17,Premium,Annual,,,22.99,1862.19,60,0,Rahul,India,Punjab,Male,1991-11-17,,,,
1170-MAOGE,2019-08-20,Organic,2020-08-20,Standard,Monthly,,,13.99,1077.23,49,0,Sneha,India,Karnataka,Male,2002-02-17,,,,
4061-UHOMD,2022-07-11,Referral,2023-07-11,Standard,Monthly,,,15.99,671.58,35,0,Varun,India,Madhya Pradesh,Female,1976-07-28,2025-02-20,N,80.0,1.0
6981-XPVXD,2022-09-05,Paid,2023-09-05,Standard,Monthly,2023-03-02,Not enough content,15.99,79.95,42,1,Rahul,India,Telangana,Female,1998-12-31,,,,
8260-RQICJ,2019-03-09,Organic,2020-03-09,Basic,Annual,2021-08-02,Switched to competitor,7.99,231.71,93,1,Diya,India,Madhya Pradesh,Male,1967-01-31,2019-11-18,Y,40.0,1.0
1054-XMNZV,2022-02-27,Organic,2023-02-27,Standard,Monthly,,,13.99,643.54,40,0,Arjun,India,Kerala,Female,1996-07-27,,,,
1830-UJKBG,2021-11-11,Organic,2022-11-11,Premium,Annual,2024-03-04,Too expensive,23.99,671.72,93,1,Vishal,India,Punjab,Female,1972-11-03,2023-09-28,N,100.0,1.0
6638-EXCVT,2022-06-28,Organic,2023-06-28,Basic,Annual,,,6.99,293.58,53,0,Pooja,India,Uttar Pradesh,Male,1962-11-27,2022-12-01,N,60.0,1.0
1583-JMQMB,2020-09-12,Referral,2021-09-12,Basic,Monthly,,,7.99,511.36,43,0,Aditi,India,Odisha,Male,1963-10-27,,,,
5619-POFGF,2024-01-10,Referral,2025-01-10,Basic,Monthly,,,8.99,215.76,44,0,Nikhil,India,Telangana,Male,1991-01-31,2025-09-27,N,70.0,1.0
8836-WVPWZ,2020-01-08,Referral,2021-01-08,Standard,Monthly,,,13.99,1007.28,64,0,Mohan,India,Delhi,Male,1997-11-19,,,,
6618-MMEYW,2021-04-06,Referral,2022-04-06,Basic,Annual,2023-06-11,Switched to competitor,6.99,181.74,95,1,Mohan,India,Haryana,Female,1980-10-23,,,,
4213-XMEHN,2020-02-03,Paid,2021-02-03,Basic,Annual,2021-08-13,Too expensive,7.99,143.82,89,1,Sneha,India,Maharashtra,Female,1979-01-14,2021-08-08,N,90.0,1.0
8248-OBWGZ,2023-04-18,Paid,2024-04-18,Basic,Monthly,,,6.99,223.68,11,0,Varun,India,Delhi,Male,1969-05-22,,,,
8962-HLOJE,2022-09-22,Referral,2023-09-22,Basic,Annual,,,8.99,350.61,69,0,Arjun,India,Punjab,Male,1991-08-10,2023-04-11,N,80.0,1.0
1811-JEOFB,2021-06-06,Paid,2022-06-06,Standard,Monthly,,,13.99,769.45,53,0,Mohan,India,Telangana,Male,1970-12-31,2025-12-22,N,90.0,1.0
8564-VQBBX,2024-09-11,Paid,2025-09-11,Standard,Monthly,,,13.99,209.85,34,0,Diya,India,Gujarat,Female,1974-05-19,2025-03-27,N,100.0,1.0
4402-OLPRK,2024-01-03,Paid,2025-01-03,Standard,Annual,,,13.99,335.76,47,0,Nikhil,India,Kerala,Male,1974-12-08,,,,
0280-IRFTX,2023-07-17,Referral,2024-07-17,Basic,Monthly,,,6.99,202.71,86,0,Nikhil,India,Karnataka,Female,1990-04-24,2024-10-16,Y,50.0,1.0
2174-ADIIM,2024-05-17,Referral,2025-05-17,Standard,Annual,2025-07-30,Switched to competitor,13.99,195.86,98,1,Akash,India,Delhi,Female,1967-05-03,,,,
9834-MTXUU,2023-01-07,Paid,2024-01-07,Standard,Annual,2023-04-05,Too expensive,15.99,31.98,88,1,Sneha,India,Madhya Pradesh,Female,1985-05-05,2023-03-29,N,90.0,2.0
4416-CSFHF,2024-05-09,Paid,2025-05-09,Basic,Annual,2025-05-19,Too expensive,6.99,83.88,88,1,Karan,India,Kerala,Male,2001-02-17,2024-11-01,Y,60.0,1.0
9338-AYUIW,2021-04-20,Organic,2022-04-20,Premium,Monthly,2021-09-26,Not enough content,22.99,114.95,4,1,Aarav,India,Rajasthan,Female,1990-10-12,,,,
1168-FGUHE,2023-08-14,Organic,2024-08-14,Basic,Annual,,,6.99,202.71,28,0,Rohan,India,Maharashtra,Male,1998-04-14,2024-01-18,N,70.0,1.0
4449-VPFRF,2019-02-28,Paid,2020-02-28,Basic,Monthly,,,6.99,580.17,47,0,Ishaan,India,Haryana,Male,2005-03-20,,,,
6880-GWIZL,2022-11-09,Paid,2023-11-09,Standard,Monthly,2024-04-24,Poor streaming quality,14.99,254.83,83,1,Sneha,India,Tamil Nadu,Male,2000-09-27,2022-12-11,Y,20.0,1.0
0350-PXYYX,2021-09-14,Paid,2022-09-14,Standard,Annual,,,13.99,727.48,65,0,Sneha,India,Odisha,Female,1980-04-10,2023-10-19,Y,60.0,1.0
6739-MLIUK,2021-05-02,Organic,2022-05-02,Standard,Monthly,,,14.99,839.44,6,0,Rahul,India,Madhya Pradesh,Male,1984-12-03,,,,
2645-HCFMB,2020-10-14,Paid,2021-10-14,Premium,Annual,2021-12-13,Poor streaming quality,22.99,321.86,79,1,Akash,India,Gujarat,Male,1973-06-10,,,,
6673-GYDWR,2022-07-01,Paid,2023-07-01,Basic,Monthly,,,7.99,335.58,11,0,Mohan,India,Uttar Pradesh,Male,1963-06-02,,,,
9270-CVVZM,2022-03-11,Referral,2023-03-11,Standard,Monthly,,,13.99,643.54,31,0,Sneha,India,Madhya Pradesh,Female,1982-04-04,,,,
1686-XHLXF,2021-03-27,Organic,2022-03-27,Premium,Annual,,,24.99,1449.42,4,0,Varun,India,Kerala,Female,1963-06-25,,,,
9121-BAXYX,2019-12-15,Paid,2020-12-15,Basic,Annual,2021-12-20,Forgot to cancel trial,6.99,167.76,90,1,Shreya,India,Kerala,Male,1981-04-19,2020-11-09,N,70.0,1.0
7026-MUPFN,2021-10-13,Referral,2022-10-13,Standard,Annual,,,15.99,815.49,49,0,Akash,India,Madhya Pradesh,Male,1987-06-21,,,,
3550-FFZXX,2020-02-09,Organic,2021-02-09,Standard,Monthly,,,13.99,993.29,49,0,Nikhil,India,Tamil Nadu,Female,1991-02-03,,,,
2860-SULIE,2020-12-05,Organic,2021-12-05,Basic,Monthly,2021-05-10,Not enough content,7.99,39.95,61,1,Tanvi,India,Tamil Nadu,Male,1992-11-17,,,,
2077-LMJQR,2019-03-24,Referral,2020-03-24,Basic,Monthly,,,6.99,573.18,19,0,Nikhil,India,Maharashtra,Male,1999-09-18,,,,
3163-ROIJK,2019-07-13,Referral,2020-07-13,Premium,Monthly,,,22.99,1793.22,73,0,Rahul,India,Kerala,Male,1972-11-28,,,,
3238-LDANS,2022-02-09,Referral,2023-02-09,Premium,Annual,2023-07-18,Poor streaming quality,24.99,424.83,96,1,Sneha,India,Rajasthan,Male,1978-10-29,2023-01-09,Y,30.0,2.0
0127-NJLQL,2024-03-14,Referral,2025-03-14,Basic,Annual,,,6.99,146.79,15,0,Priya,India,West Bengal,Male,1979-02-11,,,,
0590-VLGXK,2021-12-25,Referral,2022-12-25,Standard,Annual,,,15.99,767.52,74,0,Meera,India,Maharashtra,Male,1982-11-15,2025-02-10,N,100.0,1.0
0383-FALBH,2023-06-09,Referral,2024-06-09,Standard,Annual,,,13.99,433.69,5,0,Shreya,India,Haryana,Female,1983-07-02,,,,
1688-JFNEN,2023-07-21,Organic,2024-07-21,Basic,Annual,2025-09-25,Switched to competitor,6.99,181.74,70,1,Mohan,India,Uttar Pradesh,Male,1961-06-18,2025-04-05,Y,50.0,1.0
3744-WIFGG,2021-12-05,Referral,2022-12-05,Standard,Annual,,,14.99,734.51,46,0,Karan,India,Rajasthan,Female,2004-04-06,,,,
2660-JTUXM,2024-07-19,Organic,2025-07-19,Premium,Annual,,,24.99,424.83,23,0,Diya,India,Gujarat,Female,1973-02-23,,,,
8206-DUYKT,2022-06-10,Referral,2023-06-10,Basic,Monthly,,,6.99,300.57,31,0,Riya,India,West Bengal,Female,1973-10-02,,,,
2218-TJWOL,2021-12-03,Referral,2022-12-03,Standard,Monthly,,,15.99,783.51,91,0,Tanvi,India,Uttar Pradesh,Female,1988-05-28,2025-04-28,Y,40.0,1.0
6352-AWIZD,2023-09-12,Paid,2024-09-12,Premium,Annual,,,24.99,699.72,25,0,Aarav,India,Delhi,Male,1963-09-02,,,,
2555-QWGGE,2020-09-22,Organic,2021-09-22,Standard,Monthly,,,14.99,959.36,40,0,Meera,India,Uttar Pradesh,Female,1986-09-19,,,,
8005-USTNQ,2019-02-05,Organic,2020-02-05,Premium,Monthly,,,24.99,2099.16,34,0,Pooja,India,Gujarat,Female,1963-05-31,,,,
0447-CQVXT,2024-10-16,Organic,2025-10-16,Basic,Annual,,,6.99,97.86,53,0,Rohan,India,Delhi,Female,1998-01-15,,,,
7016-AHKII,2023-09-17,Organic,2024-09-17,Standard,Annual,,,13.99,377.73,41,0,Priya,India,Uttar Pradesh,Female,2001-06-26,2025-02-17,Y,30.0,1.0
3123-KREGB,2024-05-28,Paid,2025-05-28,Premium,Monthly,,,22.99,436.81,27,0,Riya,India,Maharashtra,Female,1975-05-28,,,,
2353-CQUCF,2021-03-05,Referral,2022-03-05,Standard,Annual,,,15.99,927.42,20,0,Meera,India,Kerala,Male,1991-08-31,,,,
3042-EULPJ,2024-04-05,Organic,2025-04-05,Premium,Annual,,,22.99,482.79,21,0,Sakshi,India,Madhya Pradesh,Male,1993-04-16,,,,
6765-IXUIT,2022-12-18,Paid,2023-12-18,Basic,Monthly,,,8.99,323.64,1,0,Riya,India,Karnataka,Female,1982-09-14,,,,
9702-VMFOT,2019-04-11,Referral,2020-04-11,Basic,Annual,2020-08-17,Poor streaming quality,7.99,127.84,75,1,Pooja,India,Haryana,Male,1988-04-02,2019-12-23,Y,60.0,1.0
2809-KFGSH,2023-12-09,Paid,2024-12-09,Premium,Annual,,,22.99,574.75,16,0,Vishal,India,Odisha,Female,2003-07-14,,,,
0204-EEHKG,2023-01-16,Referral,2024-01-16,Basic,Annual,,,6.99,251.64,99,0,Sakshi,India,Karnataka,Male,2005-10-12,,,,
9016-HSLQM,2023-12-02,Organic,2024-12-02,Standard,Monthly,,,13.99,349.75,31,0,Pooja,India,Odisha,Female,1993-10-06,,,,
1710-RZTAX,2021-11-18,Organic,2022-11-18,Standard,Annual,,,13.99,699.5,39,0,Diya,India,Rajasthan,Female,1991-04-14,,,,
7915-CCJNA,2024-10-04,Organic,2025-10-04,Premium,Annual,,,22.99,344.85,63,0,Priya,India,Punjab,Male,1961-03-15,,,,
5473-XSQKL,2021-02-12,Referral,2022-02-12,Standard,Annual,,,13.99,825.41,22,0,Riya,India,Bihar,Male,1996-09-19,,,,
5784-SFSXM,2023-01-21,Referral,2024-01-21,Premium,Annual,2024-10-28,Too expensive,22.99,482.79,32,1,Shreya,India,Tamil Nadu,Male,1997-02-15,,,,
7155-JTHXV,2024-03-24,Referral,2025-03-24,Premium,Annual,2026-03-28,Poor streaming quality,22.99,551.76,94,1,Shreya,India,West Bengal,Male,1971-12-07,2025-10-29,Y,60.0,1.0
0154-AKYVG,2024-03-09,Organic,2025-03-09,Basic,Monthly,2026-08-11,Too expensive,7.99,231.71,17,1,Riya,India,Telangana,Female,1991-01-09,,,,
0314-LWNDT,2020-05-17,Referral,2021-05-17,Basic,Monthly,,,6.99,475.32,45,0,Diya,India,Bihar,Female,1976-04-07,2022-02-08,N,70.0,1.0
6269-EULHK,2020-03-08,Paid,2021-03-08,Basic,Monthly,,,7.99,559.3,29,0,Kavya,India,West Bengal,Female,2001-02-15,,,,
3536-SOMXX,2020-10-03,Paid,2021-10-03,Standard,Annual,2022-09-24,Switched to competitor,13.99,335.76,96,1,Arjun,India,West Bengal,Male,1986-05-13,2021-12-31,N,70.0,1.0
6366-PDPEZ,2024-04-07,Organic,2025-04-07,Basic,Monthly,,,6.99,146.79,6,0,Diya,India,Uttar Pradesh,Female,1976-06-02,,,,
3712-VDAJP,2021-12-02,Referral,2022-12-02,Premium,Monthly,,,22.99,1126.51,27,0,Sneha,India,Telangana,Female,1962-04-18,,,,
7131-LPETF,2022-03-21,Referral,2023-03-21,Basic,Monthly,2022-09-15,Not enough content,6.99,34.95,99,1,Rohan,India,Maharashtra,Female,1979-01-26,2022-08-03,Y,40.0,1.0
9579-LOKBA,2022-10-16,Organic,2023-10-16,Standard,Monthly,,,15.99,623.61,9,0,Priya,India,Delhi,Female,1972-09-07,,,,
4126-XYUXO,2020-11-15,Paid,2021-11-15,Premium,Annual,,,23.99,1487.38,29,0,Shreya,India,Uttar Pradesh,Male,1988-12-15,,,,
3128-TDHHD,2019-01-11,Paid,2020-01-11,Premium,Annual,2019-08-14,Too expensive,22.99,160.93,92,1,Priya,India,West Bengal,Male,1980-10-12,,,,
4786-OTICM,2019-08-12,Referral,2020-08-12,Basic,Annual,,,6.99,538.23,27,0,Arjun,India,Uttar Pradesh,Male,1965-04-10,,,,
9110-WITWT,2024-08-10,Paid,2025-08-10,Standard,Monthly,,,13.99,223.84,68,0,Neha,India,Uttar Pradesh,Female,2001-08-18,2025-09-23,N,70.0,1.0
4704-MCPKH,2019-05-20,Paid,2020-05-20,Premium,Annual,,,22.99,1839.2,17,0,Sakshi,India,Madhya Pradesh,Female,1985-01-01,,,,
1734-MKTME,2020-11-10,Paid,2021-11-10,Standard,Annual,,,13.99,867.38,34,0,Aditi,India,Haryana,Male,1976-08-26,2024-01-11,Y,40.0,2.0
5880-VCGKY,2022-09-21,Organic,2023-09-21,Basic,Annual,2022-11-24,Poor streaming quality,6.99,13.98,68,1,Rohan,India,Maharashtra,Female,1973-12-23,,,,
2838-IPTZW,2023-11-14,Paid,2024-11-14,Standard,Annual,,,14.99,374.75,9,0,Pooja,India,West Bengal,Male,2003-09-29,2024-08-15,N,90.0,1.0
9743-ZECFL,2024-12-26,Referral,2025-12-26,Standard,Annual,,,14.99,179.88,43,0,Nikhil,India,Madhya Pradesh,Female,1976-07-31,,,,
6539-PRYOX,2020-06-12,Paid,2021-06-12,Premium,Monthly,,,22.99,1540.33,96,0,Varun,India,Uttar Pradesh,Male,2001-02-22,,,,
8166-YZTFL,2020-01-04,Organic,2021-01-04,Premium,Monthly,,,24.99,1799.28,88,0,Aarav,India,Odisha,Female,1970-12-23,2021-11-12,N,80.0,1.0
5560-QBSCG,2022-06-10,Organic,2023-06-10,Premium,Annual,,,23.99,1031.57,23,0,Mohan,India,Kerala,Female,1971-10-11,,,,
3196-WTOYA,2023-11-25,Paid,2024-11-25,Basic,Monthly,,,8.99,224.75,56,0,Aditya,India,Madhya Pradesh,Male,1965-07-24,2025-09-17,N,80.0,2.0
2453-BWPAR,2021-09-10,Paid,2022-09-10,Basic,Monthly,,,7.99,415.48,31,0,Meera,India,West Bengal,Male,1979-02-15,,,,
5780-ERXAU,2023-12-11,Paid,2024-12-11,Premium,Monthly,2024-01-23,Switched to competitor,22.99,22.99,88,1,Kavya,India,Gujarat,Female,1961-02-05,2023-12-13,Y,40.0,1.0
9285-XQVNZ,2022-02-02,Paid,2023-02-02,Premium,Monthly,,,22.99,1080.53,83,0,Priya,India,Odisha,Female,1967-09-26,2024-10-27,N,60.0,2.0
4392-NKTEQ,2022-02-15,Organic,2023-02-15,Premium,Annual,,,22.99,1080.53,37,0,Neha,India,Punjab,Male,1971-12-05,,,,
1682-JAIEE,2024-06-22,Referral,2025-06-22,Basic,Monthly,,,7.99,143.82,65,0,Shreya,India,Kerala,Female,1960-12-27,,,,
7136-YKXNH,2021-10-02,Organic,2022-10-02,Standard,Monthly,,,15.99,815.49,42,0,Sneha,India,Madhya Pradesh,Male,1966-07-21,2022-01-05,N,100.0,1.0
6900-VHNQI,2022-03-20,Paid,2023-03-20,Premium,Monthly,,,22.99,1057.54,33,0,Mohan,India,Uttar Pradesh,Female,1989-10-18,,,,
3771-YFNZZ,2020-07-23,Referral,2021-07-23,Basic,Monthly,,,7.99,527.34,57,0,Aarav,India,Haryana,Male,1999-01-29,,,,
9359-TUZUP,2023-11-01,Organic,2024-11-01,Premium,Annual,,,22.99,597.74,43,0,Priya,India,Uttar Pradesh,Male,2005-05-03,,,,
0404-QGVKH,2019-07-23,Referral,2020-07-23,Standard,Monthly,,,13.99,1091.22,72,0,Rahul,India,West Bengal,Male,1975-06-11,,,,
0943-FJISS,2024-06-23,Organic,2025-06-23,Standard,Monthly,,,13.99,251.82,63,0,Shreya,India,Punjab,Male,1981-05-28,,,,
5576-XQUUG,2019-12-20,Referral,2020-12-20,Premium,Monthly,,,24.99,1824.27,7,0,Kavya,India,Karnataka,Female,1968-10-13,,,,
7715-WLCYE,2022-04-19,Paid,2023-04-19,Standard,Annual,2022-09-28,Not enough content,14.99,74.95,91,1,Tanvi,India,Rajasthan,Male,1963-09-11,2022-06-01,Y,40.0,2.0
1253-KDJJS,2023-11-01,Organic,2024-11-01,Premium,Annual,,,24.99,649.74,13,0,Ananya,India,Bihar,Female,1997-10-12,,,,
0743-AZHQS,2019-10-06,Paid,2020-10-06,Basic,Annual,,,6.99,524.25,37,0,Varun,India,Karnataka,Male,1960-03-14,,,,
4163-THMIZ,2021-04-02,Referral,2022-04-02,Standard,Monthly,2022-08-05,Switched to competitor,13.99,223.84,52,1,Arjun,India,Telangana,Male,1993-08-09,2021-09-25,Y,60.0,2.0
5587-ARHMR,2020-01-16,Organic,2021-01-16,Standard,Annual,,,13.99,1007.28,32,0,Sneha,India,Tamil Nadu,Male,1972-05-19,,,,
7009-OYEPU,2023-06-09,Paid,2024-06-09,Standard,Monthly,2024-01-28,Not enough content,13.99,97.93,53,1,Vishal,India,Uttar Pradesh,Male,1974-01-12,,,,
8983-CKYUD,2023-04-03,Paid,2024-04-03,Premium,Monthly,2025-05-15,Poor streaming quality,22.99,574.75,56,1,Shreya,India,Madhya Pradesh,Female,1965-06-21,,,,
0063-JNBSF,2024-07-10,Organic,2025-07-10,Basic,Monthly,,,7.99,135.83,22,0,Karan,India,Rajasthan,Female,1982-09-20,,,,
5729-LLEDN,2024-06-02,Referral,2025-06-02,Standard,Annual,,,13.99,265.81,60,0,Sneha,India,Punjab,Male,1964-07-28,,,,
7987-DQSDW,2020-01-22,Paid,2021-01-22,Premium,Annual,,,22.99,1655.28,88,0,Aditya,India,Uttar Pradesh,Male,1986-08-05,2022-02-22,Y,40.0,1.0
5639-OMWVX,2019-09-20,Organic,2020-09-20,Standard,Monthly,2020-07-14,Not enough content,15.99,143.91,92,1,Rahul,India,Karnataka,Female,1969-12-23,2020-05-01,N,90.0,2.0
6528-YUSYB,2020-04-03,Organic,2021-04-03,Basic,Annual,2022-04-07,Too expensive,6.99,167.76,99,1,Ananya,India,Punjab,Male,1990-04-07,2020-08-25,Y,60.0,1.0
3961-EVACX,2023-01-14,Paid,2024-01-14,Premium,Monthly,,,22.99,827.64,12,0,Arjun,India,Madhya Pradesh,Male,1984-11-23,,,,
3179-XCHOD,2024-02-02,Referral,2025-02-02,Premium,Annual,,,23.99,551.77,9,0,Priya,India,Delhi,Female,2005-12-31,,,,
3175-GPBRR,2022-01-26,Organic,2023-01-26,Standard,Monthly,,,13.99,657.53,66,0,Rohan,India,West Bengal,Male,1987-12-03,2023-04-01,N,80.0,1.0
8398-MYALX,2021-08-10,Referral,2022-08-10,Premium,Annual,,,23.99,1271.47,52,0,Aditi,India,Punjab,Female,1998-09-25,2021-11-18,Y,10.0,1.0
6922-EDWKD,2022-09-08,Referral,2023-09-08,Premium,Monthly,,,22.99,919.6,81,0,Mohan,India,West Bengal,Female,1974-07-17,2024-02-04,N,100.0,1.0
5716-EXBIZ,2022-11-02,Referral,2023-11-02,Basic,Monthly,2024-05-07,Poor streaming quality,6.99,125.82,82,1,Tanvi,India,Karnataka,Male,1998-11-01,2023-12-18,N,60.0,2.0
2414-WVDFZ,2024-12-23,Paid,2025-12-23,Basic,Annual,2025-02-11,Not enough content,6.99,6.99,58,1,Arjun,India,West Bengal,Female,1961-09-16,,,,
7787-XKEDU,2021-02-06,Organic,2022-02-06,Standard,Annual,,,15.99,943.41,37,0,Riya,India,Punjab,Female,1978-11-06,,,,
4866-HZZCK,2022-09-21,Referral,2023-09-21,Standard,Monthly,,,14.99,584.61,24,0,Sneha,India,Maharashtra,Male,1992-01-20,,,,
2895-XDQWM,2021-02-11,Paid,2022-02-11,Basic,Monthly,2021-11-14,Not enough content,6.99,62.91,59,1,Akash,India,Bihar,Female,1971-07-23,,,,
5817-RNRDA,2024-04-09,Referral,2025-04-09,Premium,Annual,,,22.99,482.79,66,0,Diya,India,Kerala,Female,1985-04-05,2024-11-23,N,90.0,1.0
8707-UWHJV,2020-12-11,Referral,2021-12-11,Premium,Annual,,,22.99,1402.39,64,0,Pooja,India,Telangana,Male,1969-09-25,,,,
2439-OOFKQ,2021-03-06,Paid,2022-03-06,Premium,Annual,,,23.99,1391.42,26,0,Mohan,India,Maharashtra,Male,1975-04-01,2023-03-09,N,90.0,1.0
2811-HPBTC,2020-08-18,Organic,2021-08-18,Premium,Annual,,,24.99,1624.35,67,0,Aarav,India,Maharashtra,Male,1988-06-21,,,,
5244-YTBRJ,2021-09-19,Organic,2022-09-19,Premium,Annual,,,24.99,1299.48,53,0,Aditya,India,Karnataka,Female,1961-10-19,2025-02-06,N,80.0,1.0
9670-WPQVO,2022-07-01,Organic,2023-07-01,Premium,Monthly,2024-05-30,Not enough content,22.99,528.77,55,1,Sakshi,India,Gujarat,Male,1973-12-26,,,,
8185-RAJVA,2019-03-24,Organic,2020-03-24,Basic,Monthly,,,8.99,737.18,62,0,Rahul,India,Karnataka,Female,1962-05-12,2025-10-28,Y,30.0,2.0
6748-HSGRX,2021-06-08,Paid,2022-06-08,Basic,Annual,,,8.99,494.45,13,0,Vishal,India,Maharashtra,Female,1990-10-07,2022-05-20,N,60.0,1.0
1057-EELHS,2019-12-21,Referral,2020-12-21,Standard,Monthly,2022-01-05,Poor streaming quality,14.99,359.76,96,1,Arjun,India,West Bengal,Male,1963-08-26,,,,
6891-BUSWM,2020-03-14,Referral,2021-03-14,Premium,Annual,,,23.99,1679.3,83,0,Nikhil,India,West Bengal,Female,1983-12-05,2025-12-11,N,80.0,1.0
7662-PFTCB,2020-02-25,Paid,2021-02-25,Premium,Monthly,,,24.99,1774.29,1,0,Priya,India,Punjab,Female,2005-10-20,,,,
4530-NPWOT,2022-07-13,Paid,2023-07-13,Standard,Annual,,,13.99,587.58,40,0,Aditi,India,Haryana,Male,1963-12-03,2025-08-26,N,60.0,1.0
9543-WCYKO,2019-11-06,Organic,2020-11-06,Standard,Annual,,,13.99,1035.26,30,0,Diya,India,Punjab,Female,1970-12-19,,,,
7268-LSIGU,2022-01-13,Referral,2023-01-13,Basic,Monthly,,,6.99,335.52,83,0,Rahul,India,Punjab,Female,2003-12-14,2025-09-17,Y,20.0,3.0
0659-CRNQE,2023-05-02,Organic,2024-05-02,Premium,Annual,2023-06-26,Not enough content,22.99,22.99,81,1,Rahul,India,Gujarat,Female,1971-02-28,,,,
9697-DQTIS,2019-05-17,Referral,2020-05-17,Standard,Monthly,2020-08-28,Not enough content,14.99,224.85,10,1,Vishal,India,Uttar Pradesh,Male,1982-10-15,2020-07-08,N,90.0,1.0
0535-JBBDR,2021-08-25,Organic,2022-08-25,Basic,Monthly,,,6.99,363.48,59,0,Shreya,India,Maharashtra,Male,1983-01-29,,,,
6579-QTVVB,2019-11-17,Organic,2020-11-17,Premium,Annual,2020-12-01,Not enough content,22.99,275.88,97,1,Tanvi,India,Uttar Pradesh,Female,2002-10-14,2020-10-02,Y,60.0,2.0
0581-BFOWX,2022-08-25,Referral,2023-08-25,Standard,Annual,,,13.99,559.6,56,0,Shreya,India,Delhi,Male,1991-06-13,2024-08-07,N,100.0,1.0
2816-CIOGM,2021-08-07,Paid,2022-08-07,Basic,Annual,,,6.99,370.47,53,0,Sakshi,India,Karnataka,Female,1969-01-04,,,,
9153-SRRHW,2023-03-26,Paid,2024-03-26,Standard,Annual,2023-10-16,Switched to competitor,14.99,89.94,63,1,Shreya,India,Madhya Pradesh,Male,2005-12-21,2023-07-19,Y,30.0,2.0
0469-UCCZM,2019-10-09,Paid,2020-10-09,Standard,Monthly,,,15.99,1199.25,40,0,Aarav,India,Rajasthan,Female,1978-08-23,2023-03-19,N,70.0,1.0
3100-WKANS,2023-05-08,Referral,2024-05-08,Standard,Monthly,,,14.99,479.68,57,0,Aditi,India,Punjab,Female,2002-12-07,2024-12-25,Y,50.0,1.0
1792-FKGWB,2019-02-21,Organic,2020-02-21,Standard,Annual,2021-02-25,Too expensive,14.99,359.76,38,1,Nikhil,India,Telangana,Female,1986-08-22,,,,
3904-PHKVZ,2023-02-06,Paid,2024-02-06,Basic,Monthly,,,6.99,244.65,23,0,Diya,India,Kerala,Male,1968-02-02,,,,
4130-SOEDE,2021-07-10,Paid,2022-07-10,Premium,Monthly,2022-11-23,Not enough content,22.99,367.84,36,1,Aarav,India,Haryana,Male,1993-08-05,,,,
8995-GJLZA,2020-03-21,Organic,2021-03-21,Premium,Monthly,,,22.99,1609.3,71,0,Nikhil,India,Bihar,Female,1960-02-21,,,,
1689-WYDLR,2024-11-04,Paid,2025-11-04,Premium,Monthly,,,22.99,321.86,14,0,Sneha,India,West Bengal,Male,1967-08-11,,,,
3726-GAPSV,2021-12-10,Referral,2022-12-10,Standard,Annual,2023-09-18,Switched to competitor,13.99,293.79,98,1,Ishaan,India,Tamil Nadu,Male,1962-10-15,,,,
9641-WUVRX,2021-09-09,Organic,2022-09-09,Premium,Monthly,2021-11-17,Forgot to cancel trial,22.99,45.98,78,1,Aarav,India,Punjab,Female,2000-11-19,2021-11-04,Y,20.0,2.0
9062-OIHAC,2024-03-11,Organic,2025-03-11,Basic,Annual,2025-04-20,Forgot to cancel trial,6.99,90.87,75,1,Meera,India,Rajasthan,Male,1980-05-20,2024-03-29,N,90.0,1.0
6252-AUXDI,2023-08-13,Organic,2024-08-13,Premium,Annual,,,23.99,695.71,27,0,Sneha,India,Kerala,Male,1982-08-04,,,,
3730-LDYIC,2023-07-08,Paid,2024-07-08,Premium,Annual,,,22.99,689.7,26,0,Akash,India,Kerala,Female,1971-12-30,,,,
7604-DAWWZ,2019-03-15,Organic,2020-03-15,Basic,Annual,2020-02-04,Switched to competitor,6.99,69.9,78,1,Nikhil,India,Kerala,Female,1990-10-10,2019-10-23,Y,10.0,2.0
8145-TFBXP,2023-09-27,Organic,2024-09-27,Standard,Monthly,2024-08-18,Forgot to cancel trial,13.99,139.9,67,1,Shreya,India,Bihar,Male,1964-10-03,,,,
8868-HLSNA,2019-11-01,Paid,2020-11-01,Premium,Monthly,,,22.99,1724.25,89,0,Sakshi,India,Uttar Pradesh,Male,1982-02-23,2024-04-20,N,70.0,1.0
2590-AHQKP,2020-11-12,Organic,2021-11-12,Premium,Annual,,,23.99,1487.38,4,0,Vishal,India,Punjab,Male,1967-11-13,,,,
2749-SFMKD,2020-12-21,Organic,2021-12-21,Premium,Annual,,,22.99,1402.39,5,0,Aditya,India,West Bengal,Female,2004-12-19,,,,
0251-SXMWP,2020-08-12,Referral,2021-08-12,Premium,Annual,,,23.99,1559.35,28,0,Shreya,India,Maharashtra,Male,2000-06-16,,,,
2281-MSQRP,2021-12-03,Referral,2022-12-03,Premium,Monthly,,,22.99,1126.51,71,0,Pooja,India,Kerala,Female,1986-03-16,2023-11-20,Y,50.0,1.0
8366-KSKES,2023-08-20,Referral,2024-08-20,Premium,Annual,,,22.99,643.72,22,0,Aditya,India,Madhya Pradesh,Male,1969-09-22,2025-07-19,N,80.0,1.0
3397-RYIGS,2021-12-01,Paid,2022-12-01,Standard,Annual,,,13.99,685.51,20,0,Vishal,India,Odisha,Male,1985-04-26,2024-07-10,N,100.0,1.0
6478-ELAVL,2024-01-20,Organic,2025-01-20,Standard,Annual,,,13.99,321.77,12,0,Meera,India,Madhya Pradesh,Male,1970-11-27,,,,
6731-DYGVY,2019-10-18,Referral,2020-10-18,Basic,Annual,,,6.99,524.25,18,0,Sneha,India,Punjab,Female,1986-12-13,2019-12-06,N,90.0,1.0
9174-GVAPN,2022-08-21,Referral,2023-08-21,Premium,Annual,,,22.99,919.6,29,0,Meera,India,Madhya Pradesh,Female,1997-05-27,2023-07-16,N,100.0,1.0
1326-FWXGL,2024-02-13,Organic,2025-02-13,Standard,Annual,2025-11-12,Switched to competitor,13.99,293.79,72,1,Meera,India,Bihar,Female,1975-10-27,,,,
0080-LQXIU,2019-05-11,Referral,2020-05-11,Premium,Monthly,,,22.99,1839.2,36,0,Meera,India,Madhya Pradesh,Male,1990-12-26,,,,
5271-INLAJ,2022-08-17,Paid,2023-08-17,Basic,Monthly,,,8.99,368.59,2,0,Ananya,India,Rajasthan,Male,1967-07-27,,,,
7017-PJGPX,2021-12-16,Paid,2022-12-16,Premium,Annual,,,22.99,1126.51,3,0,Diya,India,Odisha,Male,2004-11-05,,,,
2304-LSGGY,2021-02-03,Referral,2022-02-03,Premium,Monthly,2021-03-17,Too expensive,22.99,22.99,88,1,Meera,India,Telangana,Female,1989-11-30,2021-03-07,N,60.0,1.0
3945-CMVJW,2024-11-08,Paid,2025-11-08,Premium,Monthly,,,23.99,311.87,27,0,Sneha,India,Rajasthan,Female,1989-02-13,,,,
8722-GFRDS,2020-11-03,Paid,2021-11-03,Basic,Monthly,,,8.99,557.38,5,0,Kavya,India,Rajasthan,Female,1977-10-01,,,,
7023-JCLYH,2023-04-12,Paid,2024-04-12,Basic,Monthly,2024-01-07,Not enough content,6.99,62.91,69,1,Arjun,India,Rajasthan,Male,1989-06-06,,,,
7255-LVCIG,2021-10-21,Organic,2022-10-21,Basic,Monthly,2023-09-29,Switched to competitor,6.99,160.77,67,1,Rohan,India,Karnataka,Male,1964-12-11,,,,
6810-OYPEY,2021-06-15,Paid,2022-06-15,Standard,Annual,,,13.99,769.45,39,0,Vishal,India,Delhi,Male,1989-08-23,,,,
4906-YFFTY,2019-06-17,Referral,2020-06-17,Basic,Annual,,,6.99,552.21,55,0,Diya,India,Delhi,Male,1997-04-23,,,,
4194-ZSVLE,2019-03-05,Referral,2020-03-05,Basic,Monthly,,,7.99,663.17,43,0,Ishaan,India,Gujarat,Female,1992-11-07,,,,
6363-CFUEH,2020-11-04,Referral,2021-11-04,Premium,Monthly,,,22.99,1425.38,59,0,Kavya,India,Uttar Pradesh,Male,2005-12-11,,,,
2282-COSSC,2023-08-15,Referral,2024-08-15,Standard,Monthly,2023-10-17,Too expensive,15.99,31.98,63,1,Priya,India,Gujarat,Female,1986-04-10,2023-10-16,Y,60.0,1.0
7020-KJPVN,2021-05-13,Organic,2022-05-13,Premium,Monthly,2021-09-14,Poor streaming quality,22.99,91.96,57,1,Pooja,India,Bihar,Female,1975-06-14,,,,
0701-CSAPY,2023-03-28,Paid,2024-03-28,Standard,Annual,2024-01-04,Switched to competitor,13.99,125.91,86,1,Akash,India,Odisha,Female,2005-06-19,2023-09-24,Y,50.0,2.0
9237-EVIGD,2024-04-15,Referral,2025-04-15,Basic,Monthly,,,7.99,159.8,39,0,Kavya,India,Uttar Pradesh,Male,2000-07-31,2025-03-07,N,70.0,1.0
2999-TYXZA,2022-01-04,Referral,2023-01-04,Standard,Monthly,,,15.99,767.52,17,0,Shreya,India,West Bengal,Male,1980-07-02,,,,
6440-TYJFE,2021-11-16,Referral,2022-11-16,Premium,Annual,,,22.99,1149.5,6,0,Varun,India,Madhya Pradesh,Male,1964-02-19,,,,
5902-WHHFD,2022-01-02,Paid,2023-01-02,Basic,Annual,,,8.99,431.52,44,0,Neha,India,Delhi,Female,1994-01-07,,,,
2035-TFHXP,2023-10-18,Paid,2024-10-18,Standard,Monthly,,,13.99,363.74,53,0,Priya,India,Maharashtra,Male,1967-08-01,2024-09-13,N,80.0,1.0
7152-NJAIP,2024-08-02,Organic,2025-08-02,Standard,Annual,2026-03-21,Forgot to cancel trial,14.99,284.81,38,1,Vishal,India,Uttar Pradesh,Male,2000-11-05,,,,
4227-YGCAI,2021-03-20,Paid,2022-03-20,Basic,Monthly,,,6.99,405.42,66,0,Tanvi,India,Haryana,Female,1981-10-23,2022-02-12,N,70.0,1.0
7545-CLBYA,2024-01-17,Paid,2025-01-17,Basic,Monthly,,,6.99,160.77,67,0,Shreya,India,Gujarat,Male,1990-01-16,,,,
4255-UUASG,2020-05-23,Referral,2021-05-23,Standard,Monthly,2021-08-08,Forgot to cancel trial,13.99,195.86,82,1,Kavya,India,Gujarat,Female,1973-08-01,2020-07-03,Y,10.0,2.0
1829-GFPOY,2021-03-25,Referral,2022-03-25,Standard,Annual,2021-09-13,Poor streaming quality,13.99,69.95,99,1,Riya,India,Bihar,Female,1972-11-04,,,,
1255-LAFWF,2021-11-02,Referral,2022-11-02,Standard,Annual,,,14.99,749.5,93,0,Priya,India,Telangana,Female,1967-09-09,2024-11-06,Y,50.0,2.0
5949-AYPCO,2020-09-18,Paid,2021-09-18,Basic,Annual,,,6.99,447.36,95,0,Rahul,India,Haryana,Female,1985-01-02,2024-10-13,N,60.0,2.0
0243-RDRYZ,2024-02-24,Organic,2025-02-24,Standard,Annual,,,14.99,329.78,36,0,Rahul,India,Gujarat,Male,2004-08-23,,,,
1969-IEKHX,2021-04-26,Paid,2022-04-26,Basic,Annual,2021-12-16,Too expensive,8.99,62.93,29,1,Tanvi,India,Gujarat,Female,1976-08-03,,,,
4328-DHDLK,2023-12-27,Referral,2024-12-27,Basic,Annual,,,8.99,215.76,23,0,Tanvi,India,Madhya Pradesh,Male,1965-08-17,,,,
1347-IJJBZ,2019-05-05,Organic,2020-05-05,Standard,Monthly,,,13.99,1133.19,30,0,Pooja,India,Telangana,Female,2002-09-30,,,,
6308-CZJFH,2020-12-27,Organic,2021-12-27,Premium,Annual,,,24.99,1524.39,37,0,Aditi,India,Tamil Nadu,Female,1964-11-15,,,,
6554-DAJBH,2024-08-01,Referral,2025-08-01,Standard,Monthly,,,15.99,271.83,98,0,Rahul,India,Punjab,Female,1964-11-29,2025-09-21,Y,50.0,3.0
1346-ZVBRP,2024-04-04,Referral,2025-04-04,Premium,Monthly,2025-12-13,Too expensive,22.99,459.8,99,1,Aditya,India,Bihar,Female,1986-08-10,,,,
6562-TJMUQ,2019-12-13,Referral,2020-12-13,Basic,Annual,,,8.99,656.27,14,0,Varun,India,Telangana,Female,1964-01-09,,,,
9459-JJOTZ,2023-09-17,Referral,2024-09-17,Premium,Monthly,,,23.99,647.73,32,0,Aditi,India,Karnataka,Male,1989-09-07,,,,
4182-YQQPL,2019-04-19,Paid,2020-04-19,Standard,Annual,,,13.99,1133.19,59,0,Priya,India,Telangana,Male,1986-04-02,,,,
8880-XABRN,2024-05-04,Organic,2025-05-04,Premium,Annual,,,22.99,459.8,42,0,Varun,India,West Bengal,Male,1975-10-21,,,,
1330-VJTGU,2023-06-09,Referral,2024-06-09,Premium,Annual,,,22.99,712.69,10,0,Nikhil,India,Odisha,Male,1999-01-09,,,,
7712-ILIXQ,2019-11-23,Referral,2020-11-23,Premium,Annual,,,23.99,1775.26,40,0,Ananya,India,Rajasthan,Female,1971-06-09,2020-04-04,Y,60.0,1.0
4956-TTGIC,2024-07-01,Paid,2025-07-01,Basic,Monthly,,,7.99,143.82,60,0,Akash,India,Maharashtra,Female,2002-06-09,,,,
0117-WQQJR,2020-04-10,Organic,2021-04-10,Basic,Monthly,,,8.99,620.31,94,0,Neha,India,Odisha,Female,1986-03-07,2023-06-07,Y,50.0,1.0
8564-WFCIG,2021-01-07,Referral,2022-01-07,Premium,Annual,2021-03-17,Too expensive,23.99,47.98,78,1,Tanvi,India,Delhi,Male,1975-04-07,2021-01-18,Y,30.0,1.0
4312-JFKMY,2024-06-18,Organic,2025-06-18,Premium,Annual,2026-10-20,Poor streaming quality,22.99,643.72,72,1,Pooja,India,Odisha,Female,1981-05-13,2025-02-15,N,60.0,1.0
6764-GJMFF,2019-03-04,Organic,2020-03-04,Basic,Monthly,,,7.99,663.17,57,0,Tanvi,India,Kerala,Male,1980-10-19,2025-08-05,Y,20.0,1.0
6220-IURAZ,2020-01-11,Referral,2021-01-11,Standard,Monthly,,,13.99,1007.28,20,0,Vishal,India,Haryana,Female,2002-12-21,,,,
6150-UPHZP,2019-12-16,Organic,2020-12-16,Premium,Annual,2021-04-30,Switched to competitor,24.99,399.84,71,1,Aditi,India,Uttar Pradesh,Female,1962-06-04,2021-02-03,Y,20.0,2.0
7951-FSLBM,2024-12-27,Paid,2025-12-27,Standard,Monthly,2025-11-07,Poor streaming quality,13.99,139.9,91,1,Varun,India,Kerala,Male,2002-07-12,2025-03-07,N,90.0,2.0
6315-HIULW,2024-09-15,Organic,2025-09-15,Standard,Monthly,,,13.99,209.85,47,0,Rahul,India,Odisha,Female,1984-01-29,,,,
4697-UIUYP,2019-01-14,Referral,2020-01-14,Standard,Annual,2020-04-24,Switched to competitor,15.99,239.85,69,1,Sakshi,India,Telangana,Male,1982-02-20,2019-05-06,Y,50.0,1.0
7223-VCHWV,2020-11-20,Organic,2021-11-20,Basic,Annual,2023-02-24,Forgot to cancel trial,6.99,188.73,81,1,Aditi,India,Bihar,Male,1975-11-12,2021-07-24,Y,50.0,1.0
8443-UMHYQ,2023-05-11,Paid,2024-05-11,Standard,Monthly,,,15.99,511.68,3,0,Meera,India,Maharashtra,Female,1970-09-22,2023-10-06,N,60.0,1.0
8708-BRNOX,2024-08-09,Paid,2025-08-09,Premium,Annual,,,22.99,367.84,72,0,Priya,India,Telangana,Male,1982-08-21,,,,
6882-QWQLK,2021-01-22,Referral,2022-01-22,Standard,Annual,,,13.99,839.4,30,0,Meera,India,Punjab,Male,2004-02-19,,,,
6278-IFCEB,2022-09-26,Paid,2023-09-26,Basic,Monthly,2024-10-12,Too expensive,6.99,167.76,89,1,Sakshi,India,West Bengal,Female,1983-04-29,2022-11-02,Y,30.0,1.0
1287-DKNTE,2022-10-08,Referral,2023-10-08,Standard,Annual,2024-02-22,Forgot to cancel trial,13.99,223.84,21,1,Pooja,India,Maharashtra,Male,1960-11-06,,,,
0396-OCXME,2020-06-16,Paid,2021-06-16,Basic,Monthly,,,6.99,468.33,79,0,Varun,India,Tamil Nadu,Male,2000-10-09,2022-09-12,Y,10.0,1.0
8713-KLAUD,2020-05-26,Paid,2021-05-26,Standard,Monthly,,,13.99,951.32,22,0,Diya,India,Delhi,Male,1997-01-08,,,,
6100-JVJDR,2024-01-25,Organic,2025-01-25,Premium,Annual,2026-02-10,Too expensive,22.99,551.76,74,1,Varun,India,West Bengal,Female,1968-05-09,,,,
2892-OGBZH,2020-07-23,Organic,2021-07-23,Premium,Monthly,2021-08-15,Poor streaming quality,24.99,299.88,71,1,Kavya,India,Telangana,Female,1970-01-29,2021-06-11,N,100.0,1.0
9093-PRWBP,2020-09-02,Organic,2021-09-02,Premium,Monthly,2023-02-13,Switched to competitor,22.99,666.71,80,1,Shreya,India,Karnataka,Male,1986-03-15,2021-03-31,Y,60.0,1.0
5127-DBCVS,2023-02-17,Referral,2024-02-17,Premium,Monthly,,,23.99,815.66,69,0,Sneha,India,Gujarat,Female,1966-08-30,2023-08-14,Y,50.0,1.0
0039-GAMHM,2023-06-02,Referral,2024-06-02,Standard,Monthly,,,13.99,433.69,40,0,Ananya,India,West Bengal,Female,1965-05-11,,,,
1834-ALRKN,2021-04-26,Paid,2022-04-26,Premium,Monthly,,,24.99,1424.43,12,0,Aditya,India,Gujarat,Male,1975-09-11,,,,
3871-GMUJU,2021-02-22,Referral,2022-02-22,Basic,Monthly,,,6.99,412.41,40,0,Nikhil,India,Tamil Nadu,Female,1986-08-22,,,,
5957-FXBIJ,2020-07-20,Referral,2021-07-20,Standard,Annual,,,13.99,923.34,33,0,Kavya,India,Madhya Pradesh,Male,1975-04-06,,,,
6584-GJKVO,2019-09-21,Paid,2020-09-21,Premium,Monthly,2021-02-26,Switched to competitor,22.99,390.83,51,1,Neha,India,Delhi,Male,1973-09-09,2020-09-21,N,100.0,1.0
9987-NFEVK,2022-05-14,Referral,2023-05-14,Premium,Annual,,,24.99,1099.56,93,0,Riya,India,Madhya Pradesh,Male,1974-03-29,2023-08-12,Y,10.0,1.0
4601-CEUCN,2022-08-03,Organic,2023-08-03,Premium,Monthly,,,23.99,983.59,27,0,Riya,India,Maharashtra,Female,1997-06-21,,,,
7349-MUCSY,2021-09-22,Referral,2022-09-22,Standard,Monthly,,,13.99,727.48,17,0,Priya,India,Haryana,Male,2002-08-02,,,,
2483-QLNIN,2022-11-02,Organic,2023-11-02,Standard,Monthly,2024-03-26,Too expensive,13.99,237.83,95,1,Aarav,India,Maharashtra,Male,1964-12-31,,,,
2880-THMUS,2021-08-05,Referral,2022-08-05,Basic,Monthly,,,6.99,370.47,95,0,Diya,India,Haryana,Male,1983-01-15,,,,
5566-BRRTO,2019-06-11,Organic,2020-06-11,Premium,Monthly,,,22.99,1816.21,78,0,Rohan,India,Punjab,Female,1981-10-06,2019-11-02,Y,50.0,2.0
5205-VZWJX,2021-10-12,Referral,2022-10-12,Basic,Annual,2023-03-18,Poor streaming quality,6.99,118.83,64,1,Priya,India,Haryana,Female,1976-09-29,,,,
8746-IJXYX,2022-08-12,Paid,2023-08-12,Basic,Annual,,,8.99,368.59,35,0,Shreya,India,West Bengal,Male,1987-02-26,,,,
1433-HRHXY,2020-04-12,Paid,2021-04-12,Basic,Monthly,,,7.99,551.31,13,0,Pooja,India,Haryana,Female,1997-12-23,,,,
4161-XLAMG,2019-08-20,Referral,2020-08-20,Premium,Annual,,,22.99,1770.23,40,0,Karan,India,West Bengal,Male,2001-03-07,,,,
5271-OYFRZ,2020-12-23,Paid,2021-12-23,Standard,Annual,,,15.99,975.39,48,0,Arjun,India,Karnataka,Male,1975-10-14,,,,
3369-ERCEI,2022-03-22,Referral,2023-03-22,Standard,Annual,,,13.99,643.54,69,0,Tanvi,India,Gujarat,Female,1989-11-20,,,,
2079-ZASLP,2024-08-07,Referral,2025-08-07,Premium,Monthly,,,22.99,390.83,15,0,Sneha,India,Punjab,Female,1961-12-14,,,,
5825-BSWCZ,2022-01-08,Referral,2023-01-08,Basic,Monthly,,,7.99,383.52,99,0,Kavya,India,Rajasthan,Female,1967-02-08,2022-10-28,Y,50.0,1.0
2398-OKLZJ,2021-11-01,Paid,2022-11-01,Standard,Monthly,,,14.99,749.5,9,0,Aditi,India,Odisha,Female,1969-03-20,,,,
5130-BTXLZ,2019-10-25,Paid,2020-10-25,Premium,Monthly,,,22.99,1724.25,52,0,Diya,India,Maharashtra,Female,1986-03-31,2023-07-13,N,90.0,1.0
1080-BBVMF,2024-06-21,Referral,2025-06-21,Premium,Monthly,,,22.99,413.82,44,0,Meera,India,Tamil Nadu,Female,1994-06-30,,,,
2153-KNCUX,2024-09-16,Paid,2025-09-16,Standard,Monthly,,,13.99,209.85,31,0,Sakshi,India,Telangana,Female,1983-07-09,,,,
1788-UFGVY,2019-06-20,Referral,2020-06-20,Standard,Annual,,,13.99,1105.21,37,0,Mohan,India,Telangana,Male,1974-08-07,,,,
0124-CWILR,2022-06-09,Organic,2023-06-09,Standard,Annual,,,13.99,601.57,3,0,Ishaan,India,Odisha,Female,1976-10-11,,,,
4616-VMBBJ,2024-04-11,Referral,2025-04-11,Premium,Monthly,,,24.99,499.8,60,0,Rohan,India,Maharashtra,Female,2002-12-12,,,,
6046-OJRPK,2023-02-08,Organic,2024-02-08,Premium,Annual,,,24.99,874.65,76,0,Ananya,India,Bihar,Male,2003-04-03,2023-03-06,N,80.0,1.0
2893-UCILC,2021-05-05,Organic,2022-05-05,Basic,Annual,,,6.99,391.44,1,0,Aarav,India,Madhya Pradesh,Male,1982-07-05,,,,
4793-WGLCP,2020-08-08,Referral,2021-08-08,Basic,Annual,,,6.99,454.35,18,0,Aditi,India,Tamil Nadu,Female,1962-06-25,,,,
2185-EJOFI,2023-11-17,Organic,2024-11-17,Premium,Monthly,2026-02-27,Switched to competitor,24.99,674.73,77,1,Sneha,India,Haryana,Female,1994-08-20,2024-09-08,Y,10.0,1.0
3860-TJFEF,2024-07-12,Referral,2025-07-12,Basic,Annual,,,6.99,118.83,56,0,Meera,India,West Bengal,Male,1998-03-22,,,,
8617-LPRFK,2020-12-17,Organic,2021-12-17,Premium,Annual,,,22.99,1402.39,21,0,Sakshi,India,Tamil Nadu,Male,2003-12-08,2022-03-02,N,60.0,1.0
9545-JWNJF,2023-01-10,Referral,2024-01-10,Standard,Monthly,,,15.99,575.64,31,0,Priya,India,Bihar,Male,1994-08-15,,,,
7501-WZOJT,2020-01-18,Organic,2021-01-18,Basic,Annual,2020-08-14,Poor streaming quality,6.99,41.94,32,1,Aditi,India,Delhi,Female,1995-10-31,,,,
6783-CZFNX,2019-01-20,Organic,2020-01-20,Basic,Annual,,,6.99,587.16,92,0,Aarav,India,Karnataka,Male,1967-07-13,2024-08-24,Y,40.0,2.0
2756-EJZXI,2020-04-21,Referral,2021-04-21,Premium,Monthly,,,22.99,1586.31,39,0,Rahul,India,Punjab,Male,1987-09-23,2020-11-13,N,90.0,1.0
0709-BZOMI,2021-01-16,Referral,2022-01-16,Standard,Monthly,,,13.99,839.4,59,0,Meera,India,Odisha,Male,1982-10-08,2022-12-11,N,60.0,1.0
2954-DJWVV,2022-11-08,Organic,2023-11-08,Standard,Monthly,2024-09-25,Forgot to cancel trial,13.99,307.78,88,1,Karan,India,Madhya Pradesh,Male,1986-12-06,2023-01-25,Y,10.0,1.0
0090-EZRLT,2022-08-18,Organic,2023-08-18,Standard,Annual,2023-10-02,Too expensive,13.99,181.87,69,1,Rahul,India,Gujarat,Female,1982-12-12,,,,
8982-WPENH,2024-10-24,Referral,2025-10-24,Standard,Annual,,,13.99,195.86,59,0,Meera,India,Delhi,Female,1963-03-19,2025-04-10,Y,50.0,1.0
4724-NFVGL,2024-12-05,Referral,2025-12-05,Premium,Annual,2026-03-20,Switched to competitor,24.99,374.85,35,1,Varun,India,Karnataka,Male,1997-11-21,2025-01-09,N,70.0,1.0
1536-VHOYJ,2019-05-13,Paid,2020-05-13,Basic,Annual,,,6.99,559.2,17,0,Shreya,India,Rajasthan,Male,1987-06-21,,,,
4489-GOTHT,2022-10-05,Paid,2023-10-05,Basic,Monthly,,,6.99,272.61,55,0,Tanvi,India,Tamil Nadu,Female,1986-11-16,2024-09-11,N,80.0,1.0
0123-FXAMD,2024-06-21,Referral,2025-06-21,Premium,Monthly,,,24.99,449.82,39,0,Pooja,India,Gujarat,Female,1984-01-29,,,,
3297-GBPZH,2024-05-11,Referral,2025-05-11,Premium,Annual,2025-08-07,Switched to competitor,24.99,374.85,96,1,Aarav,India,Telangana,Female,2004-03-08,2025-05-21,Y,10.0,3.0
6688-IDDQP,2022-05-05,Organic,2023-05-05,Standard,Annual,,,13.99,615.56,48,0,Diya,India,Madhya Pradesh,Female,1997-07-30,,,,
8351-ZZDKZ,2022-06-09,Referral,2023-06-09,Basic,Annual,,,8.99,386.57,73,0,Aditya,India,Kerala,Female,1965-05-29,2024-04-01,N,90.0,2.0
7919-OULZD,2023-10-24,Paid,2024-10-24,Basic,Annual,,,6.99,181.74,59,0,Arjun,India,Haryana,Female,1982-01-24,,,,
2337-ZOVJL,2024-02-24,Paid,2025-02-24,Standard,Monthly,2025-01-14,Switched to competitor,13.99,139.9,31,1,Akash,India,Karnataka,Male,1961-09-06,,,,
6970-FOZPM,2021-06-18,Organic,2022-06-18,Basic,Annual,2022-04-22,Forgot to cancel trial,8.99,89.9,32,1,Riya,India,Maharashtra,Male,1984-06-09,,,,
8351-WHNUZ,2019-06-24,Organic,2020-06-24,Standard,Monthly,,,14.99,1184.21,21,0,Arjun,India,Telangana,Female,1992-07-16,,,,
8433-LWPIE,2020-03-01,Referral,2021-03-01,Standard,Annual,,,13.99,993.29,1,0,Tanvi,India,Punjab,Male,1960-10-05,,,,
0254-QQUSY,2019-11-15,Referral,2020-11-15,Standard,Monthly,,,13.99,1035.26,6,0,Kavya,India,Rajasthan,Female,1982-10-11,,,,
2344-LGVMI,2021-11-04,Referral,2022-11-04,Premium,Annual,,,23.99,1199.5,6,0,Ananya,India,Tamil Nadu,Male,1989-06-28,,,,
7688-GWYNZ,2024-03-19,Referral,2025-03-19,Basic,Annual,,,7.99,167.79,74,0,Aarav,India,Maharashtra,Female,1993-05-06,2025-12-03,Y,40.0,1.0
4312-HPICE,2024-03-27,Paid,2025-03-27,Basic,Monthly,,,7.99,167.79,17,0,Aditya,India,Haryana,Male,1992-12-23,,,,
5273-TKTBH,2022-01-20,Organic,2023-01-20,Premium,Annual,,,23.99,1151.52,99,0,Aditi,India,West Bengal,Male,1991-03-12,,,,
9736-PZLQG,2019-04-21,Paid,2020-04-21,Basic,Monthly,2020-01-12,Poor streaming quality,6.99,55.92,52,1,Nikhil,India,Madhya Pradesh,Female,1963-01-26,,,,
8258-MTDCM,2022-01-10,Referral,2023-01-10,Premium,Monthly,,,22.99,1103.52,63,0,Sakshi,India,Madhya Pradesh,Male,1997-07-22,,,,
1284-PFLPT,2021-07-03,Organic,2022-07-03,Standard,Monthly,,,13.99,755.46,43,0,Diya,India,Kerala,Male,1977-07-19,,,,
6063-BWZJB,2021-01-06,Organic,2022-01-06,Premium,Annual,,,22.99,1379.4,68,0,Ananya,India,Uttar Pradesh,Male,1994-08-02,2022-04-29,N,70.0,1.0
4816-LMRTY,2024-04-19,Referral,2025-04-19,Standard,Monthly,,,15.99,319.8,72,0,Aditi,India,Madhya Pradesh,Female,1991-08-20,2025-05-03,N,80.0,1.0
0264-XNNPB,2024-08-27,Referral,2025-08-27,Basic,Annual,2025-05-26,Poor streaming quality,6.99,62.91,26,1,Aditya,India,Gujarat,Female,1988-12-20,,,,
5215-UTWEW,2020-08-13,Paid,2021-08-13,Basic,Annual,,,7.99,519.35,41,0,Rohan,India,Madhya Pradesh,Male,1969-04-15,,,,
4229-BMOBN,2022-11-18,Organic,2023-11-18,Basic,Annual,2024-06-30,Too expensive,6.99,132.81,83,1,Rohan,India,Odisha,Female,1968-01-01,2024-05-07,N,90.0,1.0
2671-JUYZH,2024-01-14,Referral,2025-01-14,Premium,Annual,2024-12-26,Too expensive,23.99,263.89,77,1,Arjun,India,Madhya Pradesh,Female,1997-08-21,2024-11-16,Y,40.0,1.0
1813-XROIY,2021-03-24,Referral,2022-03-24,Basic,Monthly,,,6.99,405.42,53,0,Karan,India,Haryana,Female,2002-10-11,2023-10-06,Y,10.0,1.0
9218-BJYEK,2023-11-28,Organic,2024-11-28,Basic,Monthly,,,6.99,174.75,43,0,Mohan,India,West Bengal,Male,2005-11-27,,,,
4445-OLMXC,2019-10-19,Paid,2020-10-19,Basic,Monthly,,,6.99,524.25,35,0,Tanvi,India,Delhi,Female,1998-12-06,,,,
4199-WDTDE,2023-12-15,Paid,2024-12-15,Basic,Annual,,,7.99,191.76,27,0,Sakshi,India,Maharashtra,Female,1978-01-06,2025-08-18,Y,40.0,2.0
1287-QPHZM,2019-09-10,Referral,2020-09-10,Standard,Annual,,,15.99,1215.24,71,0,Rohan,India,West Bengal,Female,1967-10-09,2020-11-29,N,60.0,1.0
0715-VVDOS,2023-08-26,Referral,2024-08-26,Premium,Monthly,,,22.99,643.72,59,0,Varun,India,Telangana,Male,1969-02-24,,,,
5768-DDRVK,2020-04-18,Paid,2021-04-18,Standard,Monthly,2022-03-11,Too expensive,13.99,321.77,69,1,Karan,India,Tamil Nadu,Male,1985-01-27,,,,
2608-MWSEK,2021-04-03,Paid,2022-04-03,Basic,Monthly,2022-09-24,Forgot to cancel trial,6.99,118.83,69,1,Pooja,India,Delhi,Female,1994-04-11,,,,
1627-FVYED,2023-01-05,Organic,2024-01-05,Standard,Annual,2024-11-19,Poor streaming quality,13.99,307.78,94,1,Shreya,India,Karnataka,Female,2000-07-26,2024-07-16,N,90.0,1.0
3165-GOWEV,2023-12-14,Organic,2024-12-14,Premium,Monthly,,,24.99,599.76,15,0,Karan,India,West Bengal,Male,1972-01-02,,,,
8327-RCTXV,2023-01-14,Paid,2024-01-14,Premium,Annual,,,24.99,899.64,54,0,Aditya,India,Odisha,Female,1981-12-09,2024-07-18,N,90.0,1.0
1501-TURRJ,2022-12-23,Paid,2023-12-23,Premium,Annual,,,23.99,863.64,55,0,Riya,India,Telangana,Female,1985-07-09,2024-09-05,Y,60.0,1.0
0069-IARRL,2021-03-10,Paid,2022-03-10,Premium,Monthly,,,23.99,1391.42,27,0,Rahul,India,Tamil Nadu,Male,1990-05-10,2024-01-30,N,80.0,1.0
2310-DRAYF,2022-11-03,Organic,2023-11-03,Premium,Annual,,,24.99,949.62,29,0,Rohan,India,Uttar Pradesh,Female,1985-05-30,,,,
4048-BCBXC,2021-10-07,Paid,2022-10-07,Premium,Annual,,,22.99,1172.49,11,0,Nikhil,India,Gujarat,Female,1976-07-03,,,,
6000-RBAVW,2023-07-02,Paid,2024-07-02,Basic,Annual,,,6.99,209.7,10,0,Rohan,India,Rajasthan,Male,1992-12-23,,,,
7359-MAFRW,2020-12-16,Organic,2021-12-16,Premium,Annual,,,24.99,1524.39,6,0,Arjun,India,Karnataka,Male,1980-03-09,,,,
9763-BEJMR,2023-06-02,Referral,2024-06-02,Basic,Annual,,,6.99,216.69,68,0,Rahul,India,Bihar,Female,1967-10-16,,,,
3333-DHYUH,2024-02-09,Referral,2025-02-09,Basic,Monthly,,,6.99,160.77,41,0,Pooja,India,Telangana,Female,1974-12-23,,,,
7402-QKKUN,2021-10-24,Paid,2022-10-24,Premium,Annual,,,22.99,1149.5,12,0,Ananya,India,Maharashtra,Male,1987-08-20,,,,
1113-QDXLO,2022-01-25,Referral,2023-01-25,Standard,Monthly,,,13.99,657.53,69,0,Nikhil,India,Uttar Pradesh,Female,2000-03-14,,,,
6165-JUKSA,2020-04-06,Organic,2021-04-06,Premium,Monthly,,,22.99,1586.31,97,0,Aditya,India,West Bengal,Female,1997-12-13,,,,
1352-GRRFT,2023-09-25,Organic,2024-09-25,Premium,Monthly,,,24.99,674.73,64,0,Riya,India,Rajasthan,Male,1966-12-26,2023-12-06,Y,30.0,1.0
9544-PXGBJ,2023-03-15,Organic,2024-03-15,Standard,Annual,,,15.99,543.66,69,0,Aarav,India,Tamil Nadu,Male,1965-09-13,,,,
0840-JTYDN,2022-06-05,Organic,2023-06-05,Standard,Monthly,,,14.99,644.57,75,0,Aarav,India,Rajasthan,Female,1983-07-21,2023-04-22,Y,30.0,2.0
8436-TQXOM,2019-07-08,Organic,2020-07-08,Premium,Monthly,,,23.99,1871.22,81,0,Aarav,India,Odisha,Male,1985-08-30,,,,
7848-MOEKT,2023-10-19,Organic,2024-10-19,Premium,Annual,,,24.99,649.74,34,0,Akash,India,Kerala,Male,1978-01-16,,,,
7936-OZMEG,2019-10-03,Referral,2020-10-03,Standard,Annual,,,15.99,1215.24,24,0,Riya,India,Delhi,Female,1998-05-18,,,,
5392-CBUPQ,2023-04-01,Paid,2024-04-01,Standard,Monthly,,,15.99,527.67,2,0,Kavya,India,Maharashtra,Female,1979-03-01,,,,
7345-CRLJC,2020-04-09,Referral,2021-04-09,Basic,Annual,,,6.99,482.31,92,0,Arjun,India,Delhi,Female,1993-06-01,2020-07-01,Y,40.0,1.0
9017-VXCHF,2019-06-26,Referral,2020-06-26,Premium,Annual,,,23.99,1895.21,42,0,Nikhil,India,West Bengal,Female,1991-08-29,,,,
6636-YNFWG,2020-09-02,Referral,2021-09-02,Standard,Annual,,,14.99,959.36,86,0,Riya,India,Kerala,Female,1978-10-22,2023-02-12,N,100.0,1.0
5126-PRECR,2021-07-15,Paid,2022-07-15,Premium,Annual,,,22.99,1241.46,9,0,Ananya,India,Gujarat,Male,1968-12-02,2024-02-05,N,70.0,1.0
7107-GSQQS,2019-01-19,Referral,2020-01-19,Basic,Annual,,,6.99,587.16,16,0,Nikhil,India,Punjab,Female,1963-01-11,,,,
8011-EDFZB,2019-10-04,Organic,2020-10-04,Premium,Annual,,,23.99,1823.24,44,0,Neha,India,Rajasthan,Male,1978-03-18,,,,
5272-VFSWM,2021-03-13,Organic,2022-03-13,Basic,Monthly,2021-06-13,Forgot to cancel trial,6.99,20.97,72,1,Aditi,India,Tamil Nadu,Male,1982-03-18,,,,
5720-YFTYU,2019-08-15,Organic,2020-08-15,Basic,Monthly,,,6.99,538.23,34,0,Pooja,India,Maharashtra,Female,1962-02-02,,,,
7550-IBBSE,2019-08-06,Organic,2020-08-06,Premium,Annual,,,22.99,1770.23,54,0,Ananya,India,Tamil Nadu,Male,1960-10-19,2024-09-25,N,100.0,1.0
3705-VDLYC,2022-01-18,Paid,2023-01-18,Premium,Annual,,,22.99,1103.52,40,0,Shreya,India,Karnataka,Female,1993-06-09,2025-06-20,Y,20.0,1.0
6834-ROOTC,2021-02-20,Organic,2022-02-20,Basic,Monthly,,,6.99,412.41,73,0,Mohan,India,Karnataka,Female,1997-04-21,,,,
5695-ZQLLC,2023-02-09,Referral,2024-02-09,Premium,Monthly,,,23.99,839.65,28,0,Aditya,India,Rajasthan,Female,1981-03-27,2023-09-07,N,100.0,1.0
4378-KBFGB,2019-06-13,Referral,2020-06-13,Standard,Annual,,,15.99,1263.21,28,0,Riya,India,Rajasthan,Female,1965-04-26,,,,
5221-AYMXG,2023-06-08,Referral,2024-06-08,Basic,Annual,,,6.99,216.69,14,0,Tanvi,India,Telangana,Female,2001-01-25,,,,
6120-DYHVO,2019-02-02,Organic,2020-02-02,Standard,Monthly,,,13.99,1175.16,45,0,Kavya,India,Madhya Pradesh,Male,1980-06-07,,,,
8828-MESUR,2022-12-14,Paid,2023-12-14,Standard,Monthly,,,13.99,517.63,66,0,Priya,India,Punjab,Female,1994-01-20,,,,
3374-OUEIZ,2021-05-06,Referral,2022-05-06,Standard,Monthly,,,13.99,783.44,27,0,Ishaan,India,Gujarat,Male,2003-08-15,,,,
4136-KVEYH,2022-04-16,Paid,2023-04-16,Standard,Monthly,,,15.99,719.55,59,0,Meera,India,Bihar,Female,1977-03-15,,,,
3048-YIVVC,2022-06-26,Organic,2023-06-26,Standard,Annual,2024-05-16,Switched to competitor,13.99,321.77,88,1,Ananya,India,Odisha,Male,1969-08-10,2024-03-23,N,70.0,1.0
7788-DPKIV,2020-12-20,Referral,2021-12-20,Premium,Monthly,2022-05-25,Switched to competitor,23.99,407.83,98,1,Karan,India,West Bengal,Male,1999-01-25,2021-12-06,Y,30.0,3.0
9756-IAODI,2021-05-02,Referral,2022-05-02,Premium,Annual,,,22.99,1287.44,95,0,Shreya,India,Haryana,Male,1983-05-19,2021-06-04,N,80.0,1.0
4210-XPOYS,2024-12-25,Organic,2025-12-25,Standard,Monthly,2025-05-27,Too expensive,14.99,74.95,94,1,Aditya,India,Uttar Pradesh,Female,1989-09-05,2025-05-13,Y,60.0,2.0
6433-VQGYF,2024-11-02,Referral,2025-11-02,Premium,Monthly,,,24.99,349.86,52,0,Ananya,India,Uttar Pradesh,Female,1985-08-17,2025-03-26,Y,10.0,1.0
2218-ONCNU,2023-02-17,Organic,2024-02-17,Standard,Monthly,2023-12-18,Not enough content,14.99,149.9,98,1,Rahul,India,West Bengal,Male,1984-12-05,2023-11-03,Y,40.0,1.0
9062-OGWJA,2019-12-20,Organic,2020-12-20,Standard,Monthly,,,15.99,1167.27,35,0,Shreya,India,Odisha,Female,1992-06-18,2025-11-16,N,60.0,1.0
0083-SSDZO,2023-07-17,Organic,2024-07-17,Standard,Annual,,,13.99,405.71,10,0,Tanvi,India,West Bengal,Female,1966-12-23,,,,
6936-XYZTS,2020-03-20,Organic,2021-03-20,Standard,Monthly,,,14.99,1049.3,35,0,Rohan,India,Telangana,Female,1992-04-06,,,,
9120-MWIQK,2024-07-28,Paid,2025-07-28,Basic,Monthly,2026-11-12,Forgot to cancel trial,7.99,215.73,70,1,Diya,India,Odisha,Female,1963-11-03,,,,
5042-LVRKY,2024-01-21,Paid,2025-01-21,Basic,Annual,2025-12-23,Too expensive,6.99,160.77,76,1,Kavya,India,Maharashtra,Male,1989-01-23,,,,
4010-TJKPI,2021-06-24,Referral,2022-06-24,Standard,Annual,,,13.99,769.45,49,0,Varun,India,Haryana,Male,1982-10-28,,,,
0580-TBNUD,2021-03-26,Referral,2022-03-26,Premium,Monthly,2022-10-31,Poor streaming quality,22.99,436.81,97,1,Kavya,India,Bihar,Male,2000-11-28,2021-04-17,Y,20.0,1.0
5987-LLFLO,2022-02-19,Referral,2023-02-19,Standard,Monthly,2024-05-03,Not enough content,13.99,363.74,46,1,Pooja,India,Gujarat,Male,2003-03-08,,,,
9604-GKXAM,2019-07-15,Organic,2020-07-15,Premium,Annual,2020-02-05,Too expensive,24.99,149.94,66,1,Sakshi,India,Rajasthan,Male,1965-11-09,2020-01-10,Y,30.0,2.0
9298-VPJLW,2022-03-06,Paid,2023-03-06,Premium,Annual,,,22.99,1057.54,43,0,Kavya,India,Kerala,Female,1989-12-16,,,,
3339-HMJBF,2024-04-10,Organic,2025-04-10,Basic,Annual,,,8.99,188.79,55,0,Meera,India,Rajasthan,Male,1998-09-28,,,,
3449-VRSUB,2021-09-23,Organic,2022-09-23,Premium,Monthly,,,23.99,1247.48,51,0,Riya,India,Tamil Nadu,Female,1993-11-22,,,,
9275-THPSX,2023-06-18,Paid,2024-06-18,Basic,Annual,,,8.99,269.7,5,0,Ishaan,India,Karnataka,Male,1978-03-22,,,,
4903-OPNUT,2020-11-05,Referral,2021-11-05,Basic,Annual,,,6.99,433.38,55,0,Aarav,India,Bihar,Female,1993-06-05,2024-06-06,N,70.0,1.0
9506-JWQGW,2023-06-01,Paid,2024-06-01,Premium,Annual,,,22.99,712.69,39,0,Nikhil,India,Bihar,Female,1988-07-26,2024-03-24,N,90.0,1.0
7700-YZNIR,2020-10-04,Organic,2021-10-04,Premium,Monthly,,,22.99,1448.37,36,0,Sakshi,India,Maharashtra,Female,1997-01-31,,,,
7677-ZOLTU,2022-09-07,Referral,2023-09-07,Standard,Annual,2024-08-15,Poor streaming quality,13.99,321.77,89,1,Aditya,India,Rajasthan,Male,2005-12-24,2022-12-25,Y,60.0,2.0
9676-WRTRV,2021-02-25,Organic,2022-02-25,Premium,Annual,2022-08-01,Too expensive,24.99,424.83,91,1,Shreya,India,Gujarat,Female,1993-02-08,,,,
0419-WVUZE,2024-03-25,Referral,2025-03-25,Premium,Monthly,,,23.99,503.79,59,0,Karan,India,Punjab,Female,1971-04-07,2025-02-24,N,70.0,1.0
4286-TUJMH,2022-06-21,Paid,2023-06-21,Premium,Monthly,,,22.99,965.58,11,0,Meera,India,Maharashtra,Male,1980-11-14,,,,
7130-TRANA,2021-11-04,Paid,2022-11-04,Premium,Monthly,,,22.99,1149.5,32,0,Varun,India,Karnataka,Female,1985-06-14,2021-11-27,N,60.0,1.0
6679-EYMAL,2024-11-09,Referral,2025-11-09,Basic,Annual,2026-08-10,Forgot to cancel trial,6.99,146.79,85,1,Mohan,India,Odisha,Male,1960-09-10,2026-02-11,Y,40.0,2.0
0602-MDQFL,2019-03-04,Referral,2020-03-04,Premium,Annual,,,22.99,1908.17,26,0,Sakshi,India,Kerala,Male,1983-05-15,,,,
4943-QCKMP,2019-06-02,Paid,2020-06-02,Premium,Annual,2019-09-09,Forgot to cancel trial,22.99,68.97,33,1,Arjun,India,Bihar,Female,1991-04-06,,,,
2481-JYDGK,2021-03-16,Organic,2022-03-16,Basic,Monthly,2022-09-03,Forgot to cancel trial,6.99,118.83,5,1,Neha,India,Karnataka,Male,2005-07-22,,,,
8459-XLLPY,2023-05-13,Referral,2024-05-13,Standard,Monthly,2024-09-11,Switched to competitor,13.99,223.84,54,1,Varun,India,Odisha,Male,1994-08-23,,,,
0338-FMNNY,2022-04-13,Referral,2023-04-13,Premium,Monthly,2022-08-03,Switched to competitor,22.99,68.97,86,1,Priya,India,Karnataka,Female,1964-09-02,,,,
0678-STLVO,2019-09-12,Paid,2020-09-12,Premium,Annual,,,22.99,1747.24,22,0,Nikhil,India,Punjab,Male,1969-04-02,,,,
1528-SOTEK,2023-12-25,Referral,2024-12-25,Standard,Annual,,,13.99,335.76,48,0,Aditya,India,Uttar Pradesh,Male,1986-07-18,,,,
4142-VWZHK,2019-10-09,Referral,2020-10-09,Standard,Annual,2021-09-30,Too expensive,15.99,383.76,77,1,Kavya,India,Telangana,Male,1975-12-18,2021-08-12,Y,30.0,1.0
0332-EERLM,2024-02-18,Paid,2025-02-18,Standard,Monthly,,,15.99,351.78,97,0,Shreya,India,Gujarat,Male,2001-08-22,2025-06-17,Y,30.0,1.0
0556-EIEJW,2024-12-14,Organic,2025-12-14,Standard,Annual,,,13.99,167.88,63,0,Aarav,India,Rajasthan,Female,1996-05-30,,,,
9565-LNNEU,2021-07-25,Organic,2022-07-25,Standard,Monthly,,,13.99,755.46,22,0,Tanvi,India,West Bengal,Female,1965-11-03,,,,
5181-GWIJM,2023-12-09,Paid,2024-12-09,Basic,Monthly,,,8.99,224.75,30,0,Rohan,India,Kerala,Male,1962-01-08,,,,
7874-RZIUY,2024-08-09,Paid,2025-08-09,Premium,Monthly,2025-03-24,Too expensive,23.99,167.93,66,1,Diya,India,Haryana,Male,1978-12-20,,,,
9089-CMIRR,2021-09-17,Paid,2022-09-17,Basic,Monthly,2023-07-31,Not enough content,6.99,153.78,91,1,Aarav,India,Karnataka,Female,1972-01-14,,,,
2639-LAARC,2023-05-13,Organic,2024-05-13,Basic,Annual,2025-10-07,Switched to competitor,6.99,202.71,2,1,Ananya,India,Karnataka,Male,1965-12-13,,,,
3461-SYLRP,2022-07-13,Organic,2023-07-13,Basic,Annual,,,6.99,293.58,30,0,Tanvi,India,Uttar Pradesh,Female,1983-02-20,2023-06-08,N,90.0,1.0
5348-NVQCL,2022-09-02,Organic,2023-09-02,Basic,Annual,,,8.99,359.6,5,0,Aarav,India,Uttar Pradesh,Female,2005-09-01,2025-03-27,N,70.0,1.0
4814-UAZIP,2023-10-02,Paid,2024-10-02,Standard,Monthly,2024-11-26,Switched to competitor,15.99,223.86,95,1,Mohan,India,Gujarat,Female,1976-01-28,2024-07-15,Y,40.0,3.0
5900-KXDUR,2024-08-11,Organic,2025-08-11,Standard,Monthly,,,15.99,255.84,76,0,Kavya,India,Tamil Nadu,Female,1994-12-16,,,,
8470-WWMKI,2023-05-16,Organic,2024-05-16,Premium,Annual,2024-09-19,Not enough content,22.99,367.84,94,1,Karan,India,Odisha,Female,1998-03-27,,,,
0104-ATYZW,2021-02-07,Organic,2022-02-07,Standard,Annual,,,13.99,825.41,58,0,Tanvi,India,Delhi,Female,1966-05-10,,,,
2562-PQHYZ,2023-12-10,Referral,2024-12-10,Standard,Annual,,,14.99,374.75,37,0,Sneha,India,Punjab,Male,1999-02-11,,,,
4761-BGZSK,2022-12-13,Organic,2023-12-13,Premium,Monthly,2023-12-19,Poor streaming quality,22.99,275.88,93,1,Diya,India,Rajasthan,Female,1973-05-11,,,,
7107-NMNMO,2024-04-07,Referral,2025-04-07,Basic,Annual,,,7.99,167.79,10,0,Varun,India,Telangana,Male,1981-06-15,2025-09-15,Y,60.0,1.0
5427-KDTVJ,2023-03-07,Organic,2024-03-07,Standard,Monthly,2024-07-10,Forgot to cancel trial,13.99,223.84,69,1,Akash,India,Haryana,Male,1996-03-22,,,,
1733-XPROA,2019-12-18,Paid,2020-12-18,Premium,Monthly,,,22.99,1678.27,47,0,Mohan,India,Delhi,Male,1980-10-16,,,,
5819-GYSPS,2024-02-04,Organic,2025-02-04,Premium,Annual,,,23.99,551.77,59,0,Sakshi,India,Gujarat,Female,1970-06-03,,,,
3740-MAKMM,2019-10-01,Organic,2020-10-01,Standard,Annual,2022-01-16,Forgot to cancel trial,14.99,404.73,54,1,Aditya,India,Uttar Pradesh,Female,1997-08-19,,,,
1550-XMKWC,2023-02-21,Organic,2024-02-21,Premium,Annual,,,24.99,849.66,35,0,Aditya,India,Punjab,Male,1977-01-31,,,,
9268-TYNXW,2022-05-13,Paid,2023-05-13,Basic,Monthly,,,6.99,307.56,55,0,Ananya,India,Haryana,Male,1976-08-22,2025-06-15,N,80.0,1.0
2726-AJUID,2019-11-12,Referral,2020-11-12,Basic,Annual,,,8.99,665.26,34,0,Meera,India,Delhi,Female,1973-07-17,2020-04-06,Y,10.0,1.0
2067-EGHOQ,2024-09-12,Organic,2025-09-12,Standard,Monthly,2025-06-12,Not enough content,13.99,125.91,85,1,Varun,India,Tamil Nadu,Female,1969-06-13,,,,
1842-AUKVX,2020-03-05,Organic,2021-03-05,Basic,Annual,,,6.99,489.3,4,0,Priya,India,Uttar Pradesh,Male,1962-06-05,,,,
2249-COTCO,2021-07-07,Paid,2022-07-07,Premium,Monthly,2021-09-30,Switched to competitor,22.99,45.98,79,1,Pooja,India,Karnataka,Male,2002-09-15,2021-08-30,Y,40.0,2.0
4580-ECVGK,2022-06-27,Paid,2023-06-27,Premium,Monthly,2024-06-21,Too expensive,24.99,599.76,68,1,Varun,India,Kerala,Female,1972-01-11,2024-03-24,Y,20.0,2.0
4869-PKGZP,2019-03-02,Organic,2020-03-02,Premium,Annual,,,22.99,1908.17,33,0,Sneha,India,Kerala,Male,1984-06-23,,,,
0882-OVJAP,2023-04-14,Referral,2024-04-14,Premium,Annual,,,23.99,791.67,37,0,Diya,India,Uttar Pradesh,Female,1990-01-02,,,,
2775-MNMNU,2021-02-04,Paid,2022-02-04,Premium,Annual,2022-10-08,Poor streaming quality,22.99,459.8,54,1,Aditi,India,Maharashtra,Female,1995-01-27,,,,
6606-BVZVC,2020-09-24,Referral,2021-09-24,Premium,Monthly,,,22.99,1471.36,46,0,Ananya,India,Tamil Nadu,Female,1995-12-05,,,,
2535-XSCVG,2019-06-04,Paid,2020-06-04,Premium,Annual,,,22.99,1839.2,41,0,Priya,India,Tamil Nadu,Male,1977-04-19,,,,
5414-HOJXU,2024-07-22,Organic,2025-07-22,Premium,Annual,,,24.99,424.83,3,0,Aditi,India,Madhya Pradesh,Female,1994-06-15,2025-08-21,N,70.0,1.0
5718-YFMJU,2022-10-03,Referral,2023-10-03,Standard,Annual,2024-01-08,Switched to competitor,15.99,239.85,48,1,Aditi,India,West Bengal,Male,1995-12-01,,,,
1545-TAUBR,2020-09-27,Referral,2021-09-27,Basic,Annual,,,8.99,575.36,35,0,Aarav,India,Rajasthan,Male,1978-12-19,,,,
3569-SZSRK,2022-01-10,Organic,2023-01-10,Standard,Annual,,,13.99,671.52,82,0,Varun,India,Tamil Nadu,Male,1980-10-19,,,,
0826-RNKBK,2020-10-12,Referral,2021-10-12,Basic,Monthly,,,6.99,440.37,70,0,Aditya,India,Maharashtra,Male,1982-12-23,2020-11-21,Y,60.0,1.0
7952-ADRRH,2024-07-23,Paid,2025-07-23,Basic,Monthly,,,6.99,118.83,46,0,Mohan,India,Uttar Pradesh,Male,1960-01-26,,,,
5739-WGELP,2023-10-16,Paid,2024-10-16,Standard,Annual,,,13.99,363.74,88,0,Mohan,India,Madhya Pradesh,Female,2004-07-01,,,,
4508-GMXSI,2023-04-11,Referral,2024-04-11,Basic,Annual,2023-08-05,Poor streaming quality,6.99,20.97,38,1,Riya,India,Madhya Pradesh,Male,1962-03-12,,,,
7403-OJYRN,2022-03-15,Referral,2023-03-15,Premium,Annual,,,22.99,1057.54,11,0,Shreya,India,Tamil Nadu,Male,1983-04-02,,,,
7735-WCKXR,2020-06-27,Paid,2021-06-27,Basic,Monthly,2022-04-02,Forgot to cancel trial,6.99,146.79,97,1,Pooja,India,Punjab,Female,1968-03-08,2022-01-08,Y,10.0,2.0
1630-ISRYG,2020-02-05,Paid,2021-02-05,Basic,Monthly,,,7.99,567.29,56,0,Akash,India,Kerala,Female,1985-02-21,2023-09-02,N,60.0,1.0
7200-GPVWB,2022-08-17,Referral,2023-08-17,Standard,Annual,,,15.99,655.59,72,0,Arjun,India,Odisha,Female,1976-11-01,,,,
1420-QWHNH,2019-05-06,Referral,2020-05-06,Basic,Monthly,,,6.99,566.19,25,0,Sneha,India,Delhi,Female,1974-01-01,,,,
1415-YKSRQ,2020-12-28,Organic,2021-12-28,Basic,Annual,2023-02-17,Too expensive,6.99,181.74,92,1,Aditya,India,Punjab,Female,1984-03-21,2022-02-17,N,80.0,1.0
5913-EXCNF,2021-10-23,Paid,2022-10-23,Standard,Annual,,,15.99,815.49,80,0,Mohan,India,Rajasthan,Female,1962-04-20,2024-04-01,N,90.0,2.0
6549-CTGMT,2023-11-05,Paid,2024-11-05,Basic,Monthly,,,7.99,207.74,21,0,Karan,India,Rajasthan,Female,1963-02-25,,,,
5023-JPBVM,2019-08-01,Organic,2020-08-01,Basic,Monthly,2019-10-01,Switched to competitor,6.99,13.98,43,1,Varun,India,Maharashtra,Male,1993-08-23,,,,
1532-FBQQN,2020-02-27,Paid,2021-02-27,Premium,Monthly,2021-12-04,Not enough content,22.99,482.79,74,1,Kavya,India,Telangana,Female,1972-03-23,2020-06-28,Y,50.0,1.0
6167-HHCUO,2023-01-10,Referral,2024-01-10,Standard,Monthly,2024-06-13,Forgot to cancel trial,15.99,271.83,84,1,Aditi,India,Delhi,Female,1961-02-23,,,,
1375-WAUIO,2021-03-19,Organic,2022-03-19,Basic,Annual,2022-07-13,Poor streaming quality,6.99,111.84,91,1,Akash,India,Karnataka,Male,1970-03-23,2022-06-18,N,70.0,3.0
9028-JEBLQ,2020-10-19,Referral,2021-10-19,Standard,Monthly,,,13.99,881.37,14,0,Neha,India,Uttar Pradesh,Female,1986-04-16,,,,
2270-BNLZV,2020-09-27,Paid,2021-09-27,Premium,Annual,,,22.99,1471.36,4,0,Rahul,India,Odisha,Female,1991-12-19,2023-06-07,N,80.0,1.0
2678-GQYSS,2022-09-18,Paid,2023-09-18,Basic,Monthly,,,7.99,319.6,20,0,Varun,India,Gujarat,Female,2003-06-28,,,,
4461-SCRPD,2023-02-11,Organic,2024-02-11,Basic,Monthly,,,7.99,279.65,19,0,Aarav,India,Rajasthan,Female,1976-04-12,,,,
0591-CYRWJ,2020-05-16,Referral,2021-05-16,Basic,Annual,2020-11-28,Too expensive,7.99,47.94,91,1,Sakshi,India,Bihar,Male,1979-04-02,2020-11-19,N,70.0,2.0
4069-AFVIY,2023-10-25,Referral,2024-10-25,Basic,Annual,,,8.99,233.74,23,0,Aditi,India,Kerala,Male,1967-10-17,,,,
2839-GBZQT,2024-03-23,Organic,2025-03-23,Premium,Monthly,,,22.99,482.79,85,0,Diya,India,Tamil Nadu,Female,1992-11-17,2025-11-21,Y,40.0,1.0
1982-LIDBI,2023-06-12,Referral,2024-06-12,Standard,Monthly,2023-11-13,Too expensive,13.99,69.95,91,1,Shreya,India,Telangana,Male,1995-10-30,2023-09-02,Y,60.0,2.0
9796-TMNDX,2023-01-17,Referral,2024-01-17,Premium,Annual,2025-07-04,Too expensive,24.99,724.71,76,1,Karan,India,Kerala,Female,1970-08-12,,,,
6586-MGXTM,2019-11-21,Paid,2020-11-21,Premium,Monthly,,,22.99,1701.26,8,0,Vishal,India,Bihar,Female,1977-08-16,2025-12-13,N,60.0,1.0
5988-VCAMY,2022-06-22,Paid,2023-06-22,Basic,Annual,,,6.99,293.58,14,0,Mohan,India,Gujarat,Male,1994-11-28,,,,
0681-NTLUY,2023-10-02,Paid,2024-10-02,Premium,Monthly,,,22.99,620.73,26,0,Varun,India,Rajasthan,Male,1987-03-25,,,,
0738-WCCNB,2020-10-11,Referral,2021-10-11,Basic,Annual,,,6.99,440.37,41,0,Ananya,India,Haryana,Male,1984-06-14,,,,
8925-KYZXW,2024-02-11,Organic,2025-02-11,Standard,Monthly,2024-09-20,Too expensive,13.99,97.93,85,1,Sakshi,India,Telangana,Female,1964-10-14,2024-09-09,Y,60.0,2.0
5352-PTGLP,2022-06-26,Paid,2023-06-26,Standard,Monthly,,,13.99,587.58,54,0,Vishal,India,Tamil Nadu,Male,2000-09-11,,,,
4233-QSDQN,2019-07-15,Organic,2020-07-15,Standard,Annual,,,14.99,1169.22,63,0,Rahul,India,Tamil Nadu,Male,1993-11-21,2025-07-03,Y,60.0,1.0
5936-XSDXW,2022-03-28,Referral,2023-03-28,Basic,Annual,,,6.99,314.55,64,0,Meera,India,West Bengal,Female,1972-08-02,,,,
9874-CCOKS,2019-01-03,Referral,2020-01-03,Standard,Monthly,,,13.99,1189.15,65,0,Varun,India,Odisha,Female,1979-05-14,2022-06-09,N,70.0,1.0
2633-DHHRQ,2021-09-15,Paid,2022-09-15,Basic,Monthly,,,6.99,363.48,5,0,Sneha,India,Tamil Nadu,Female,1995-02-14,,,,
8031-CHUBA,2024-10-22,Paid,2025-10-22,Basic,Monthly,,,7.99,111.86,58,0,Tanvi,India,Punjab,Male,1996-06-20,,,,
7164-RBNVV,2021-11-08,Organic,2022-11-08,Basic,Annual,,,8.99,449.5,15,0,Sakshi,India,Kerala,Female,1973-02-07,,,,
3727-SEXJP,2021-08-06,Paid,2022-08-06,Standard,Annual,,,13.99,741.47,68,0,Pooja,India,Madhya Pradesh,Female,1985-04-11,,,,
5282-PIKIT,2021-11-20,Organic,2022-11-20,Premium,Monthly,,,22.99,1149.5,74,0,Shreya,India,Uttar Pradesh,Female,1986-07-19,2024-01-25,N,90.0,1.0
0301-JRIPM,2021-07-02,Referral,2022-07-02,Basic,Monthly,,,7.99,431.46,30,0,Aditi,India,Uttar Pradesh,Male,1961-03-08,,,,
6175-RPFOC,2022-09-12,Paid,2023-09-12,Premium,Monthly,2024-06-24,Poor streaming quality,22.99,482.79,93,1,Ishaan,India,Gujarat,Male,2001-09-29,2022-12-23,N,70.0,1.0
7340-VAOLT,2022-08-16,Referral,2023-08-16,Premium,Annual,,,22.99,942.59,23,0,Shreya,India,Karnataka,Female,1961-04-17,,,,
6432-SUVHR,2024-03-22,Referral,2025-03-22,Premium,Annual,,,22.99,482.79,51,0,Aarav,India,Telangana,Female,1992-06-10,2024-07-09,N,60.0,1.0
4019-LTGYC,2020-10-07,Referral,2021-10-07,Basic,Annual,,,8.99,566.37,5,0,Aditya,India,Punjab,Male,2000-07-22,,,,
2141-WGIHQ,2023-05-22,Referral,2024-05-22,Premium,Annual,,,23.99,743.69,27,0,Rahul,India,Odisha,Male,1977-06-01,,,,
9031-BIICE,2023-11-21,Referral,2024-11-21,Standard,Monthly,,,13.99,349.75,70,0,Aditi,India,Madhya Pradesh,Female,1983-01-06,,,,
2467-XFPBA,2020-05-23,Organic,2021-05-23,Standard,Monthly,,,13.99,951.32,77,0,Mohan,India,Punjab,Male,1978-08-23,2023-04-26,Y,20.0,2.0
0194-ALSNH,2023-02-23,Paid,2024-02-23,Standard,Monthly,2025-05-10,Too expensive,13.99,363.74,98,1,Vishal,India,Karnataka,Female,1966-09-29,2023-08-02,N,80.0,1.0
1688-SZHTK,2023-02-17,Paid,2024-02-17,Basic,Monthly,2024-04-25,Not enough content,6.99,97.86,92,1,Sakshi,India,Rajasthan,Female,1979-05-04,2024-01-21,Y,50.0,2.0
8619-IRIQK,2021-04-12,Paid,2022-04-12,Basic,Annual,,,6.99,398.43,16,0,Nikhil,India,Haryana,Male,1969-05-24,,,,
2748-ZDMQH,2020-12-01,Organic,2021-12-01,Premium,Annual,2023-01-13,Not enough content,24.99,624.75,28,1,Aarav,India,Haryana,Female,1994-03-18,,,,
5108-VCEZZ,2023-07-19,Referral,2024-07-19,Premium,Annual,,,22.99,666.71,14,0,Aditya,India,Telangana,Male,1991-03-28,,,,
1134-HEAFI,2020-02-26,Organic,2021-02-26,Basic,Monthly,,,7.99,567.29,72,0,Pooja,India,Uttar Pradesh,Male,1975-03-12,2022-09-18,Y,60.0,1.0
0483-HIYGE,2021-08-24,Organic,2022-08-24,Premium,Annual,,,22.99,1218.47,39,0,Karan,India,Uttar Pradesh,Female,1985-12-01,,,,
6276-RFQCI,2019-11-09,Organic,2020-11-09,Standard,Monthly,2022-03-14,Not enough content,14.99,419.72,98,1,Akash,India,Kerala,Male,1961-10-02,,,,
7949-WCEYS,2024-06-11,Referral,2025-06-11,Basic,Monthly,,,6.99,125.82,63,0,Pooja,India,Odisha,Female,1980-06-13,,,,
2253-THRWZ,2019-12-25,Organic,2020-12-25,Basic,Annual,,,8.99,656.27,82,0,Shreya,India,Bihar,Female,1969-05-02,2023-02-17,N,70.0,1.0
3654-MSJXN,2021-12-16,Paid,2022-12-16,Standard,Monthly,,,13.99,685.51,3,0,Shreya,India,Telangana,Male,1987-05-04,2025-08-21,N,100.0,1.0
5759-LZPUD,2024-10-13,Referral,2025-10-13,Premium,Annual,,,24.99,349.86,70,0,Varun,India,Kerala,Male,1971-11-25,2025-11-20,Y,10.0,2.0
0236-DNXSU,2020-12-05,Referral,2021-12-05,Standard,Monthly,,,14.99,914.39,14,0,Rohan,India,Gujarat,Male,1969-12-14,,,,
6733-XAIBK,2022-09-09,Paid,2023-09-09,Basic,Annual,2023-11-06,Not enough content,7.99,111.86,92,1,Sakshi,India,Tamil Nadu,Male,1983-02-12,2023-04-13,Y,20.0,2.0
5408-GJYCL,2023-06-19,Paid,2024-06-19,Basic,Annual,2025-06-13,Too expensive,8.99,215.76,80,1,Varun,India,Gujarat,Female,1960-11-09,2024-10-03,N,70.0,1.0
9055-XNWQO,2020-08-18,Referral,2021-08-18,Standard,Monthly,,,13.99,909.35,1,0,Akash,India,Madhya Pradesh,Female,1961-11-21,,,,
3961-EPUZG,2019-11-15,Paid,2020-11-15,Premium,Annual,,,22.99,1701.26,8,0,Nikhil,India,West Bengal,Male,1967-11-29,,,,
8081-KUISK,2020-05-26,Organic,2021-05-26,Premium,Annual,,,24.99,1699.32,9,0,Diya,India,Maharashtra,Female,1977-10-08,,,,
9248-OJZTR,2024-09-26,Paid,2025-09-26,Premium,Monthly,2025-02-01,Poor streaming quality,23.99,95.96,87,1,Shreya,India,Haryana,Male,1996-08-05,2024-11-18,N,60.0,1.0
7008-PCYJI,2021-12-01,Paid,2022-12-01,Premium,Annual,,,22.99,1126.51,40,0,Rohan,India,Tamil Nadu,Male,1987-02-12,,,,
3586-VFCZJ,2021-09-14,Referral,2022-09-14,Basic,Monthly,,,8.99,467.48,20,0,Aarav,India,Rajasthan,Male,2005-12-26,2023-01-22,N,60.0,1.0
6024-HESSC,2019-12-24,Referral,2020-12-24,Standard,Monthly,2021-10-24,Switched to competitor,14.99,329.78,77,1,Arjun,India,Haryana,Male,1975-03-26,2021-02-19,N,100.0,1.0
9051-NIAQZ,2022-06-25,Organic,2023-06-25,Premium,Annual,,,22.99,965.58,14,0,Priya,India,Odisha,Male,1983-12-08,,,,
7015-UZEPJ,2022-01-03,Paid,2023-01-03,Basic,Monthly,,,6.99,335.52,4,0,Riya,India,West Bengal,Female,1974-05-15,,,,
4985-CQQQB,2021-05-23,Referral,2022-05-23,Standard,Annual,2023-08-23,Too expensive,13.99,377.73,84,1,Vishal,India,Tamil Nadu,Male,1984-02-20,,,,
2922-LGAMP,2020-11-19,Referral,2021-11-19,Basic,Annual,,,7.99,495.38,48,0,Kavya,India,Odisha,Male,1979-11-17,,,,
7156-VZNPY,2019-03-23,Referral,2020-03-23,Basic,Monthly,2021-06-01,Too expensive,6.99,181.74,64,1,Mohan,India,Maharashtra,Male,2001-09-28,,,,
8029-QVROP,2022-10-27,Organic,2023-10-27,Basic,Annual,2024-07-19,Forgot to cancel trial,6.99,146.79,92,1,Pooja,India,Punjab,Male,1978-07-16,2024-07-11,Y,40.0,2.0
4001-KSVIR,2020-12-10,Referral,2021-12-10,Basic,Annual,,,6.99,426.39,6,0,Varun,India,Kerala,Male,1976-10-21,2023-10-13,N,100.0,1.0
6569-XXDQB,2022-03-06,Referral,2023-03-06,Standard,Monthly,,,13.99,643.54,27,0,Pooja,India,Rajasthan,Male,1966-10-07,2023-06-12,N,80.0,1.0
6490-LPIMN,2023-02-18,Organic,2024-02-18,Premium,Monthly,,,22.99,781.66,60,0,Vishal,India,Tamil Nadu,Male,1967-08-11,2024-12-02,Y,10.0,1.0
7552-TLONC,2024-01-17,Organic,2025-01-17,Standard,Annual,,,13.99,321.77,40,0,Mohan,India,Tamil Nadu,Female,1964-07-11,,,,
1889-AJLQU,2023-05-19,Organic,2024-05-19,Premium,Annual,,,24.99,774.69,23,0,Mohan,India,West Bengal,Female,1992-11-11,,,,
3154-LJGWA,2024-10-01,Referral,2025-10-01,Premium,Monthly,2027-03-15,Switched to competitor,22.99,666.71,76,1,Tanvi,India,Gujarat,Male,1962-12-05,,,,
3063-KKKTX,2024-01-13,Paid,2025-01-13,Premium,Annual,,,22.99,528.77,17,0,Aditi,India,Uttar Pradesh,Female,1964-08-01,,,,
7268-ZJZIR,2020-05-05,Referral,2021-05-05,Basic,Monthly,,,6.99,475.32,27,0,Tanvi,India,Delhi,Female,1960-06-18,,,,
9195-PMXRP,2022-08-10,Organic,2023-08-10,Standard,Monthly,,,15.99,655.59,97,0,Sneha,India,Kerala,Male,1971-12-01,2025-02-23,Y,10.0,1.0
3009-ABMEE,2021-10-01,Organic,2022-10-01,Basic,Monthly,2023-10-21,Not enough content,8.99,224.75,64,1,Ishaan,India,Punjab,Male,1988-05-30,2023-05-31,N,60.0,1.0
6414-ZUOVL,2021-07-14,Paid,2022-07-14,Premium,Annual,,,24.99,1349.46,26,0,Pooja,India,Maharashtra,Female,1971-12-10,2024-08-06,N,70.0,1.0
8225-QYAEN,2021-07-23,Referral,2022-07-23,Premium,Monthly,,,24.99,1349.46,67,0,Diya,India,Gujarat,Female,1990-02-15,,,,
2387-PYYWK,2022-11-01,Organic,2023-11-01,Standard,Annual,,,15.99,607.62,60,0,Meera,India,Kerala,Female,1961-04-02,,,,
6262-EHXJW,2020-07-15,Paid,2021-07-15,Standard,Monthly,,,13.99,923.34,4,0,Vishal,India,Uttar Pradesh,Female,1962-09-13,,,,
7957-GQSRA,2022-12-16,Organic,2023-12-16,Premium,Monthly,2023-12-17,Switched to competitor,24.99,299.88,98,1,Pooja,India,Delhi,Female,1998-03-26,2023-03-15,Y,40.0,1.0
1580-DMJJS,2021-01-21,Organic,2022-01-21,Premium,Annual,,,23.99,1439.4,41,0,Vishal,India,Maharashtra,Female,1997-09-19,,,,
6140-HGUJB,2019-07-11,Organic,2020-07-11,Standard,Annual,,,13.99,1091.22,12,0,Priya,India,Maharashtra,Male,1967-06-06,2021-02-18,N,70.0,1.0
2091-ZVEKM,2022-04-13,Paid,2023-04-13,Premium,Monthly,2023-01-16,Too expensive,22.99,206.91,80,1,Akash,India,Punjab,Male,1969-07-15,2022-07-07,Y,60.0,2.0
4539-IPSUP,2023-02-22,Organic,2024-02-22,Premium,Monthly,2023-12-13,Poor streaming quality,23.99,215.91,51,1,Arjun,India,Uttar Pradesh,Female,1998-06-30,2023-12-03,N,90.0,1.0
1093-YZXCD,2024-10-17,Paid,2025-10-17,Basic,Annual,2025-03-13,Not enough content,6.99,27.96,73,1,Aditi,India,Tamil Nadu,Male,1986-03-01,,,,
2232-HSWQE,2021-03-24,Organic,2022-03-24,Standard,Annual,2022-02-04,Poor streaming quality,13.99,139.9,82,1,Ananya,India,Rajasthan,Female,1985-04-15,2021-10-21,N,90.0,3.0
8803-CWWZG,2024-10-09,Organic,2025-10-09,Premium,Monthly,,,22.99,321.86,18,0,Pooja,India,Bihar,Female,1963-02-17,,,,
5727-UXHQE,2024-06-21,Referral,2025-06-21,Basic,Annual,,,7.99,143.82,28,0,Aditi,India,Maharashtra,Male,1982-08-25,,,,
4187-YAXHV,2019-10-28,Referral,2020-10-28,Basic,Monthly,,,8.99,674.25,14,0,Aditya,India,Haryana,Male,2004-07-28,,,,
1354-HESBR,2019-08-16,Referral,2020-08-16,Standard,Annual,2019-12-28,Poor streaming quality,13.99,55.96,79,1,Riya,India,Tamil Nadu,Female,1979-10-09,2019-10-08,Y,50.0,1.0
3389-JGSQV,2024-06-17,Referral,2025-06-17,Basic,Monthly,,,8.99,161.82,10,0,Aditya,India,Karnataka,Male,1980-06-09,,,,
2444-QWPYA,2023-12-09,Referral,2024-12-09,Premium,Monthly,2025-06-21,Too expensive,22.99,413.82,92,1,Aditya,India,Madhya Pradesh,Female,1989-08-13,2024-06-23,Y,10.0,2.0
5071-NXZPJ,2019-04-09,Paid,2020-04-09,Standard,Annual,2020-10-08,Too expensive,13.99,251.82,52,1,Neha,India,Uttar Pradesh,Female,1980-01-07,2020-10-07,Y,50.0,1.0
7070-TYZEW,2023-03-27,Referral,2024-03-27,Basic,Monthly,2023-08-21,Poor streaming quality,6.99,27.96,89,1,Priya,India,Punjab,Male,2002-02-24,2023-05-29,Y,40.0,1.0
2598-TYCAY,2022-08-26,Paid,2023-08-26,Premium,Annual,,,23.99,959.6,98,0,Nikhil,India,Tamil Nadu,Male,1980-06-19,2023-06-11,N,90.0,1.0
5782-ZHDXY,2022-11-14,Organic,2023-11-14,Basic,Annual,2025-03-01,Switched to competitor,6.99,188.73,75,1,Ishaan,India,Gujarat,Female,1987-10-23,,,,
9748-PBYTF,2021-03-21,Paid,2022-03-21,Basic,Annual,,,6.99,405.42,14,0,Mohan,India,Uttar Pradesh,Female,1969-01-13,,,,
2754-OLENP,2019-07-10,Organic,2020-07-10,Premium,Monthly,2019-10-24,Poor streaming quality,22.99,68.97,28,1,Vishal,India,Odisha,Female,2000-03-12,,,,
8079-DRLYO,2021-08-26,Paid,2022-08-26,Basic,Monthly,,,7.99,415.48,26,0,Mohan,India,Delhi,Female,1985-09-15,,,,
2409-RISZE,2024-11-05,Paid,2025-11-05,Standard,Monthly,,,13.99,195.86,82,0,Mohan,India,West Bengal,Female,1993-04-18,,,,
0553-URXQT,2019-05-11,Paid,2020-05-11,Standard,Annual,,,13.99,1119.2,13,0,Pooja,India,Karnataka,Male,1979-06-22,2025-09-08,N,90.0,1.0
9022-TPNJU,2021-10-07,Organic,2022-10-07,Basic,Monthly,,,6.99,356.49,41,0,Aarav,India,Gujarat,Male,1999-10-20,,,,
0454-ICYQE,2021-02-11,Paid,2022-02-11,Premium,Annual,,,22.99,1356.41,66,0,Kavya,India,Uttar Pradesh,Male,1984-10-29,2025-02-03,N,70.0,2.0
6260-GJILD,2019-09-05,Organic,2020-09-05,Standard,Annual,,,13.99,1063.24,44,0,Mohan,India,Rajasthan,Male,1978-01-30,,,,
7380-VLNLX,2023-09-07,Referral,2024-09-07,Basic,Annual,,,8.99,251.72,95,0,Rohan,India,Madhya Pradesh,Female,2003-09-08,,,,
2933-GNIEU,2022-08-19,Paid,2023-08-19,Premium,Monthly,2023-12-25,Forgot to cancel trial,22.99,367.84,59,1,Aditi,India,Telangana,Male,1993-08-10,2023-08-01,Y,20.0,2.0
8186-YPAIN,2024-06-27,Paid,2025-06-27,Premium,Monthly,,,22.99,413.82,70,0,Pooja,India,Gujarat,Male,1997-05-30,,,,
5802-WQUAC,2022-08-22,Paid,2023-08-22,Basic,Annual,,,6.99,279.6,25,0,Mohan,India,Rajasthan,Male,1993-08-26,2025-07-13,N,100.0,1.0
6739-VQXBT,2022-07-05,Paid,2023-07-05,Basic,Monthly,,,6.99,293.58,24,0,Aarav,India,West Bengal,Male,2000-08-27,,,,
9510-RXZUC,2024-11-28,Paid,2025-11-28,Basic,Annual,,,8.99,116.87,11,0,Priya,India,Punjab,Male,2000-08-21,2025-06-12,N,90.0,1.0
5018-FTJGI,2020-12-18,Paid,2021-12-18,Standard,Annual,2021-09-04,Forgot to cancel trial,13.99,111.92,53,1,Pooja,India,Punjab,Male,2003-04-22,2021-08-29,N,60.0,1.0
0527-QZSST,2022-05-14,Organic,2023-05-14,Premium,Monthly,,,22.99,1011.56,8,0,Shreya,India,Delhi,Male,1963-04-03,,,,
2585-LJWKL,2019-05-02,Organic,2020-05-02,Standard,Annual,2020-02-21,Forgot to cancel trial,15.99,143.91,82,1,Mohan,India,Kerala,Male,1969-01-18,2019-06-10,Y,60.0,1.0
1237-HRALV,2024-07-13,Paid,2025-07-13,Premium,Monthly,,,22.99,390.83,24,0,Kavya,India,Delhi,Male,2001-11-22,2024-10-14,N,90.0,1.0
2880-MJDFA,2023-10-13,Paid,2024-10-13,Standard,Monthly,,,13.99,377.73,56,0,Nikhil,India,West Bengal,Male,1967-12-15,2025-06-06,N,60.0,2.0
1636-MUYLV,2020-04-06,Organic,2021-04-06,Basic,Monthly,2021-03-31,Forgot to cancel trial,7.99,87.89,77,1,Pooja,India,Tamil Nadu,Female,1975-11-20,2021-02-23,N,90.0,2.0
9256-IABHA,2021-01-24,Paid,2022-01-24,Premium,Annual,,,22.99,1379.4,94,0,Pooja,India,Kerala,Female,1963-02-21,2025-06-23,Y,20.0,1.0
4728-JSZYL,2024-02-11,Paid,2025-02-11,Basic,Monthly,,,7.99,175.78,12,0,Priya,India,Odisha,Female,1970-08-18,,,,
7774-PBPSM,2024-09-06,Paid,2025-09-06,Basic,Monthly,2026-11-15,Not enough content,6.99,181.74,78,1,Rahul,India,Maharashtra,Female,1980-12-13,2026-06-23,Y,10.0,2.0
7873-MRYRM,2019-09-24,Paid,2020-09-24,Premium,Monthly,,,22.99,1747.24,34,0,Neha,India,Karnataka,Female,1988-06-13,2025-07-29,N,80.0,1.0
4059-EYSVD,2020-01-20,Paid,2021-01-20,Standard,Annual,,,13.99,1007.28,14,0,Tanvi,India,Bihar,Female,1995-02-15,,,,
0857-KLIWW,2019-09-17,Referral,2020-09-17,Standard,Monthly,,,13.99,1063.24,4,0,Ananya,India,Maharashtra,Female,1973-03-02,,,,
3731-PHHHJ,2023-04-12,Referral,2024-04-12,Premium,Annual,2023-07-06,Switched to competitor,22.99,45.98,78,1,Priya,India,Madhya Pradesh,Female,1967-09-01,2023-06-10,Y,30.0,3.0
3609-IAIGC,2021-01-08,Referral,2022-01-08,Standard,Annual,,,13.99,839.4,35,0,Arjun,India,Madhya Pradesh,Male,1964-09-12,2022-09-25,N,70.0,1.0
8537-WIFVI,2022-10-18,Referral,2023-10-18,Standard,Annual,,,13.99,545.61,68,0,Nikhil,India,Kerala,Female,1967-03-07,2025-03-04,N,80.0,1.0
5717-BEPWK,2021-01-23,Referral,2022-01-23,Basic,Monthly,2022-08-17,Not enough content,8.99,170.81,96,1,Aditi,India,Gujarat,Female,2004-01-29,2021-10-20,Y,60.0,1.0
2422-CUBFU,2024-08-06,Referral,2025-08-06,Basic,Annual,2026-07-02,Not enough content,8.99,206.77,93,1,Akash,India,Maharashtra,Male,1992-11-19,2026-06-03,Y,30.0,1.0
0841-RGCQA,2022-05-14,Organic,2023-05-14,Standard,Annual,,,13.99,615.56,42,0,Aditi,India,Kerala,Female,1979-11-22,,,,
7078-WUGZJ,2021-03-13,Organic,2022-03-13,Standard,Monthly,2022-02-13,Not enough content,15.99,175.89,81,1,Rahul,India,Punjab,Male,1972-10-29,,,,
9926-KIFYD,2024-10-09,Referral,2025-10-09,Standard,Annual,,,13.99,195.86,51,0,Arjun,India,Delhi,Male,1988-04-19,,,,
3974-JCPNV,2019-04-13,Organic,2020-04-13,Standard,Monthly,2020-01-11,Forgot to cancel trial,14.99,134.91,4,1,Ishaan,India,Telangana,Male,1995-02-27,,,,
4399-FEJHF,2019-05-01,Organic,2020-05-01,Standard,Annual,,,13.99,1133.19,17,0,Aditi,India,Bihar,Male,1969-05-05,,,,
7543-RAOVO,2020-09-17,Referral,2021-09-17,Basic,Monthly,2022-08-18,Too expensive,7.99,183.77,93,1,Tanvi,India,Madhya Pradesh,Male,1968-08-17,2022-05-19,Y,60.0,2.0
2040-SRCER,2019-10-11,Organic,2020-10-11,Standard,Monthly,2021-01-16,Switched to competitor,14.99,224.85,94,1,Sneha,India,Delhi,Female,1985-02-03,2020-10-11,Y,10.0,1.0
2415-SMDKQ,2020-07-26,Referral,2021-07-26,Standard,Monthly,,,13.99,923.34,3,0,Nikhil,India,Rajasthan,Female,1996-05-31,2024-07-23,N,70.0,1.0
0310-LNAHY,2019-05-26,Paid,2020-05-26,Premium,Annual,2021-06-19,Poor streaming quality,22.99,574.75,87,1,Priya,India,Tamil Nadu,Male,2005-06-07,2020-10-13,N,60.0,2.0
3828-PJBVX,2023-06-04,Referral,2024-06-04,Premium,Monthly,,,22.99,712.69,43,0,Nikhil,India,Punjab,Male,1965-09-27,2023-10-21,N,70.0,1.0
0961-UENTE,2020-12-17,Paid,2021-12-17,Standard,Annual,,,13.99,853.39,35,0,Priya,India,Bihar,Female,1971-09-16,,,,
5152-NMFEL,2022-10-06,Paid,2023-10-06,Premium,Monthly,,,22.99,896.61,81,0,Neha,India,Karnataka,Male,1998-09-23,2023-08-05,Y,50.0,1.0
4973-TTXWB,2024-12-17,Referral,2025-12-17,Premium,Annual,,,24.99,299.88,40,0,Rohan,India,Odisha,Male,1979-09-06,,,,
7055-LQELU,2023-12-16,Paid,2024-12-16,Basic,Monthly,2026-01-16,Not enough content,7.99,199.75,23,1,Kavya,India,Gujarat,Female,1964-04-17,2024-12-09,N,80.0,1.0
3001-OMLSO,2024-03-15,Organic,2025-03-15,Basic,Annual,,,7.99,167.79,71,0,Aarav,India,Gujarat,Female,2003-03-03,,,,
1620-FOJID,2021-08-22,Organic,2022-08-22,Standard,Monthly,,,13.99,741.47,12,0,Riya,India,Haryana,Female,2002-04-10,,,,
7727-WQTDD,2023-12-15,Referral,2024-12-15,Basic,Monthly,,,8.99,215.76,17,0,Vishal,India,Delhi,Female,1974-07-23,,,,
8331-HVIUH,2019-05-14,Organic,2020-05-14,Basic,Annual,2020-12-01,Poor streaming quality,6.99,125.82,84,1,Neha,India,Odisha,Male,1987-06-14,2020-09-03,Y,20.0,2.0
3181-LYYRH,2022-01-21,Paid,2023-01-21,Basic,Annual,,,6.99,335.52,23,0,Aditya,India,Kerala,Female,1985-05-12,,,,
3546-UFZSP,2023-10-05,Referral,2024-10-05,Basic,Annual,,,8.99,242.73,29,0,Diya,India,Madhya Pradesh,Male,2002-05-15,,,,
8328-FXSKB,2022-10-25,Referral,2023-10-25,Premium,Annual,2024-12-17,Poor streaming quality,23.99,623.74,58,1,Rahul,India,Bihar,Female,1994-07-09,2024-11-09,Y,40.0,1.0
6651-QUZTI,2021-10-20,Referral,2022-10-20,Basic,Monthly,2021-11-29,Forgot to cancel trial,6.99,6.99,63,1,Akash,India,Delhi,Female,1981-10-26,,,,
5002-WDRVM,2022-02-07,Referral,2023-02-07,Basic,Annual,,,6.99,328.53,73,0,Akash,India,Madhya Pradesh,Male,1980-04-04,2022-04-15,Y,40.0,1.0
9571-IRKFT,2024-01-28,Referral,2025-01-28,Premium,Monthly,,,22.99,528.77,38,0,Meera,India,Telangana,Female,1983-07-27,,,,
2852-YCNYJ,2023-12-24,Organic,2024-12-24,Standard,Annual,2026-04-09,Not enough content,15.99,431.73,87,1,Shreya,India,Tamil Nadu,Male,1974-01-28,2024-10-08,N,80.0,1.0
0387-WEVJV,2021-10-22,Referral,2022-10-22,Premium,Annual,2023-06-27,Switched to competitor,22.99,459.8,91,1,Mohan,India,Bihar,Female,1995-04-29,2022-12-02,N,90.0,1.0
1838-XCFCN,2021-08-04,Referral,2022-08-04,Premium,Annual,,,23.99,1271.47,36,0,Ananya,India,Bihar,Male,1997-09-07,,,,
6684-IMJWA,2021-01-28,Paid,2022-01-28,Premium,Annual,,,24.99,1474.41,73,0,Tanvi,India,Odisha,Male,1994-09-01,,,,
5753-HDFHG,2019-06-13,Paid,2020-06-13,Standard,Annual,,,13.99,1105.21,79,0,Diya,India,Bihar,Male,1960-05-19,2023-07-15,Y,30.0,1.0
9070-PHUCA,2019-09-13,Paid,2020-09-13,Premium,Annual,2020-01-09,Forgot to cancel trial,22.99,68.97,73,1,Shreya,India,Uttar Pradesh,Female,1968-11-29,,,,
3889-ZBZUG,2021-02-25,Organic,2022-02-25,Premium,Annual,,,22.99,1356.41,44,0,Pooja,India,Uttar Pradesh,Female,1987-01-28,,,,
5398-JINNX,2019-07-08,Paid,2020-07-08,Standard,Monthly,,,13.99,1091.22,75,0,Aditi,India,Odisha,Female,1966-01-10,2022-01-30,N,60.0,1.0
9937-EMUKL,2023-09-22,Paid,2024-09-22,Standard,Annual,,,13.99,377.73,36,0,Aarav,India,Uttar Pradesh,Male,1992-02-19,,,,
6004-ADVXB,2021-08-23,Referral,2022-08-23,Basic,Monthly,,,6.99,370.47,27,0,Meera,India,Haryana,Male,1996-11-17,,,,
8477-ELKXU,2023-10-18,Paid,2024-10-18,Premium,Monthly,2024-08-31,Not enough content,22.99,229.9,62,1,Shreya,India,Rajasthan,Female,1960-05-28,,,,
9091-LPWSK,2022-08-24,Paid,2023-08-24,Premium,Monthly,2025-01-29,Too expensive,22.99,666.71,63,1,Diya,India,Delhi,Male,1990-07-04,,,,
3592-NXOTL,2024-07-18,Paid,2025-07-18,Basic,Annual,2024-10-05,Poor streaming quality,6.99,13.98,71,1,Akash,India,Rajasthan,Female,2002-10-04,,,,
3957-RMHZF,2020-12-04,Paid,2021-12-04,Basic,Monthly,2021-02-06,Poor streaming quality,6.99,13.98,78,1,Rohan,India,Punjab,Female,2004-07-17,2020-12-18,N,100.0,2.0
7026-ZVKSC,2019-03-21,Paid,2020-03-21,Standard,Monthly,2020-09-07,Switched to competitor,13.99,237.83,95,1,Ishaan,India,Delhi,Female,1972-03-10,2019-09-03,Y,10.0,1.0
5407-SHCRJ,2019-03-26,Referral,2020-03-26,Premium,Annual,,,22.99,1885.18,99,0,Pooja,India,West Bengal,Female,2005-02-25,,,,
0618-TSLHD,2022-05-12,Paid,2023-05-12,Premium,Monthly,,,22.99,1011.56,59,0,Vishal,India,Bihar,Female,1975-08-14,2025-04-18,N,90.0,1.0
1475-PLYTC,2021-12-01,Paid,2022-12-01,Basic,Annual,,,6.99,342.51,19,0,Sneha,India,Tamil Nadu,Female,1975-04-20,,,,
6906-WLLMO,2020-04-15,Referral,2021-04-15,Standard,Monthly,,,14.99,1034.31,49,0,Arjun,India,Uttar Pradesh,Male,1965-02-25,,,,
7332-KXWOP,2022-10-27,Organic,2023-10-27,Premium,Monthly,,,24.99,949.62,51,0,Shreya,India,Rajasthan,Female,1994-06-03,,,,
0632-MMZMM,2022-03-18,Paid,2023-03-18,Basic,Annual,2023-12-31,Not enough content,6.99,146.79,64,1,Shreya,India,Punjab,Female,1968-10-07,2022-07-01,N,70.0,1.0
0732-FUBYZ,2023-11-24,Referral,2024-11-24,Basic,Annual,,,6.99,174.75,36,0,Ishaan,India,Bihar,Male,1981-05-10,,,,
7169-WRJAE,2024-10-15,Referral,2025-10-15,Basic,Monthly,,,6.99,97.86,48,0,Vishal,India,Delhi,Female,2004-12-30,,,,
4492-CPPJI,2022-08-01,Organic,2023-08-01,Basic,Annual,2024-03-11,Poor streaming quality,7.99,151.81,92,1,Aditya,India,West Bengal,Female,2001-07-15,2022-08-24,Y,20.0,1.0
9393-JKVHU,2022-06-04,Organic,2023-06-04,Basic,Monthly,,,6.99,300.57,15,0,Sneha,India,Punjab,Female,1994-05-26,,,,
0860-KUDSB,2024-09-07,Referral,2025-09-07,Basic,Monthly,,,6.99,111.84,49,0,Vishal,India,Bihar,Male,1968-04-25,,,,
4615-ADUCB,2024-07-28,Paid,2025-07-28,Premium,Monthly,,,23.99,407.83,25,0,Aditi,India,Telangana,Male,1984-12-26,,,,
0234-RDSVM,2022-04-13,Referral,2023-04-13,Basic,Monthly,,,6.99,314.55,28,0,Kavya,India,Telangana,Female,2000-10-08,2025-02-20,N,100.0,1.0
2219-DVIDA,2021-07-28,Organic,2022-07-28,Standard,Annual,,,13.99,741.47,52,0,Arjun,India,Odisha,Male,1977-06-02,,,,
6775-XLDSI,2019-01-27,Organic,2020-01-27,Basic,Annual,,,6.99,587.16,89,0,Rahul,India,Odisha,Female,1974-08-14,,,,
3255-CZRWF,2024-10-06,Organic,2025-10-06,Standard,Annual,,,13.99,209.85,27,0,Neha,India,Odisha,Female,1966-02-08,2025-10-19,N,60.0,2.0
5579-DQLVT,2021-02-25,Paid,2022-02-25,Standard,Annual,,,13.99,825.41,21,0,Aditya,India,Telangana,Male,1990-09-11,,,,
2713-YTAVM,2023-11-14,Paid,2024-11-14,Premium,Annual,,,23.99,599.75,12,0,Tanvi,India,West Bengal,Male,1968-02-02,2025-07-07,N,80.0,2.0
1072-GMJHC,2022-01-26,Paid,2023-01-26,Premium,Annual,,,23.99,1127.53,45,0,Varun,India,Bihar,Female,1995-08-29,2023-01-28,N,70.0,1.0
6448-KVHBV,2024-07-09,Organic,2025-07-09,Premium,Monthly,,,23.99,431.82,22,0,Aditya,India,Tamil Nadu,Male,1971-05-15,,,,
9175-NYENY,2022-12-01,Paid,2023-12-01,Premium,Annual,2024-12-09,Poor streaming quality,22.99,551.76,95,1,Aarav,India,Haryana,Female,1996-10-12,2023-01-07,Y,20.0,1.0
1192-EHZJS,2021-07-22,Paid,2022-07-22,Basic,Annual,2023-08-03,Too expensive,6.99,167.76,72,1,Aarav,India,Bihar,Male,1988-08-18,2023-07-01,N,80.0,1.0
9314-BJTVA,2022-10-13,Paid,2023-10-13,Premium,Annual,,,24.99,974.61,60,0,Nikhil,India,Odisha,Male,1987-12-01,,,,
8291-LSTWY,2020-06-12,Organic,2021-06-12,Standard,Annual,,,15.99,1071.33,60,0,Kavya,India,Maharashtra,Female,2004-09-20,2021-06-26,N,100.0,1.0
7270-ULETO,2022-05-28,Organic,2023-05-28,Premium,Annual,2022-09-20,Switched to competitor,23.99,71.97,78,1,Ishaan,India,Haryana,Male,1960-06-16,,,,
8034-GKBQV,2022-05-05,Organic,2023-05-05,Premium,Monthly,,,22.99,1011.56,22,0,Priya,India,Bihar,Male,2004-03-28,,,,
5660-RVQJL,2020-01-04,Organic,2021-01-04,Premium,Annual,,,22.99,1655.28,75,0,Riya,India,Telangana,Female,1976-11-21,2025-07-19,N,80.0,1.0
5948-JQSBY,2023-06-03,Paid,2024-06-03,Premium,Monthly,2025-10-14,Not enough content,22.99,643.72,93,1,Aditya,India,Bihar,Female,1990-02-26,2025-05-17,N,90.0,1.0
0194-GNZRQ,2019-08-05,Referral,2020-08-05,Basic,Annual,,,8.99,701.22,57,0,Aditya,India,Madhya Pradesh,Male,1965-10-03,,,,
9021-WPXZX,2021-04-25,Paid,2022-04-25,Standard,Monthly,,,15.99,911.43,89,0,Diya,India,Gujarat,Male,1985-10-10,,,,
2926-FDBTD,2020-12-13,Referral,2021-12-13,Premium,Monthly,,,22.99,1402.39,77,0,Neha,India,Haryana,Female,1973-06-18,2021-07-28,Y,10.0,1.0
6410-DURFY,2022-09-25,Paid,2023-09-25,Basic,Monthly,,,6.99,272.61,79,0,Priya,India,Tamil Nadu,Male,1983-08-04,2023-05-19,N,100.0,1.0
9487-GKYUM,2019-10-08,Paid,2020-10-08,Standard,Monthly,2020-09-29,Too expensive,15.99,175.89,36,1,Rahul,India,Tamil Nadu,Male,1996-07-03,,,,
6389-XWBGH,2021-09-26,Paid,2022-09-26,Basic,Annual,2022-04-24,Switched to competitor,6.99,48.93,64,1,Priya,India,Maharashtra,Female,1986-05-09,,,,
7564-RTBKJ,2022-08-23,Organic,2023-08-23,Basic,Monthly,2024-12-11,Not enough content,6.99,195.72,86,1,Mohan,India,West Bengal,Male,1973-11-07,,,,
2272-AFDYF,2021-09-28,Paid,2022-09-28,Premium,Annual,,,23.99,1223.49,77,0,Varun,India,Haryana,Male,1986-02-04,2023-08-30,N,90.0,1.0
3106-NLQGM,2023-04-11,Referral,2024-04-11,Standard,Annual,,,13.99,461.67,57,0,Karan,India,Punjab,Male,1960-11-16,,,,
6948-PIAJA,2024-11-12,Referral,2025-11-12,Basic,Monthly,,,7.99,103.87,76,0,Sneha,India,Gujarat,Female,1960-09-10,2025-07-03,Y,40.0,3.0
7733-STRTM,2020-11-09,Paid,2021-11-09,Basic,Annual,2023-04-13,Too expensive,6.99,202.71,82,1,Sakshi,India,Haryana,Female,2003-09-30,,,,
0118-RYRHM,2023-09-25,Organic,2024-09-25,Basic,Annual,2025-09-06,Too expensive,7.99,183.77,98,1,Akash,India,Telangana,Male,1988-12-28,2025-03-16,Y,60.0,2.0
2437-LYCXB,2020-07-17,Paid,2021-07-17,Premium,Monthly,,,24.99,1649.34,36,0,Aarav,India,Maharashtra,Male,1993-11-12,,,,
0534-NQTQK,2020-03-21,Paid,2021-03-21,Standard,Monthly,,,15.99,1119.3,39,0,Aarav,India,Punjab,Female,1973-03-13,,,,
9146-OSAKM,2024-04-09,Referral,2025-04-09,Basic,Annual,,,7.99,167.79,68,0,Kavya,India,Odisha,Male,1976-04-17,,,,
8598-CSXUA,2020-10-23,Referral,2021-10-23,Premium,Monthly,,,23.99,1511.37,27,0,Meera,India,Delhi,Male,1984-09-19,,,,
7284-XYMSH,2022-08-10,Organic,2023-08-10,Premium,Monthly,2023-04-14,Poor streaming quality,22.99,183.92,95,1,Ishaan,India,Gujarat,Male,2000-10-31,2023-02-06,Y,20.0,1.0
0347-VBWIE,2023-12-19,Referral,2024-12-19,Premium,Annual,,,22.99,551.76,26,0,Tanvi,India,Madhya Pradesh,Male,1972-03-24,,,,
5970-XVQIW,2022-11-08,Paid,2023-11-08,Standard,Annual,,,13.99,531.62,8,0,Meera,India,Maharashtra,Male,1985-08-08,,,,
9690-XDMQZ,2021-07-25,Paid,2022-07-25,Basic,Monthly,,,7.99,431.46,82,0,Aarav,India,Telangana,Male,1968-08-07,2025-09-29,N,70.0,2.0
0337-RJVPT,2024-01-27,Referral,2025-01-27,Basic,Monthly,2025-05-08,Not enough content,8.99,134.85,90,1,Priya,India,Gujarat,Male,1979-12-19,2025-01-07,N,100.0,1.0
7662-NTDLO,2024-07-18,Referral,2025-07-18,Premium,Monthly,,,22.99,390.83,42,0,Pooja,India,Gujarat,Female,1986-11-13,,,,
4426-SYANU,2021-01-20,Referral,2022-01-20,Basic,Monthly,,,6.99,419.4,37,0,Akash,India,Punjab,Female,1968-03-07,,,,
3578-ELDNK,2024-06-24,Organic,2025-06-24,Standard,Monthly,,,13.99,251.82,12,0,Mohan,India,Telangana,Female,1968-05-09,,,,
3364-MBUHD,2020-09-04,Organic,2021-09-04,Standard,Annual,2021-11-20,Poor streaming quality,14.99,209.86,99,1,Rohan,India,Tamil Nadu,Male,1989-12-09,2021-03-29,N,60.0,1.0
4669-AOKYL,2024-08-19,Referral,2025-08-19,Premium,Annual,,,22.99,367.84,54,0,Ishaan,India,Uttar Pradesh,Female,1987-10-09,,,,
9394-XLHKU,2019-11-23,Paid,2020-11-23,Standard,Monthly,,,15.99,1183.26,37,0,Sakshi,India,Gujarat,Female,1976-11-24,,,,
0218-KRSAR,2024-12-16,Referral,2025-12-16,Basic,Annual,,,6.99,83.88,54,0,Aarav,India,Delhi,Male,1962-07-15,,,,
6764-YUXKO,2021-07-04,Paid,2022-07-04,Premium,Monthly,,,22.99,1241.46,35,0,Riya,India,Punjab,Male,1971-01-27,,,,
1077-HHYMB,2021-08-08,Referral,2022-08-08,Basic,Annual,,,7.99,423.47,7,0,Tanvi,India,Punjab,Female,1975-12-11,2024-12-21,N,100.0,1.0
0528-KKJLH,2024-07-28,Paid,2025-07-28,Premium,Annual,,,22.99,390.83,34,0,Vishal,India,Maharashtra,Male,1982-03-24,,,,
5932-ANNTA,2023-12-26,Paid,2024-12-26,Premium,Monthly,,,22.99,551.76,29,0,Diya,India,Haryana,Male,2005-04-29,,,,
3973-CXAPH,2024-11-19,Paid,2025-11-19,Premium,Annual,2025-08-11,Poor streaming quality,22.99,183.92,81,1,Tanvi,India,Odisha,Male,2004-11-18,2025-07-25,Y,60.0,1.0
9182-UDQST,2020-01-21,Organic,2021-01-21,Standard,Monthly,,,14.99,1079.28,25,0,Nikhil,India,Haryana,Male,1999-07-09,2024-02-07,N,100.0,1.0
0036-GGURW,2022-09-03,Paid,2023-09-03,Standard,Monthly,2024-06-25,Not enough content,14.99,329.78,78,1,Akash,India,Karnataka,Male,1995-09-22,2024-05-03,N,100.0,1.0
7261-IHLYR,2021-04-24,Organic,2022-04-24,Standard,Monthly,,,13.99,797.43,96,0,Kavya,India,Punjab,Female,1965-03-22,2024-03-07,N,90.0,1.0
6605-MEFYH,2021-06-17,Paid,2022-06-17,Standard,Annual,2023-11-16,Forgot to cancel trial,15.99,463.71,52,1,Arjun,India,Uttar Pradesh,Female,1996-08-21,2022-04-02,Y,50.0,1.0
1542-LYFTG,2019-07-20,Paid,2020-07-20,Premium,Annual,2021-07-09,Not enough content,22.99,551.76,61,1,Meera,India,West Bengal,Female,1988-02-08,2020-05-06,N,100.0,1.0
0410-SDVRD,2024-09-04,Referral,2025-09-04,Basic,Annual,,,7.99,127.84,40,0,Sneha,India,Odisha,Male,1978-04-28,,,,
4010-LVISV,2021-03-27,Paid,2022-03-27,Basic,Annual,,,6.99,405.42,30,0,Rahul,India,Punjab,Male,1987-04-21,2021-10-26,Y,30.0,1.0
1704-WPVUR,2019-03-16,Organic,2020-03-16,Basic,Annual,,,6.99,573.18,94,0,Kavya,India,Delhi,Female,1963-10-16,,,,
7400-NAWHT,2021-07-15,Paid,2022-07-15,Standard,Monthly,,,13.99,755.46,13,0,Mohan,India,Madhya Pradesh,Male,1983-11-18,,,,
5852-RZWAK,2023-05-15,Paid,2024-05-15,Premium,Monthly,,,22.99,735.68,65,0,Rohan,India,Madhya Pradesh,Female,1979-02-13,,,,
4845-MJXYX,2023-02-25,Referral,2024-02-25,Premium,Annual,2025-03-10,Forgot to cancel trial,22.99,551.76,23,1,Pooja,India,Maharashtra,Male,1966-04-23,,,,
8062-IWXEB,2021-05-28,Referral,2022-05-28,Basic,Annual,,,6.99,384.45,64,0,Varun,India,Rajasthan,Female,1994-08-31,2022-08-09,Y,30.0,1.0
8402-LGPAX,2020-10-14,Paid,2021-10-14,Premium,Annual,2021-06-19,Not enough content,22.99,183.92,86,1,Tanvi,India,Tamil Nadu,Male,1986-03-01,2021-02-19,Y,40.0,1.0
5429-VBMMN,2020-09-06,Organic,2021-09-06,Basic,Monthly,,,6.99,447.36,46,0,Aditi,India,Haryana,Male,1999-02-26,,,,
9155-RTSDW,2022-08-28,Paid,2023-08-28,Basic,Annual,,,6.99,279.6,68,0,Meera,India,Kerala,Male,1978-10-09,,,,
5689-LJVPM,2020-10-01,Paid,2021-10-01,Basic,Annual,,,6.99,440.37,23,0,Riya,India,Bihar,Female,2002-05-08,,,,
4429-RNFVV,2022-07-16,Organic,2023-07-16,Premium,Annual,2024-01-04,Poor streaming quality,23.99,407.83,91,1,Ishaan,India,Punjab,Male,2005-12-15,2023-02-03,Y,50.0,1.0
2447-BIORE,2020-01-06,Referral,2021-01-06,Premium,Annual,,,23.99,1727.28,38,0,Meera,India,Haryana,Female,1999-01-05,,,,
7872-TYIUY,2021-09-07,Organic,2022-09-07,Basic,Monthly,,,6.99,363.48,51,0,Meera,India,Karnataka,Male,1991-01-20,2025-06-02,Y,30.0,1.0
4480-WOLOR,2022-02-28,Referral,2023-02-28,Basic,Monthly,,,6.99,321.54,83,0,Arjun,India,Punjab,Female,2003-03-28,,,,
1446-VLCHI,2022-12-16,Paid,2023-12-16,Basic,Annual,,,6.99,258.63,4,0,Riya,India,Haryana,Male,1984-03-30,,,,
2578-YNUZR,2023-04-16,Organic,2024-04-16,Premium,Annual,,,23.99,791.67,14,0,Priya,India,Gujarat,Male,1983-09-10,2023-08-31,N,80.0,1.0
7186-QWPAT,2022-05-21,Referral,2023-05-21,Premium,Annual,,,22.99,1011.56,56,0,Karan,India,Delhi,Male,1976-08-03,2025-05-19,Y,40.0,2.0
2568-JBKGS,2020-09-26,Organic,2021-09-26,Premium,Annual,,,22.99,1471.36,1,0,Nikhil,India,Telangana,Male,1998-02-06,,,,
2994-RUTUG,2022-11-10,Organic,2023-11-10,Standard,Annual,,,13.99,531.62,95,0,Arjun,India,Telangana,Male,1969-12-07,,,,
3206-KGVFM,2024-12-02,Organic,2025-12-02,Standard,Monthly,,,13.99,181.87,31,0,Riya,India,Rajasthan,Male,1997-07-16,,,,
5705-GXNUI,2019-07-07,Organic,2020-07-07,Standard,Monthly,,,13.99,1091.22,29,0,Riya,India,Haryana,Female,1987-06-14,2023-10-12,Y,30.0,1.0
9407-EJDIB,2024-07-15,Organic,2025-07-15,Premium,Annual,2026-06-14,Forgot to cancel trial,22.99,528.77,69,1,Akash,India,Rajasthan,Male,1988-11-13,,,,
1327-DHTTK,2021-07-02,Organic,2022-07-02,Basic,Monthly,,,8.99,485.46,18,0,Sakshi,India,Karnataka,Male,1974-06-23,,,,
1526-MPNWI,2021-12-26,Referral,2022-12-26,Basic,Monthly,,,6.99,335.52,51,0,Vishal,India,West Bengal,Female,1960-01-23,2024-05-20,N,80.0,1.0
6756-LCNCZ,2023-02-07,Organic,2024-02-07,Standard,Annual,,,13.99,489.65,89,0,Pooja,India,Madhya Pradesh,Female,1961-01-07,2023-06-24,N,80.0,1.0
5954-FPJCK,2021-04-01,Organic,2022-04-01,Standard,Annual,2022-09-23,Switched to competitor,13.99,251.82,91,1,Arjun,India,Kerala,Female,1965-03-09,2022-07-10,Y,20.0,2.0
1482-AYGFH,2022-06-03,Organic,2023-06-03,Standard,Monthly,,,15.99,687.57,42,0,Ananya,India,Gujarat,Female,1990-06-19,,,,
9137-ZKQEL,2024-06-06,Paid,2025-06-06,Basic,Monthly,,,8.99,170.81,22,0,Aditya,India,Odisha,Male,1986-01-23,,,,
4101-JFJVN,2023-08-18,Paid,2024-08-18,Standard,Monthly,2024-01-15,Forgot to cancel trial,13.99,69.95,52,1,Aditya,India,Delhi,Male,2001-10-23,,,,
4638-SXJFF,2023-02-09,Referral,2024-02-09,Premium,Annual,,,22.99,804.65,70,0,Akash,India,Punjab,Male,1965-02-11,,,,
3693-RBLWU,2020-10-13,Paid,2021-10-13,Premium,Annual,,,22.99,1448.37,5,0,Aditya,India,Odisha,Male,1978-06-29,,,,
8583-MRJCO,2023-10-09,Referral,2024-10-09,Standard,Annual,,,13.99,377.73,21,0,Aarav,India,Madhya Pradesh,Male,1962-07-06,,,,
3099-KLAZK,2020-03-06,Paid,2021-03-06,Premium,Annual,2021-01-25,Forgot to cancel trial,24.99,249.9,97,1,Diya,India,Tamil Nadu,Male,2005-04-20,2020-10-15,Y,10.0,2.0
3921-AMUEQ,2023-07-22,Referral,2024-07-22,Basic,Monthly,,,6.99,202.71,8,0,Ishaan,India,Karnataka,Female,1999-06-30,,,,
5791-NUYVX,2022-07-02,Referral,2023-07-02,Premium,Annual,,,22.99,965.58,16,0,Sakshi,India,Odisha,Male,2000-05-29,2025-03-31,N,90.0,1.0
2786-AORUL,2022-03-04,Paid,2023-03-04,Premium,Monthly,,,22.99,1057.54,73,0,Aditi,India,Rajasthan,Male,1960-03-24,,,,
0836-PZOQZ,2023-10-18,Referral,2024-10-18,Standard,Annual,,,13.99,363.74,22,0,Ananya,India,Odisha,Male,1965-07-28,,,,
2354-EEELV,2022-08-26,Referral,2023-08-26,Basic,Annual,2024-04-08,Too expensive,6.99,132.81,80,1,Aditya,India,Gujarat,Female,2001-03-14,,,,
1369-DCTFB,2019-07-09,Referral,2020-07-09,Standard,Monthly,,,14.99,1169.22,53,0,Kavya,India,Gujarat,Male,1973-04-25,,,,
5058-TLAIW,2024-10-25,Organic,2025-10-25,Standard,Annual,,,14.99,209.86,78,0,Akash,India,Madhya Pradesh,Male,1999-11-23,,,,
7930-IMVSL,2020-07-23,Paid,2021-07-23,Premium,Annual,,,22.99,1517.34,42,0,Mohan,India,Madhya Pradesh,Male,1988-10-08,2021-05-18,Y,40.0,1.0
1551-DGLRU,2019-04-26,Referral,2020-04-26,Premium,Annual,2021-08-21,Switched to competitor,22.99,643.72,97,1,Tanvi,India,Bihar,Male,1982-11-14,,,,
0069-CKVCQ,2022-08-06,Paid,2023-08-06,Basic,Annual,,,7.99,327.59,57,0,Sneha,India,Karnataka,Female,1983-10-27,,,,
4805-MMDTZ,2020-03-21,Paid,2021-03-21,Standard,Monthly,2021-11-12,Poor streaming quality,13.99,279.8,6,1,Vishal,India,Maharashtra,Male,1983-08-25,,,,
9241-IJPKK,2023-06-26,Paid,2024-06-26,Standard,Monthly,,,13.99,419.7,73,0,Sakshi,India,Rajasthan,Female,2001-01-03,2023-11-07,N,90.0,1.0
4817-BAIKA,2019-12-02,Paid,2020-12-02,Basic,Annual,,,6.99,517.26,37,0,Vishal,India,Telangana,Female,1994-01-30,,,,
1339-VLZWV,2022-03-11,Referral,2023-03-11,Basic,Monthly,,,6.99,321.54,81,0,Ananya,India,Punjab,Female,1997-09-29,2024-03-26,Y,40.0,1.0
8729-NTUDP,2020-01-28,Referral,2021-01-28,Premium,Monthly,,,22.99,1655.28,22,0,Priya,India,Bihar,Female,1971-09-03,,,,
2628-LNDOC,2022-08-08,Organic,2023-08-08,Standard,Annual,2023-09-19,Switched to competitor,15.99,207.87,69,1,Aditi,India,Bihar,Male,1984-01-30,2022-12-28,N,100.0,1.0
7572-WYPWI,2019-03-18,Referral,2020-03-18,Standard,Monthly,2021-08-18,Too expensive,13.99,405.71,93,1,Rahul,India,Gujarat,Male,1985-05-13,2020-06-12,N,90.0,2.0
5430-OXTIF,2024-03-22,Organic,2025-03-22,Standard,Annual,,,13.99,293.79,94,0,Ishaan,India,Gujarat,Female,1989-08-26,2024-10-04,Y,10.0,1.0
3023-BPYEN,2024-01-01,Organic,2025-01-01,Standard,Monthly,2025-06-22,Poor streaming quality,13.99,237.83,70,1,Rohan,India,Rajasthan,Male,1985-07-08,2024-04-18,Y,60.0,1.0
2753-WCZXJ,2022-09-13,Paid,2023-09-13,Basic,Annual,,,8.99,359.6,47,0,Aditya,India,Odisha,Female,1995-09-05,,,,
8458-GQCYB,2021-10-23,Referral,2022-10-23,Standard,Annual,2022-03-27,Poor streaming quality,14.99,74.95,80,1,Aditya,India,Bihar,Female,1978-12-24,2022-02-07,N,100.0,2.0
2086-RKOMZ,2021-08-11,Organic,2022-08-11,Premium,Monthly,2022-04-14,Switched to competitor,22.99,183.92,61,1,Diya,India,Kerala,Male,1980-10-25,2021-09-26,N,80.0,1.0
3630-UHWFO,2020-11-03,Organic,2021-11-03,Basic,Monthly,2021-06-25,Forgot to cancel trial,6.99,48.93,55,1,Meera,India,Bihar,Female,1987-05-19,,,,
9682-VEZST,2021-06-24,Paid,2022-06-24,Standard,Annual,,,13.99,769.45,38,0,Mohan,India,Maharashtra,Male,1980-11-18,,,,
1462-RHWTU,2023-12-01,Paid,2024-12-01,Standard,Annual,2024-08-26,Too expensive,13.99,111.92,82,1,Nikhil,India,Maharashtra,Male,1987-08-26,2024-05-27,Y,20.0,1.0
1563-MHMWA,2023-03-05,Organic,2024-03-05,Premium,Annual,,,22.99,781.66,4,0,Varun,India,Kerala,Female,1994-03-12,,,,
1015-NSAZV,2019-10-13,Organic,2020-10-13,Basic,Annual,,,6.99,524.25,41,0,Sneha,India,Gujarat,Male,1978-03-27,,,,
4733-NJCFE,2020-03-05,Organic,2021-03-05,Basic,Monthly,,,6.99,489.3,23,0,Karan,India,Madhya Pradesh,Female,1964-01-01,2025-02-09,Y,30.0,2.0
4308-AFLTH,2020-06-26,Referral,2021-06-26,Basic,Monthly,,,8.99,602.33,58,0,Diya,India,Telangana,Female,1965-08-05,,,,
3911-WLHLT,2019-06-19,Organic,2020-06-19,Standard,Annual,,,14.99,1184.21,94,0,Pooja,India,Bihar,Female,1972-01-14,,,,
4495-EJDIH,2019-11-22,Organic,2020-11-22,Basic,Annual,,,6.99,517.26,5,0,Priya,India,Gujarat,Female,1970-07-21,,,,
4537-UUQCF,2024-08-12,Organic,2025-08-12,Basic,Monthly,,,7.99,127.84,8,0,Riya,India,Haryana,Male,2000-01-26,,,,
0828-WWZKT,2020-01-07,Organic,2021-01-07,Basic,Monthly,,,6.99,503.28,28,0,Aditya,India,Tamil Nadu,Male,1972-09-11,,,,
2993-WHROH,2021-10-01,Paid,2022-10-01,Premium,Monthly,2021-11-24,Too expensive,22.99,22.99,90,1,Aditi,India,Bihar,Female,1971-01-26,2021-10-22,Y,10.0,1.0
1718-CAWYN,2023-05-23,Organic,2024-05-23,Basic,Monthly,2024-08-06,Forgot to cancel trial,6.99,97.86,61,1,Meera,India,Delhi,Female,1988-10-14,2023-07-17,N,70.0,1.0
4661-IXHHF,2019-05-06,Paid,2020-05-06,Premium,Monthly,,,24.99,2024.19,36,0,Kavya,India,Tamil Nadu,Female,1995-06-20,,,,
9217-LXSZY,2019-12-14,Organic,2020-12-14,Premium,Monthly,,,22.99,1678.27,84,0,Arjun,India,Bihar,Male,1968-05-13,2025-12-27,N,90.0,2.0
8052-TOQRE,2023-03-15,Referral,2024-03-15,Standard,Annual,,,13.99,475.66,4,0,Varun,India,West Bengal,Female,1988-01-16,,,,
4867-BMQDM,2024-04-11,Referral,2025-04-11,Basic,Annual,2024-06-01,Too expensive,6.99,6.99,99,1,Rahul,India,Telangana,Male,1998-05-20,2024-04-30,N,60.0,1.0
8141-LMRPR,2020-02-26,Referral,2021-02-26,Standard,Monthly,,,13.99,993.29,70,0,Priya,India,West Bengal,Male,1979-12-06,2023-08-02,Y,40.0,1.0
0043-EGZZD,2020-10-20,Paid,2021-10-20,Basic,Monthly,,,7.99,503.37,10,0,Pooja,India,Tamil Nadu,Female,1976-09-24,,,,
5441-VOTTZ,2020-03-22,Referral,2021-03-22,Basic,Monthly,,,6.99,489.3,49,0,Rahul,India,Delhi,Female,1996-02-05,,,,
7059-XMSOL,2019-01-07,Referral,2020-01-07,Standard,Monthly,2019-05-26,Too expensive,15.99,63.96,61,1,Nikhil,India,Bihar,Male,1972-07-25,,,,
8302-NEUXW,2023-02-11,Organic,2024-02-11,Standard,Monthly,2023-10-02,Poor streaming quality,13.99,97.93,75,1,Mohan,India,Haryana,Female,1991-07-02,2023-07-21,N,70.0,1.0
3280-TJJLH,2020-09-13,Organic,2021-09-13,Premium,Annual,2023-01-07,Too expensive,24.99,699.72,51,1,Tanvi,India,Madhya Pradesh,Female,1981-03-24,2021-06-07,Y,50.0,1.0
3104-PNFEC,2024-09-06,Referral,2025-09-06,Basic,Monthly,,,6.99,111.84,44,0,Priya,India,Madhya Pradesh,Male,1977-12-10,,,,
9013-FRBIV,2023-08-17,Referral,2024-08-17,Standard,Annual,2024-12-12,Not enough content,15.99,255.84,97,1,Sneha,India,Madhya Pradesh,Male,1981-09-26,2024-10-19,Y,20.0,3.0
9882-BMOFL,2023-08-13,Referral,2024-08-13,Standard,Annual,,,13.99,405.71,12,0,Vishal,India,Maharashtra,Female,1997-08-28,,,,
0248-SHYMQ,2020-05-07,Paid,2021-05-07,Basic,Annual,,,7.99,543.32,1,0,Arjun,India,Maharashtra,Female,1971-08-05,,,,
7880-EOMHX,2022-06-12,Paid,2023-06-12,Premium,Monthly,,,22.99,988.57,87,0,Shreya,India,Rajasthan,Male,1975-12-08,2025-04-02,Y,60.0,2.0
8279-ZBGDZ,2022-11-27,Referral,2023-11-27,Standard,Annual,,,13.99,517.63,6,0,Tanvi,India,Telangana,Male,1997-10-08,,,,
9860-HWBSS,2024-08-04,Paid,2025-08-04,Premium,Annual,2026-04-30,Switched to competitor,24.99,524.79,37,1,Ananya,India,Gujarat,Male,1990-03-19,,,,
3743-HBWGM,2020-09-23,Organic,2021-09-23,Standard,Monthly,,,15.99,1023.36,33,0,Varun,India,Odisha,Male,2002-10-30,,,,
0592-SZQYG,2023-02-25,Referral,2024-02-25,Basic,Annual,,,6.99,237.66,44,0,Kavya,India,Bihar,Male,1968-10-09,,,,
9029-CUDGH,2020-05-18,Referral,2021-05-18,Basic,Annual,,,7.99,543.32,92,0,Aarav,India,Delhi,Male,1974-11-30,,,,
1105-IYSTZ,2019-08-21,Referral,2020-08-21,Standard,Monthly,2021-03-29,Switched to competitor,13.99,265.81,8,1,Karan,India,West Bengal,Female,1960-06-04,,,,
1585-PBTAA,2020-06-04,Organic,2021-06-04,Premium,Monthly,2020-08-01,Not enough content,22.99,22.99,81,1,Kavya,India,Gujarat,Female,1962-09-04,2020-06-16,Y,20.0,1.0
7940-YEELY,2020-06-07,Referral,2021-06-07,Standard,Annual,2021-02-16,Switched to competitor,14.99,119.92,40,1,Ishaan,India,Punjab,Female,1998-03-20,,,,
2997-JVNQX,2020-12-28,Paid,2021-12-28,Standard,Annual,,,13.99,839.4,21,0,Rahul,India,Maharashtra,Female,1963-05-22,2025-02-06,N,60.0,1.0
2205-TUWNB,2020-07-23,Paid,2021-07-23,Premium,Monthly,2020-08-31,Poor streaming quality,22.99,22.99,94,1,Varun,India,Punjab,Female,1975-08-05,2020-08-03,N,70.0,1.0
7101-IZFOO,2024-09-22,Paid,2025-09-22,Premium,Annual,2026-09-02,Switched to competitor,22.99,528.77,51,1,Pooja,India,Madhya Pradesh,Female,1962-11-29,,,,
3973-APEKX,2024-05-18,Organic,2025-05-18,Basic,Annual,,,8.99,170.81,37,0,Meera,India,Telangana,Female,2002-09-23,,,,
9465-GVSRG,2020-10-20,Referral,2021-10-20,Standard,Monthly,2023-03-14,Forgot to cancel trial,13.99,405.71,85,1,Nikhil,India,Tamil Nadu,Male,1987-11-21,2022-05-06,Y,10.0,1.0
5926-NXMIN,2020-04-21,Paid,2021-04-21,Standard,Annual,2022-03-19,Not enough content,13.99,321.77,85,1,Neha,India,Rajasthan,Female,1980-05-29,2022-01-05,N,70.0,2.0
8098-UEHET,2019-03-25,Referral,2020-03-25,Premium,Annual,2020-07-17,Too expensive,22.99,367.84,99,1,Arjun,India,Karnataka,Female,1986-07-21,2019-12-27,N,80.0,1.0
1185-LGHWY,2021-08-20,Paid,2022-08-20,Premium,Monthly,2022-06-26,Switched to competitor,22.99,229.9,19,1,Arjun,India,Kerala,Male,1965-11-19,2021-11-30,N,70.0,1.0
1551-DTSTU,2023-12-24,Organic,2024-12-24,Basic,Monthly,,,6.99,167.76,37,0,Meera,India,Uttar Pradesh,Female,1979-10-04,,,,
7658-CKCWD,2022-08-03,Referral,2023-08-03,Standard,Monthly,,,15.99,655.59,69,0,Shreya,India,Delhi,Female,1989-07-17,2025-02-17,Y,50.0,1.0
6257-MWVSP,2019-08-17,Organic,2020-08-17,Premium,Annual,2021-03-01,Poor streaming quality,22.99,413.82,73,1,Aditi,India,Delhi,Male,2000-07-01,,,,
6945-IQPNZ,2023-07-20,Referral,2024-07-20,Standard,Annual,,,13.99,405.71,60,0,Nikhil,India,West Bengal,Male,1995-08-01,,,,
6690-OKGDO,2021-06-07,Referral,2022-06-07,Basic,Annual,,,6.99,384.45,14,0,Akash,India,Haryana,Female,2002-05-04,,,,
7027-CVWON,2024-07-27,Paid,2025-07-27,Basic,Annual,,,6.99,118.83,51,0,Sneha,India,Uttar Pradesh,Female,1960-04-11,,,,
0898-HNLVK,2023-09-24,Referral,2024-09-24,Premium,Annual,2023-11-26,Not enough content,22.99,45.98,94,1,Vishal,India,Punjab,Male,1987-09-25,2023-10-30,Y,10.0,2.0
1067-RVUDF,2020-05-14,Paid,2021-05-14,Basic,Annual,,,8.99,611.32,61,0,Rahul,India,Maharashtra,Female,2002-09-29,,,,
0232-BGFHL,2020-03-03,Paid,2021-03-03,Basic,Monthly,2020-08-21,Switched to competitor,8.99,44.95,51,1,Arjun,India,Haryana,Female,1961-06-20,2020-05-30,Y,50.0,2.0
4540-UOVSH,2021-06-09,Referral,2022-06-09,Basic,Annual,,,6.99,384.45,63,0,Rahul,India,Gujarat,Male,1992-11-01,2025-01-12,N,80.0,1.0
6221-DQWSQ,2019-11-06,Referral,2020-11-06,Basic,Annual,,,6.99,517.26,43,0,Sneha,India,Madhya Pradesh,Female,1996-03-08,,,,
6798-XORJK,2022-03-02,Organic,2023-03-02,Basic,Annual,2022-10-08,Forgot to cancel trial,6.99,48.93,86,1,Sneha,India,Tamil Nadu,Male,1967-09-06,2022-07-23,Y,10.0,3.0
7254-EOAUZ,2020-10-16,Organic,2021-10-16,Basic,Monthly,2022-02-28,Too expensive,6.99,111.84,25,1,Aditi,India,Punjab,Male,1982-10-25,,,,
7572-LLULD,2023-01-02,Organic,2024-01-02,Basic,Monthly,,,7.99,287.64,36,0,Rohan,India,Tamil Nadu,Male,1963-05-15,,,,
6733-BABBE,2021-12-22,Paid,2022-12-22,Basic,Annual,2024-06-05,Forgot to cancel trial,8.99,260.71,77,1,Shreya,India,Bihar,Male,2001-06-29,2024-06-03,N,70.0,2.0
4896-RAGHD,2022-05-03,Organic,2023-05-03,Basic,Annual,,,6.99,307.56,39,0,Diya,India,Karnataka,Female,1979-10-09,,,,
9433-RMDPK,2021-03-10,Paid,2022-03-10,Standard,Monthly,,,13.99,811.42,54,0,Aditya,India,Maharashtra,Female,1975-04-28,2025-08-05,Y,10.0,1.0
0720-QEHWG,2020-08-10,Referral,2021-08-10,Premium,Monthly,2022-05-19,Too expensive,23.99,503.79,97,1,Rahul,India,Tamil Nadu,Female,1967-09-29,,,,
0703-NOXFW,2022-02-08,Organic,2023-02-08,Standard,Monthly,,,15.99,751.53,92,0,Tanvi,India,Delhi,Male,1971-11-14,,,,
8117-GNMRO,2021-09-05,Paid,2022-09-05,Premium,Annual,,,22.99,1195.48,30,0,Akash,India,Kerala,Female,1983-11-14,,,,
7805-SZQTF,2023-08-02,Organic,2024-08-02,Standard,Annual,,,13.99,405.71,53,0,Diya,India,Rajasthan,Male,1977-02-19,,,,
4028-WPIBF,2019-10-20,Organic,2020-10-20,Premium,Annual,2020-02-25,Forgot to cancel trial,22.99,91.96,61,1,Varun,India,Karnataka,Female,2005-07-16,,,,
0887-UDHEN,2023-04-17,Paid,2024-04-17,Basic,Monthly,,,7.99,255.68,59,0,Riya,India,Delhi,Male,1972-06-20,2025-09-30,Y,30.0,1.0
7073-GYNBI,2024-05-10,Organic,2025-05-10,Basic,Annual,2025-10-01,Forgot to cancel trial,6.99,111.84,81,1,Rahul,India,Bihar,Female,1961-05-29,,,,
1454-SXBDY,2021-07-07,Referral,2022-07-07,Basic,Monthly,,,6.99,377.46,34,0,Shreya,India,Karnataka,Male,1973-07-27,,,,
9984-HRKNC,2024-01-12,Organic,2025-01-12,Premium,Annual,,,23.99,551.77,28,0,Aditya,India,Punjab,Male,1973-07-25,,,,
4376-ACOEY,2019-11-20,Organic,2020-11-20,Standard,Monthly,,,14.99,1109.26,30,0,Sakshi,India,Karnataka,Male,1989-02-11,,,,
9934-SJDJV,2023-11-04,Paid,2024-11-04,Standard,Annual,2024-06-10,Too expensive,13.99,97.93,60,1,Diya,India,Telangana,Male,1992-07-21,2024-01-15,Y,20.0,1.0
6690-KJCJK,2019-06-25,Organic,2020-06-25,Basic,Annual,2020-11-11,Not enough content,6.99,111.84,59,1,Nikhil,India,Delhi,Male,1976-07-21,,,,
2922-TCQVQ,2019-01-14,Referral,2020-01-14,Basic,Monthly,2020-10-16,Too expensive,8.99,188.79,10,1,Sakshi,India,Bihar,Male,1971-03-19,2019-11-03,N,100.0,1.0
0633-CZURE,2022-08-15,Organic,2023-08-15,Premium,Annual,2024-10-31,Forgot to cancel trial,24.99,649.74,17,1,Neha,India,Karnataka,Male,1989-05-03,,,,
7059-ESUEM,2023-03-15,Referral,2024-03-15,Standard,Annual,,,14.99,509.66,81,0,Aarav,India,Telangana,Male,2002-03-04,2024-05-06,Y,30.0,1.0
4103-JKBUX,2023-07-21,Referral,2024-07-21,Standard,Annual,,,13.99,405.71,16,0,Sakshi,India,Delhi,Male,1994-01-24,2024-11-18,N,80.0,1.0
6693-ZCCLH,2024-02-25,Referral,2025-02-25,Standard,Annual,,,15.99,351.78,37,0,Rohan,India,Gujarat,Male,1994-11-09,,,,
1007-RPXDO,2021-01-21,Organic,2022-01-21,Premium,Annual,,,22.99,1379.4,25,0,Meera,India,Haryana,Female,1995-06-16,,,,
4777-PGGRS,2019-07-05,Referral,2020-07-05,Basic,Monthly,,,6.99,552.21,27,0,Rahul,India,Punjab,Female,2000-01-07,2022-09-20,N,90.0,1.0
1732-RBQGI,2023-06-14,Organic,2024-06-14,Premium,Monthly,2025-06-11,Too expensive,24.99,599.76,69,1,Varun,India,Rajasthan,Male,1969-12-31,,,,
5786-ECJCS,2019-05-10,Paid,2020-05-10,Basic,Annual,2021-07-29,Poor streaming quality,6.99,188.73,99,1,Ananya,India,Bihar,Male,1964-04-20,2020-11-29,Y,10.0,1.0
9080-FHZHF,2024-11-26,Organic,2025-11-26,Basic,Annual,,,6.99,90.87,11,0,Neha,India,Karnataka,Male,1962-01-21,,,,
1654-SDSBJ,2024-11-17,Paid,2025-11-17,Standard,Annual,,,14.99,194.87,21,0,Nikhil,India,Punjab,Male,1997-03-28,2025-07-07,N,70.0,1.0
4826-BMHEA,2022-04-08,Paid,2023-04-08,Standard,Monthly,,,15.99,719.55,7,0,Akash,India,Tamil Nadu,Male,1965-06-10,,,,
1483-KTFPW,2019-04-03,Referral,2020-04-03,Basic,Annual,,,6.99,573.18,20,0,Karan,India,Rajasthan,Male,1969-02-28,,,,
9023-JAZWV,2023-02-06,Organic,2024-02-06,Premium,Annual,2024-07-14,Forgot to cancel trial,24.99,424.83,62,1,Arjun,India,Haryana,Male,1971-05-15,,,,
8690-HKGSJ,2024-07-08,Paid,2025-07-08,Basic,Monthly,,,6.99,125.82,21,0,Rohan,India,Maharashtra,Male,2002-03-17,,,,
1528-LEBIC,2019-03-04,Referral,2020-03-04,Basic,Monthly,,,8.99,746.17,2,0,Diya,India,Haryana,Male,1973-09-24,2019-11-17,N,100.0,1.0
5942-IWWOQ,2022-02-05,Organic,2023-02-05,Basic,Monthly,2023-07-29,Switched to competitor,7.99,135.83,72,1,Mohan,India,Madhya Pradesh,Female,1987-04-11,,,,
5811-MOQYI,2021-10-13,Referral,2022-10-13,Standard,Annual,,,14.99,764.49,74,0,Aarav,India,Haryana,Female,1988-11-07,,,,
6572-LUJDM,2019-09-09,Referral,2020-09-09,Standard,Annual,,,13.99,1063.24,7,0,Nikhil,India,Punjab,Male,1989-08-18,,,,
8581-FKQZB,2022-09-17,Referral,2023-09-17,Premium,Annual,,,24.99,999.6,64,0,Mohan,India,Bihar,Female,1973-10-14,2024-01-26,N,100.0,1.0
1339-PECWG,2020-11-16,Referral,2021-11-16,Basic,Monthly,,,6.99,433.38,3,0,Sakshi,India,Haryana,Male,1998-01-26,,,,
2835-QEJFK,2024-06-06,Paid,2025-06-06,Standard,Monthly,,,13.99,265.81,40,0,Diya,India,Rajasthan,Female,1978-05-10,,,,
0061-QQVHP,2022-10-04,Organic,2023-10-04,Basic,Monthly,,,6.99,272.61,13,0,Pooja,India,Madhya Pradesh,Male,1971-04-09,2023-07-29,N,60.0,2.0
4039-VIKVU,2020-04-06,Referral,2021-04-06,Basic,Monthly,2022-03-28,Too expensive,6.99,167.76,95,1,Rahul,India,Kerala,Male,1989-03-09,2020-07-29,Y,60.0,1.0
3780-ZPTEB,2021-12-21,Referral,2022-12-21,Premium,Monthly,,,23.99,1175.51,65,0,Meera,India,Delhi,Male,1980-07-08,,,,
5108-IGHPB,2019-03-08,Referral,2020-03-08,Premium,Monthly,,,22.99,1908.17,64,0,Nikhil,India,West Bengal,Male,1972-08-24,,,,
7978-MHGJI,2022-11-04,Organic,2023-11-04,Premium,Annual,,,24.99,949.62,73,0,Priya,India,Uttar Pradesh,Male,1979-11-06,2025-02-20,N,80.0,1.0
8727-EUSMC,2019-11-14,Paid,2020-11-14,Standard,Monthly,,,13.99,1035.26,21,0,Sneha,India,West Bengal,Female,1975-05-02,,,,
8387-PXWPQ,2022-05-16,Paid,2023-05-16,Standard,Monthly,,,13.99,615.56,52,0,Rohan,India,Gujarat,Male,2000-07-25,2024-01-22,Y,40.0,2.0
1897-SDWHB,2021-11-24,Organic,2022-11-24,Standard,Monthly,2024-02-16,Too expensive,15.99,431.73,50,1,Neha,India,Maharashtra,Male,1975-08-23,2023-10-19,N,80.0,1.0
3601-WHJND,2022-03-27,Referral,2023-03-27,Basic,Monthly,2022-09-10,Too expensive,6.99,34.95,77,1,Vishal,India,Odisha,Female,1992-04-01,2022-05-21,N,80.0,1.0
0896-FAATO,2020-10-23,Paid,2021-10-23,Basic,Annual,2022-03-30,Not enough content,8.99,152.83,90,1,Diya,India,Gujarat,Male,2003-09-01,2021-11-13,N,90.0,1.0
6834-RYDNV,2021-07-20,Paid,2022-07-20,Basic,Monthly,2022-01-21,Forgot to cancel trial,6.99,41.94,77,1,Akash,India,Bihar,Female,1980-07-25,2022-01-20,Y,60.0,3.0
2568-PPJXN,2020-12-04,Referral,2021-12-04,Premium,Monthly,,,22.99,1402.39,6,0,Diya,India,Gujarat,Male,2001-07-17,,,,
1113-BBIEZ,2024-11-07,Referral,2025-11-07,Standard,Monthly,,,14.99,194.87,5,0,Aditya,India,Madhya Pradesh,Female,1983-07-17,,,,
6010-WKWYW,2022-04-23,Referral,2023-04-23,Premium,Monthly,2024-04-07,Too expensive,22.99,528.77,26,1,Aditi,India,Punjab,Male,1989-08-21,,,,
2685-PUCYW,2023-06-15,Referral,2024-06-15,Premium,Monthly,,,23.99,743.69,70,0,Aditi,India,Karnataka,Male,1979-02-16,,,,
8928-WXEHK,2024-04-02,Organic,2025-04-02,Basic,Monthly,,,7.99,167.79,42,0,Nikhil,India,Odisha,Female,1965-01-10,,,,
3138-UMJFW,2019-12-13,Organic,2020-12-13,Standard,Monthly,,,13.99,1021.27,34,0,Diya,India,Uttar Pradesh,Male,2005-08-11,2020-07-08,N,100.0,1.0
7731-GSPMW,2021-12-26,Paid,2022-12-26,Basic,Monthly,2023-06-25,Forgot to cancel trial,6.99,125.82,89,1,Varun,India,Tamil Nadu,Male,2002-05-25,2023-05-18,Y,60.0,2.0
3492-TEOEX,2020-11-03,Organic,2021-11-03,Standard,Monthly,2021-10-08,Too expensive,15.99,175.89,85,1,Sneha,India,Telangana,Male,1968-10-05,2021-08-15,Y,20.0,1.0
5590-GLIHR,2023-09-02,Referral,2024-09-02,Premium,Monthly,,,22.99,643.72,38,0,Varun,India,Telangana,Male,1960-05-28,,,,
2399-ZSFTD,2020-10-27,Referral,2021-10-27,Basic,Annual,,,6.99,440.37,10,0,Meera,India,Punjab,Male,1980-11-19,,,,
3833-FTOAP,2019-03-26,Referral,2020-03-26,Premium,Monthly,2021-08-26,Forgot to cancel trial,24.99,724.71,54,1,Sneha,India,Delhi,Female,1991-08-17,,,,
7821-VUMWB,2021-05-08,Referral,2022-05-08,Premium,Annual,,,22.99,1287.44,58,0,Diya,India,Punjab,Female,2003-10-13,2023-10-21,N,80.0,2.0
7576-AKXUP,2024-04-06,Paid,2025-04-06,Basic,Monthly,,,7.99,167.79,2,0,Priya,India,Punjab,Female,1975-03-04,,,,
5810-IVRWQ,2022-07-02,Organic,2023-07-02,Standard,Annual,2024-09-04,Poor streaming quality,13.99,363.74,42,1,Diya,India,Maharashtra,Male,1971-11-14,2022-10-10,N,60.0,1.0
3530-ILDUS,2019-01-19,Organic,2020-01-19,Standard,Annual,2021-01-04,Not enough content,14.99,344.77,71,1,Tanvi,India,Haryana,Male,1996-08-20,2019-03-31,N,90.0,1.0
1937-CPVCH,2020-07-26,Paid,2021-07-26,Standard,Monthly,,,13.99,923.34,47,0,Riya,India,Gujarat,Male,1964-06-29,2025-01-29,N,70.0,2.0
4083-OZUCJ,2023-05-08,Paid,2024-05-08,Basic,Monthly,,,6.99,223.68,45,0,Ananya,India,Karnataka,Female,1968-02-28,,,,
7998-ZJLHA,2021-02-25,Organic,2022-02-25,Premium,Monthly,,,24.99,1474.41,42,0,Priya,India,Punjab,Male,1986-03-25,,,,
9531-HKFYR,2023-08-18,Organic,2024-08-18,Basic,Annual,,,8.99,251.72,23,0,Aarav,India,Rajasthan,Male,2004-12-12,,,,
8637-XLWWR,2021-09-15,Paid,2022-09-15,Premium,Annual,2023-12-12,Poor streaming quality,23.99,647.73,53,1,Aarav,India,Uttar Pradesh,Female,1996-01-11,,,,
0971-QGUZZ,2023-09-06,Organic,2024-09-06,Premium,Annual,,,23.99,671.72,68,0,Aarav,India,Punjab,Male,1965-04-10,2025-11-18,Y,40.0,1.0
9315-KKMFB,2019-10-24,Referral,2020-10-24,Basic,Annual,2021-10-03,Switched to competitor,8.99,206.77,99,1,Mohan,India,Telangana,Male,1989-03-30,2019-12-12,Y,50.0,1.0
6963-VCFAD,2020-08-04,Paid,2021-08-04,Premium,Annual,,,24.99,1624.35,94,0,Rohan,India,Uttar Pradesh,Male,1981-05-20,2024-10-09,Y,40.0,2.0
4613-OQBWF,2021-09-19,Organic,2022-09-19,Premium,Annual,,,23.99,1247.48,32,0,Arjun,India,Gujarat,Male,1971-06-16,,,,
4419-NUJKY,2022-06-13,Paid,2023-06-13,Standard,Monthly,,,13.99,601.57,2,0,Kavya,India,Delhi,Male,1979-12-06,2024-09-11,N,100.0,1.0
9505-IVVEE,2023-06-18,Organic,2024-06-18,Premium,Monthly,,,24.99,749.7,97,0,Ananya,India,Telangana,Female,2005-09-18,2025-05-01,Y,50.0,1.0
9907-QXZMF,2020-08-26,Paid,2021-08-26,Basic,Monthly,,,8.99,584.35,39,0,Pooja,India,Karnataka,Female,2001-03-12,,,,
0436-KCSAP,2024-02-07,Organic,2025-02-07,Basic,Annual,,,6.99,160.77,54,0,Pooja,India,Madhya Pradesh,Female,1973-12-28,,,,
9621-NGVRN,2020-12-12,Paid,2021-12-12,Premium,Annual,,,24.99,1524.39,41,0,Aarav,India,Odisha,Female,1982-04-28,,,,
2993-MQXUR,2023-02-04,Paid,2024-02-04,Standard,Annual,2024-06-19,Switched to competitor,13.99,223.84,90,1,Mohan,India,Karnataka,Female,1978-03-14,2023-12-02,Y,10.0,2.0
6164-NZDUS,2022-08-24,Paid,2023-08-24,Standard,Monthly,,,13.99,559.6,52,0,Neha,India,Maharashtra,Male,1976-03-30,2023-02-23,N,80.0,1.0
2016-HQUHH,2024-05-08,Organic,2025-05-08,Premium,Monthly,,,22.99,459.8,33,0,Sneha,India,Kerala,Male,1987-10-22,,,,
0078-NDSTX,2019-02-23,Organic,2020-02-23,Standard,Monthly,,,13.99,1161.17,47,0,Pooja,India,Gujarat,Male,1990-02-04,,,,
5814-KCGYK,2021-10-06,Paid,2022-10-06,Premium,Monthly,2024-03-17,Forgot to cancel trial,22.99,666.71,88,1,Rahul,India,West Bengal,Female,1982-08-23,2023-02-23,Y,60.0,2.0
9352-HSMCI,2019-04-16,Paid,2020-04-16,Standard,Annual,2020-02-06,Forgot to cancel trial,13.99,125.91,99,1,Neha,India,Karnataka,Female,1984-01-04,,,,
9334-CPVZE,2022-03-04,Organic,2023-03-04,Standard,Monthly,,,14.99,689.54,87,0,Aditya,India,Punjab,Male,1965-12-30,2022-04-09,N,60.0,1.0
2046-WVCWV,2019-05-09,Paid,2020-05-09,Premium,Annual,,,24.99,1999.2,16,0,Vishal,India,Gujarat,Female,1965-06-15,,,,
6454-YXIGF,2024-07-19,Paid,2025-07-19,Basic,Monthly,2025-03-07,Not enough content,6.99,48.93,28,1,Nikhil,India,Karnataka,Male,1990-05-08,,,,
3266-OACOV,2023-02-05,Referral,2024-02-05,Standard,Annual,,,15.99,559.65,48,0,Sneha,India,Gujarat,Female,1996-06-09,,,,
6795-ROVDR,2023-09-07,Organic,2024-09-07,Standard,Annual,,,13.99,391.72,28,0,Neha,India,Uttar Pradesh,Female,1966-04-05,2025-12-13,N,60.0,2.0
6871-VLKNW,2024-04-28,Organic,2025-04-28,Standard,Annual,2026-03-08,Too expensive,13.99,307.78,89,1,Pooja,India,Tamil Nadu,Female,1986-01-08,,,,
7667-MTVQA,2019-03-04,Referral,2020-03-04,Standard,Monthly,2019-09-29,Switched to competitor,13.99,83.94,25,1,Tanvi,India,Haryana,Female,1986-04-04,,,,
0486-OEASW,2022-01-09,Organic,2023-01-09,Standard,Monthly,2023-11-03,Forgot to cancel trial,13.99,307.78,67,1,Meera,India,Kerala,Male,1975-08-20,2022-05-02,N,100.0,1.0
7078-HPEHD,2019-01-03,Paid,2020-01-03,Basic,Annual,2019-10-05,Forgot to cancel trial,7.99,71.91,76,1,Sakshi,India,Telangana,Male,1982-08-24,2019-07-13,Y,50.0,1.0
6888-PFSMF,2019-11-16,Referral,2020-11-16,Basic,Annual,,,7.99,591.26,40,0,Meera,India,Odisha,Male,1996-05-12,,,,
7996-RXTKV,2023-03-02,Referral,2024-03-02,Basic,Annual,,,6.99,237.66,42,0,Mohan,India,Delhi,Female,1964-09-28,2025-05-21,N,90.0,1.0
6019-YTSPJ,2021-12-16,Organic,2022-12-16,Basic,Annual,,,6.99,342.51,68,0,Diya,India,Madhya Pradesh,Male,1964-10-06,2023-08-25,Y,50.0,1.0
1619-QAMHM,2022-12-01,Organic,2023-12-01,Basic,Annual,,,6.99,258.63,34,0,Aditya,India,Odisha,Female,1971-05-09,,,,
2469-GOPKD,2019-12-16,Organic,2020-12-16,Premium,Monthly,,,24.99,1824.27,10,0,Meera,India,Haryana,Male,1999-10-31,,,,
5261-URNRW,2024-03-06,Referral,2025-03-06,Standard,Annual,,,13.99,307.78,58,0,Mohan,India,Madhya Pradesh,Male,2004-07-08,,,,
8126-WTFJR,2022-11-24,Referral,2023-11-24,Premium,Annual,2023-11-24,Not enough content,24.99,299.88,88,1,Kavya,India,Maharashtra,Female,1961-06-22,2023-06-09,N,80.0,3.0
0797-LTTZX,2022-09-05,Referral,2023-09-05,Basic,Annual,,,6.99,279.6,80,0,Diya,India,Maharashtra,Female,1999-04-26,2023-09-23,Y,20.0,1.0
2035-DPJLU,2024-06-07,Referral,2025-06-07,Premium,Monthly,,,22.99,436.81,68,0,Pooja,India,Tamil Nadu,Female,1996-02-22,2024-09-09,N,90.0,1.0
1076-YJOHY,2021-10-19,Paid,2022-10-19,Basic,Monthly,,,6.99,356.49,16,0,Diya,India,Punjab,Female,1973-01-25,,,,
5647-XYMRS,2022-09-09,Paid,2023-09-09,Premium,Monthly,2024-08-28,Not enough content,22.99,528.77,77,1,Rahul,India,Gujarat,Female,1970-02-19,2024-03-27,Y,10.0,1.0
9953-ZHAFS,2021-12-13,Organic,2022-12-13,Basic,Annual,,,6.99,342.51,61,0,Riya,India,Delhi,Female,1988-06-18,2023-02-02,Y,50.0,1.0
6801-SZPCA,2021-02-21,Organic,2022-02-21,Premium,Annual,2021-09-04,Not enough content,24.99,149.94,94,1,Karan,India,Karnataka,Female,1987-04-15,2021-04-19,N,60.0,1.0
5394-GVDGF,2019-11-10,Referral,2020-11-10,Premium,Annual,2021-10-16,Forgot to cancel trial,23.99,551.77,59,1,Pooja,India,Gujarat,Female,1991-01-14,2021-03-01,N,80.0,1.0
9236-DHTIU,2019-08-05,Referral,2020-08-05,Basic,Annual,,,7.99,623.22,12,0,Karan,India,Haryana,Female,2002-05-14,,,,
4070-XCAAQ,2019-04-21,Paid,2020-04-21,Premium,Annual,2020-04-20,Forgot to cancel trial,24.99,299.88,78,1,Tanvi,India,Karnataka,Female,1962-10-02,,,,
1251-BOJRM,2022-07-11,Referral,2023-07-11,Standard,Annual,2024-10-05,Not enough content,15.99,431.73,67,1,Riya,India,Rajasthan,Male,1960-02-23,2023-02-22,N,70.0,1.0
9428-FXEFE,2023-10-21,Referral,2024-10-21,Basic,Annual,,,6.99,181.74,31,0,Tanvi,India,Telangana,Male,2003-09-15,,,,
5589-LJAVD,2022-02-15,Referral,2023-02-15,Standard,Monthly,,,15.99,751.53,16,0,Akash,India,Tamil Nadu,Male,1988-06-08,2024-10-09,N,90.0,2.0
4641-FDEAL,2020-04-27,Referral,2021-04-27,Basic,Annual,,,6.99,482.31,45,0,Karan,India,Telangana,Female,1970-07-12,,,,
5419-HKWUR,2020-02-09,Referral,2021-02-09,Standard,Monthly,,,13.99,993.29,25,0,Ananya,India,Delhi,Male,1991-01-10,,,,
7788-NJSXO,2019-01-03,Referral,2020-01-03,Basic,Monthly,,,6.99,594.15,72,0,Sakshi,India,Madhya Pradesh,Male,1995-12-20,2022-07-12,N,100.0,2.0
2309-TMIRW,2022-11-21,Organic,2023-11-21,Standard,Annual,,,13.99,517.63,73,0,Akash,India,Kerala,Female,1993-01-08,2023-07-12,N,100.0,1.0
8528-BVGVD,2023-05-03,Paid,2024-05-03,Standard,Annual,,,15.99,511.68,32,0,Shreya,India,Kerala,Female,1989-06-03,,,,
3476-WVNKV,2022-01-28,Paid,2023-01-28,Basic,Monthly,2022-03-08,Too expensive,7.99,7.99,75,1,Arjun,India,Uttar Pradesh,Male,1965-11-11,2022-02-02,Y,20.0,2.0
8119-URJXL,2023-06-07,Referral,2024-06-07,Basic,Monthly,2024-08-27,Forgot to cancel trial,6.99,97.86,5,1,Arjun,India,Karnataka,Female,2004-09-14,,,,
4164-QXXBO,2021-09-02,Organic,2022-09-02,Basic,Annual,,,8.99,467.48,87,0,Shreya,India,Haryana,Female,1987-07-04,2024-02-18,N,100.0,2.0
8602-DZVKK,2022-06-23,Paid,2023-06-23,Standard,Annual,,,13.99,587.58,37,0,Shreya,India,Karnataka,Female,1968-04-04,,,,
9929-YFBAX,2019-11-26,Organic,2020-11-26,Basic,Annual,,,8.99,665.26,29,0,Neha,India,Telangana,Male,1990-03-24,,,,
6935-LTBTS,2023-10-19,Paid,2024-10-19,Premium,Monthly,,,24.99,649.74,29,0,Diya,India,Punjab,Female,1963-05-07,,,,
3490-GFGQK,2022-05-03,Paid,2023-05-03,Standard,Annual,,,13.99,615.56,27,0,Karan,India,Maharashtra,Female,1996-11-29,,,,
9403-FZSGZ,2023-10-26,Organic,2024-10-26,Standard,Annual,,,13.99,363.74,76,0,Priya,India,Gujarat,Female,1981-01-15,2024-05-03,Y,20.0,1.0
6389-XGCGY,2022-06-24,Paid,2023-06-24,Basic,Monthly,,,6.99,293.58,15,0,Sneha,India,West Bengal,Male,1994-09-20,,,,
2378-TFCFL,2022-10-06,Organic,2023-10-06,Premium,Annual,,,22.99,896.61,26,0,Nikhil,India,Tamil Nadu,Female,1984-03-09,,,,
0935-BZCNW,2024-04-15,Paid,2025-04-15,Standard,Annual,,,13.99,279.8,33,0,Shreya,India,West Bengal,Female,1998-05-20,,,,
2329-HFXTY,2024-04-20,Organic,2025-04-20,Basic,Annual,,,6.99,139.8,47,0,Nikhil,India,West Bengal,Female,1973-06-08,2025-08-16,N,80.0,1.0
0420-BPVJY,2021-12-18,Organic,2022-12-18,Premium,Annual,2024-04-10,Switched to competitor,24.99,699.72,77,1,Ishaan,India,Kerala,Female,1980-09-04,2023-07-24,N,80.0,1.0
2900-IIZIU,2024-11-14,Organic,2025-11-14,Basic,Monthly,,,8.99,116.87,13,0,Aarav,India,Haryana,Male,1966-09-20,,,,
1487-TZPEC,2020-11-11,Organic,2021-11-11,Basic,Monthly,,,6.99,433.38,74,0,Sakshi,India,Uttar Pradesh,Female,1971-01-07,2023-05-21,N,80.0,1.0
8189-IGWPF,2023-11-09,Organic,2024-11-09,Basic,Annual,,,6.99,181.74,13,0,Neha,India,Maharashtra,Female,1965-06-14,,,,
4024-CZFFJ,2024-08-05,Organic,2025-08-05,Basic,Monthly,2026-12-18,Too expensive,8.99,251.72,89,1,Neha,India,Delhi,Female,1973-07-10,2025-03-20,Y,40.0,1.0
6940-PYLLI,2022-09-14,Paid,2023-09-14,Premium,Annual,,,24.99,999.6,14,0,Kavya,India,Haryana,Female,1987-08-13,,,,
3517-VSZYG,2023-07-15,Paid,2024-07-15,Basic,Monthly,,,6.99,209.7,66,0,Meera,India,Punjab,Female,1977-08-09,,,,
1133-GXZAW,2020-10-13,Paid,2021-10-13,Premium,Annual,2021-05-16,Poor streaming quality,22.99,160.93,92,1,Shreya,India,Rajasthan,Male,1979-04-20,,,,
2812-PIXDH,2023-12-12,Referral,2024-12-12,Basic,Annual,,,7.99,199.75,7,0,Vishal,India,Bihar,Female,2000-09-29,,,,
6711-XAVBM,2020-10-26,Paid,2021-10-26,Premium,Annual,,,23.99,1511.37,90,0,Nikhil,India,Tamil Nadu,Male,1983-03-20,2025-01-16,Y,60.0,1.0
2268-AGHGH,2022-05-09,Referral,2023-05-09,Basic,Monthly,,,8.99,395.56,74,0,Aditi,India,Haryana,Female,1968-12-31,2022-07-07,N,90.0,1.0
3844-UNVKO,2024-05-11,Paid,2025-05-11,Standard,Monthly,,,13.99,265.81,46,0,Neha,India,Uttar Pradesh,Male,1998-08-31,,,,
0549-NBDHB,2022-03-11,Organic,2023-03-11,Basic,Annual,,,6.99,321.54,55,0,Priya,India,Gujarat,Male,1998-04-25,2023-06-27,Y,20.0,1.0
9219-VONHM,2022-09-18,Paid,2023-09-18,Standard,Annual,,,13.99,559.6,52,0,Meera,India,Maharashtra,Female,1983-01-12,,,,
1066-GFGPN,2022-02-14,Referral,2023-02-14,Basic,Monthly,,,6.99,328.53,35,0,Meera,India,Rajasthan,Female,1978-11-29,,,,
5989-CRJEN,2021-02-02,Referral,2022-02-02,Premium,Annual,,,23.99,1415.41,60,0,Sakshi,India,Kerala,Female,2002-01-18,,,,
8513-TCNXZ,2019-06-20,Paid,2020-06-20,Premium,Annual,2020-07-22,Poor streaming quality,22.99,298.87,78,1,Vishal,India,Maharashtra,Male,1988-03-30,2020-03-07,Y,20.0,1.0
5392-JKMSB,2024-11-21,Referral,2025-11-21,Basic,Annual,,,6.99,90.87,25,0,Karan,India,Punjab,Male,1983-04-19,,,,
3621-PMATC,2022-05-03,Organic,2023-05-03,Premium,Annual,2023-04-22,Not enough content,22.99,252.89,96,1,Kavya,India,Telangana,Male,1977-10-28,2022-08-04,N,80.0,1.0
2369-QLDBW,2022-09-19,Organic,2023-09-19,Premium,Annual,,,22.99,896.61,22,0,Karan,India,Odisha,Male,1962-03-30,2024-02-18,N,80.0,1.0
7628-BYRRM,2022-09-03,Organic,2023-09-03,Basic,Monthly,,,6.99,279.6,39,0,Aditya,India,Maharashtra,Male,1972-03-19,2022-09-08,Y,50.0,1.0
7949-BAGQY,2023-12-28,Referral,2024-12-28,Premium,Annual,,,23.99,575.76,39,0,Kavya,India,Maharashtra,Female,2002-02-04,2025-09-13,N,60.0,1.0
8362-ZARCO,2022-07-13,Organic,2023-07-13,Premium,Monthly,,,22.99,965.58,5,0,Vishal,India,Madhya Pradesh,Male,1964-05-01,,,,
3406-VUVDU,2021-10-02,Referral,2022-10-02,Basic,Annual,,,8.99,458.49,4,0,Aditya,India,Rajasthan,Female,1967-01-24,,,,
3044-VGEQV,2019-07-25,Paid,2020-07-25,Basic,Monthly,,,8.99,701.22,48,0,Aditya,India,Kerala,Female,1989-06-15,2024-07-22,Y,60.0,2.0
1173-PWHVT,2021-06-13,Referral,2022-06-13,Standard,Monthly,2023-10-01,Switched to competitor,13.99,391.72,96,1,Rohan,India,Punjab,Male,1996-06-01,2023-06-03,Y,60.0,1.0
7704-WAYOZ,2021-01-03,Organic,2022-01-03,Basic,Annual,2021-12-08,Poor streaming quality,8.99,98.89,84,1,Pooja,India,Karnataka,Male,2001-10-23,2021-07-31,Y,50.0,1.0
2847-JFHQW,2021-09-09,Organic,2022-09-09,Standard,Annual,2022-01-13,Forgot to cancel trial,13.99,55.96,79,1,Rohan,India,Punjab,Male,1976-11-11,,,,
4556-LXDFP,2023-08-01,Organic,2024-08-01,Standard,Monthly,2024-07-07,Not enough content,13.99,153.89,62,1,Ananya,India,Telangana,Male,1989-12-23,,,,
9163-JXVBO,2021-07-12,Referral,2022-07-12,Basic,Monthly,2023-09-01,Not enough content,7.99,207.74,97,1,Riya,India,West Bengal,Female,1995-05-14,,,,
9351-RLBVS,2022-05-20,Paid,2023-05-20,Standard,Annual,,,14.99,659.56,33,0,Ananya,India,Bihar,Female,1992-10-21,,,,
0767-KDZGI,2024-07-18,Referral,2025-07-18,Standard,Annual,,,15.99,271.83,49,0,Karan,India,Punjab,Female,1988-07-20,,,,
7740-DMQDC,2022-06-09,Organic,2023-06-09,Basic,Annual,2023-09-02,Forgot to cancel trial,8.99,134.85,2,1,Karan,India,Telangana,Female,1994-04-29,,,,
5176-DQMFO,2021-11-06,Organic,2022-11-06,Standard,Annual,,,14.99,749.5,20,0,Vishal,India,Delhi,Male,1988-09-23,,,,
1071-GPGBG,2019-05-23,Referral,2020-05-23,Standard,Annual,,,13.99,1119.2,1,0,Meera,India,Gujarat,Male,2000-07-14,,,,
4405-EAGAC,2022-01-07,Paid,2023-01-07,Premium,Annual,,,22.99,1103.52,10,0,Aditya,India,Rajasthan,Female,1987-01-06,2025-02-09,N,100.0,1.0
1977-BVOUA,2024-07-28,Organic,2025-07-28,Basic,Annual,,,6.99,118.83,44,0,Riya,India,Madhya Pradesh,Male,2003-08-04,,,,
4952-HBSAI,2024-02-19,Referral,2025-02-19,Premium,Monthly,2024-06-23,Poor streaming quality,22.99,91.96,83,1,Diya,India,Punjab,Female,1973-12-18,,,,
3448-ZLSTG,2019-11-17,Referral,2020-11-17,Standard,Monthly,,,13.99,1035.26,40,0,Arjun,India,Maharashtra,Male,1991-03-01,,,,
8414-WVGFE,2022-05-28,Referral,2023-05-28,Premium,Monthly,,,22.99,988.57,26,0,Akash,India,Bihar,Male,1997-09-28,,,,
4544-CRDVK,2021-05-25,Referral,2022-05-25,Premium,Annual,2023-04-01,Too expensive,22.99,505.78,85,1,Vishal,India,Punjab,Female,1985-12-25,,,,
4721-QRLGO,2023-08-25,Organic,2024-08-25,Basic,Monthly,,,6.99,195.72,18,0,Kavya,India,Maharashtra,Male,1984-01-13,2024-10-07,N,60.0,1.0
7716-BVKZN,2024-11-28,Organic,2025-11-28,Premium,Annual,,,22.99,298.87,50,0,Rahul,India,Rajasthan,Male,1983-07-17,2025-12-29,Y,30.0,1.0
8199-ERHPV,2023-09-01,Organic,2024-09-01,Premium,Annual,,,24.99,699.72,13,0,Priya,India,Uttar Pradesh,Female,2005-03-02,,,,
3953-AKQWX,2024-08-05,Referral,2025-08-05,Basic,Monthly,2026-09-25,Switched to competitor,6.99,181.74,78,1,Meera,India,Tamil Nadu,Male,1964-11-26,2025-03-29,Y,40.0,1.0
9604-UGINO,2022-12-28,Paid,2023-12-28,Standard,Monthly,,,13.99,503.64,55,0,Pooja,India,Kerala,Male,1977-08-13,2025-07-31,Y,10.0,2.0
8935-WMCMF,2020-04-09,Paid,2021-04-09,Premium,Monthly,,,22.99,1586.31,20,0,Sakshi,India,Gujarat,Male,1989-05-03,,,,
2748-XZMTJ,2020-12-20,Organic,2021-12-20,Standard,Monthly,,,13.99,853.39,44,0,Nikhil,India,Haryana,Female,1992-06-27,,,,
8220-KJCHP,2019-08-02,Organic,2020-08-02,Standard,Annual,,,13.99,1091.22,33,0,Ishaan,India,Madhya Pradesh,Female,1993-02-16,2025-09-28,N,100.0,2.0
2602-EWLJZ,2022-12-20,Referral,2023-12-20,Premium,Monthly,,,23.99,863.64,54,0,Kavya,India,Odisha,Male,2000-09-03,,,,
6996-NHASV,2019-10-16,Referral,2020-10-16,Standard,Annual,,,14.99,1124.25,64,0,Aarav,India,West Bengal,Male,1983-06-24,2019-12-30,Y,30.0,1.0
2183-BPJYX,2022-10-28,Organic,2023-10-28,Standard,Monthly,,,13.99,531.62,25,0,Vishal,India,Odisha,Male,1970-11-28,,,,
8877-FCPEZ,2019-06-15,Referral,2020-06-15,Basic,Annual,,,6.99,552.21,65,0,Rahul,India,Gujarat,Male,1961-11-18,,,,
7727-KQRVZ,2021-05-17,Organic,2022-05-17,Premium,Annual,,,23.99,1343.44,12,0,Nikhil,India,Punjab,Male,1985-07-02,,,,
0548-PMZQL,2019-08-16,Paid,2020-08-16,Standard,Monthly,,,15.99,1231.23,44,0,Neha,India,Karnataka,Female,1978-02-02,,,,
9674-ZUNQP,2024-11-06,Referral,2025-11-06,Basic,Monthly,,,7.99,111.86,27,0,Vishal,India,Bihar,Female,1997-08-05,2025-03-11,Y,20.0,1.0
9421-MQCYF,2021-11-05,Paid,2022-11-05,Premium,Monthly,,,22.99,1149.5,29,0,Sneha,India,Uttar Pradesh,Female,1997-09-25,,,,
2384-ELIKL,2020-03-22,Paid,2021-03-22,Standard,Monthly,,,13.99,979.3,43,0,Pooja,India,Punjab,Female,1994-02-27,,,,
1699-LPMYG,2021-04-28,Referral,2022-04-28,Premium,Annual,,,23.99,1343.44,34,0,Priya,India,Madhya Pradesh,Female,1961-04-27,,,,
0951-BDWOO,2019-06-10,Referral,2020-06-10,Premium,Monthly,2019-08-21,Not enough content,22.99,45.98,96,1,Riya,India,West Bengal,Female,1973-12-17,2019-07-18,Y,50.0,2.0
1640-EAEVN,2023-07-07,Organic,2024-07-07,Basic,Monthly,2025-03-07,Poor streaming quality,6.99,139.8,75,1,Aditya,India,Maharashtra,Female,1962-01-08,2023-08-10,Y,60.0,1.0
9461-OPWWJ,2021-08-20,Referral,2022-08-20,Standard,Monthly,,,13.99,741.47,60,0,Aditya,India,Tamil Nadu,Female,1997-10-16,2022-03-07,Y,30.0,1.0
3053-YGNIK,2023-06-01,Organic,2024-06-01,Premium,Annual,,,23.99,743.69,55,0,Akash,India,Bihar,Male,2004-08-10,,,,
2174-XLERN,2023-07-14,Referral,2024-07-14,Premium,Monthly,,,22.99,689.7,55,0,Tanvi,India,Bihar,Female,1965-02-08,2023-12-29,N,100.0,1.0
2653-OAZVZ,2024-02-12,Paid,2025-02-12,Basic,Monthly,,,7.99,175.78,43,0,Neha,India,Haryana,Male,1962-10-16,2024-09-12,N,100.0,1.0
1866-BVKCL,2021-06-04,Organic,2022-06-04,Standard,Monthly,,,13.99,769.45,9,0,Aditya,India,Delhi,Female,1973-07-29,2024-08-20,N,90.0,1.0
8985-BGRUA,2024-08-03,Referral,2025-08-03,Basic,Annual,2024-10-27,Poor streaming quality,8.99,17.98,76,1,Rahul,India,Madhya Pradesh,Male,1996-10-22,,,,
9829-GZBMI,2019-11-06,Paid,2020-11-06,Premium,Annual,,,23.99,1775.26,35,0,Varun,India,Uttar Pradesh,Male,1985-03-26,,,,
8909-VNMQZ,2021-01-26,Paid,2022-01-26,Basic,Annual,,,6.99,419.4,83,0,Aditi,India,Punjab,Male,1965-03-12,2025-01-05,N,100.0,1.0
1650-GXSFH,2021-09-12,Referral,2022-09-12,Basic,Annual,2022-08-22,Switched to competitor,6.99,76.89,92,1,Vishal,India,Tamil Nadu,Male,2003-10-14,2022-06-27,Y,40.0,2.0
0507-MRLOD,2020-06-07,Organic,2021-06-07,Basic,Monthly,,,8.99,602.33,82,0,Sneha,India,Bihar,Female,1985-09-14,2025-07-03,N,100.0,2.0
8915-BTQWG,2024-08-08,Referral,2025-08-08,Premium,Monthly,,,22.99,390.83,46,0,Priya,India,West Bengal,Female,1974-11-30,,,,
7325-VDSHM,2019-05-12,Paid,2020-05-12,Standard,Monthly,,,13.99,1119.2,73,0,Ishaan,India,Karnataka,Female,1981-06-09,,,,
0809-LRUWA,2022-02-14,Organic,2023-02-14,Standard,Annual,,,13.99,657.53,72,0,Rahul,India,Kerala,Female,1993-08-23,,,,
6886-FHCPO,2022-02-13,Paid,2023-02-13,Basic,Monthly,,,6.99,328.53,9,0,Akash,India,Odisha,Male,2001-03-17,,,,
1553-XJIJM,2020-03-21,Referral,2021-03-21,Premium,Annual,,,22.99,1609.3,69,0,Karan,India,West Bengal,Male,1963-12-09,,,,
1726-YFNES,2022-11-16,Organic,2023-11-16,Premium,Monthly,,,23.99,911.62,16,0,Kavya,India,Karnataka,Female,1984-06-05,,,,
5403-BQTRQ,2024-03-26,Paid,2025-03-26,Premium,Monthly,2025-03-23,Switched to competitor,22.99,275.88,61,1,Arjun,India,West Bengal,Female,1977-09-18,,,,
4535-TYCJX,2024-10-02,Paid,2025-10-02,Basic,Monthly,,,6.99,104.85,10,0,Varun,India,Kerala,Female,2002-08-05,,,,
4066-CKRYZ,2022-05-22,Paid,2023-05-22,Standard,Annual,,,15.99,687.57,65,0,Rahul,India,Telangana,Female,1969-10-02,,,,
7524-OZSWM,2022-10-17,Referral,2023-10-17,Standard,Annual,,,15.99,623.61,55,0,Aditya,India,Uttar Pradesh,Female,1970-12-31,,,,
6373-KWUYW,2023-09-12,Referral,2024-09-12,Basic,Monthly,2026-02-23,Switched to competitor,8.99,260.71,54,1,Aditi,India,Uttar Pradesh,Female,1984-12-07,,,,
7035-BGWGK,2020-10-13,Organic,2021-10-13,Premium,Annual,,,22.99,1448.37,32,0,Mohan,India,Haryana,Male,2005-04-25,,,,
4982-ORQYG,2019-12-25,Paid,2020-12-25,Basic,Monthly,,,6.99,510.27,74,0,Kavya,India,Rajasthan,Female,1997-11-01,,,,
1172-CZECT,2019-10-27,Paid,2020-10-27,Standard,Annual,,,13.99,1049.25,82,0,Meera,India,Gujarat,Female,1998-10-22,2022-07-31,Y,20.0,1.0
3168-GHDHL,2020-09-06,Referral,2021-09-06,Premium,Annual,,,22.99,1471.36,36,0,Rohan,India,Uttar Pradesh,Female,1985-01-21,,,,
0500-LXZXW,2023-02-19,Paid,2024-02-19,Premium,Monthly,,,22.99,781.66,18,0,Akash,India,Uttar Pradesh,Male,1964-03-31,2024-01-06,N,100.0,1.0
6089-KFLOZ,2021-07-02,Paid,2022-07-02,Basic,Monthly,,,6.99,377.46,29,0,Tanvi,India,Tamil Nadu,Female,1964-01-04,,,,
9833-JZHCC,2021-09-21,Paid,2022-09-21,Basic,Monthly,,,8.99,467.48,28,0,Sakshi,India,Karnataka,Female,1974-08-10,,,,
9240-LXCJV,2023-11-14,Organic,2024-11-14,Standard,Annual,,,14.99,374.75,17,0,Varun,India,Uttar Pradesh,Male,2000-08-10,2025-09-14,N,100.0,1.0
7575-LAENF,2020-05-17,Paid,2021-05-17,Basic,Monthly,,,6.99,475.32,60,0,Vishal,India,Telangana,Female,1975-02-09,2025-06-08,N,90.0,1.0
1801-UPIWP,2020-06-12,Organic,2021-06-12,Basic,Monthly,2020-11-01,Switched to competitor,7.99,31.96,22,1,Shreya,India,Odisha,Female,1982-06-08,,,,
3158-HTYCK,2024-09-13,Referral,2025-09-13,Standard,Monthly,,,15.99,239.85,84,0,Shreya,India,Karnataka,Female,1995-12-05,2025-10-13,Y,40.0,1.0
6890-RAZQG,2022-07-04,Referral,2023-07-04,Premium,Monthly,,,22.99,965.58,4,0,Diya,India,Punjab,Male,2002-07-24,,,,
5633-PHXMZ,2022-03-19,Paid,2023-03-19,Standard,Monthly,,,14.99,689.54,14,0,Sakshi,India,Rajasthan,Male,1977-10-19,,,,
5017-IRNDY,2021-12-20,Referral,2022-12-20,Basic,Annual,,,6.99,342.51,35,0,Nikhil,India,Haryana,Female,1996-04-29,,,,
2246-SNWTK,2024-07-16,Referral,2025-07-16,Standard,Annual,,,13.99,237.83,83,0,Sakshi,India,Haryana,Male,1996-05-21,,,,
0682-ZOVOA,2024-08-04,Paid,2025-08-04,Standard,Annual,,,14.99,254.83,23,0,Aarav,India,Telangana,Male,1972-02-28,,,,
7392-XUJBL,2021-02-12,Organic,2022-02-12,Standard,Monthly,,,13.99,825.41,4,0,Riya,India,West Bengal,Male,1964-11-19,,,,
6203-BEQTS,2019-06-19,Organic,2020-06-19,Basic,Annual,,,6.99,552.21,33,0,Ishaan,India,Rajasthan,Male,1965-06-30,2024-06-22,Y,20.0,1.0
6544-VFNEX,2024-06-07,Organic,2025-06-07,Basic,Annual,2025-01-05,Not enough content,7.99,55.93,89,1,Riya,India,Kerala,Female,1980-02-01,2024-07-09,Y,20.0,1.0
0890-THCTV,2023-02-12,Referral,2024-02-12,Standard,Monthly,,,13.99,489.65,97,0,Vishal,India,Maharashtra,Female,1981-02-06,,,,
8850-GZNIV,2022-08-13,Organic,2023-08-13,Standard,Monthly,,,13.99,573.59,7,0,Ishaan,India,Gujarat,Female,1989-05-14,,,,
6458-LROKS,2022-08-28,Organic,2023-08-28,Basic,Monthly,2023-11-07,Not enough content,6.99,97.86,99,1,Rohan,India,Punjab,Male,1988-03-01,2023-02-13,N,100.0,1.0
9800-CCTEM,2022-10-14,Paid,2023-10-14,Standard,Monthly,,,15.99,623.61,39,0,Aditi,India,Madhya Pradesh,Female,1990-10-19,,,,
3639-SZFMK,2023-11-25,Organic,2024-11-25,Standard,Annual,2024-10-11,Forgot to cancel trial,15.99,159.9,81,1,Arjun,India,Madhya Pradesh,Male,1980-01-25,2024-05-29,Y,10.0,1.0
9680-WCDXK,2022-10-05,Paid,2023-10-05,Standard,Annual,2023-03-15,Forgot to cancel trial,13.99,69.95,52,1,Aditi,India,Gujarat,Male,1970-07-13,,,,
6259-BXGOE,2021-04-20,Referral,2022-04-20,Premium,Annual,,,22.99,1310.43,5,0,Aarav,India,Madhya Pradesh,Male,1962-09-16,,,,
2004-FHTFV,2022-07-08,Organic,2023-07-08,Standard,Annual,,,13.99,587.58,43,0,Tanvi,India,Odisha,Male,1991-01-24,2025-01-08,N,100.0,1.0
7256-BCTXB,2021-10-19,Organic,2022-10-19,Standard,Monthly,2023-08-25,Forgot to cancel trial,13.99,307.78,83,1,Neha,India,Kerala,Female,1967-05-20,2022-09-13,Y,30.0,2.0
4597-SJCOT,2020-07-20,Paid,2021-07-20,Basic,Annual,2020-12-09,Forgot to cancel trial,8.99,35.96,73,1,Priya,India,Odisha,Female,1990-12-27,2020-10-31,N,60.0,1.0
3914-WXJUV,2021-01-27,Referral,2022-01-27,Basic,Annual,,,6.99,412.41,93,0,Meera,India,Rajasthan,Female,1995-07-18,,,,
3627-RXQAC,2024-08-14,Referral,2025-08-14,Standard,Monthly,,,14.99,239.84,41,0,Mohan,India,Delhi,Female,1996-07-06,,,,
3748-IBSTX,2022-05-21,Organic,2023-05-21,Premium,Annual,2023-03-01,Poor streaming quality,22.99,206.91,20,1,Diya,India,Delhi,Male,2004-02-17,,,,
6176-YXTZA,2024-09-24,Organic,2025-09-24,Premium,Annual,,,22.99,344.85,20,0,Pooja,India,Tamil Nadu,Male,1985-06-04,2025-09-25,N,90.0,1.0
1410-YRNTC,2019-01-19,Referral,2020-01-19,Standard,Annual,,,15.99,1343.16,57,0,Arjun,India,Kerala,Female,1974-09-18,,,,
1213-LVLSC,2021-09-17,Paid,2022-09-17,Premium,Annual,,,22.99,1195.48,80,0,Mohan,India,Punjab,Female,2004-05-13,,,,
3004-VDNKN,2021-02-25,Paid,2022-02-25,Standard,Annual,,,15.99,943.41,34,0,Aarav,India,Maharashtra,Female,1965-04-27,,,,
2194-AKCBF,2020-10-19,Referral,2021-10-19,Basic,Monthly,,,8.99,566.37,19,0,Diya,India,Telangana,Male,1965-11-14,,,,
2985-YSPWY,2020-04-20,Referral,2021-04-20,Basic,Annual,,,6.99,482.31,11,0,Karan,India,Delhi,Female,1960-10-09,2021-11-06,N,100.0,1.0
4047-JOMRM,2019-08-02,Paid,2020-08-02,Standard,Annual,,,13.99,1091.22,53,0,Kavya,India,Madhya Pradesh,Male,1962-07-12,2023-05-21,N,70.0,1.0
4743-DKRHT,2021-02-24,Referral,2022-02-24,Premium,Annual,2022-08-15,Poor streaming quality,23.99,407.83,90,1,Karan,India,Delhi,Male,1961-08-27,2021-08-25,Y,40.0,1.0
3912-CLCJP,2024-11-20,Organic,2025-11-20,Premium,Annual,2026-12-20,Not enough content,22.99,574.75,53,1,Sakshi,India,Uttar Pradesh,Female,1981-12-07,,,,
4035-GORTQ,2021-03-06,Paid,2022-03-06,Standard,Monthly,,,14.99,869.42,3,0,Arjun,India,Gujarat,Female,1969-03-12,,,,
1451-AZMPK,2020-03-07,Organic,2021-03-07,Basic,Annual,,,8.99,629.3,32,0,Nikhil,India,Bihar,Female,1972-06-30,2025-07-03,N,100.0,2.0
7393-OOFNZ,2020-01-08,Paid,2021-01-08,Basic,Annual,2020-04-17,Too expensive,7.99,23.97,68,1,Pooja,India,Rajasthan,Male,1971-10-07,,,,
1119-FOMIR,2023-11-01,Paid,2024-11-01,Premium,Annual,,,22.99,597.74,14,0,Sneha,India,Maharashtra,Female,1989-02-10,,,,
9604-VMTAI,2021-01-20,Paid,2022-01-20,Basic,Annual,,,8.99,539.4,5,0,Sakshi,India,Bihar,Female,1977-01-28,,,,
2787-ANANN,2019-12-06,Paid,2020-12-06,Premium,Monthly,,,23.99,1751.27,40,0,Pooja,India,Rajasthan,Male,1966-12-19,,,,
1841-YSBDU,2024-10-25,Organic,2025-10-25,Premium,Annual,2025-12-31,Switched to competitor,22.99,321.86,91,1,Mohan,India,Telangana,Male,1973-05-20,,,,
2038-KATEU,2020-12-04,Referral,2021-12-04,Basic,Monthly,,,6.99,426.39,55,0,Aditi,India,Karnataka,Male,1972-12-24,2021-08-01,N,100.0,1.0
2873-RYGJJ,2024-06-08,Paid,2025-06-08,Standard,Monthly,,,13.99,265.81,9,0,Kavya,India,Madhya Pradesh,Female,1999-07-22,,,,
2105-FFNYX,2019-04-25,Organic,2020-04-25,Premium,Annual,,,24.99,2024.19,70,0,Ananya,India,Gujarat,Female,1993-03-06,,,,
9620-SBFST,2022-11-23,Referral,2023-11-23,Basic,Annual,,,6.99,258.63,27,0,Shreya,India,Madhya Pradesh,Female,1975-07-07,,,,
0864-YWRLZ,2019-02-08,Paid,2020-02-08,Standard,Annual,,,15.99,1327.17,77,0,Riya,India,Odisha,Male,1969-02-23,2024-07-27,Y,40.0,2.0
2892-MLXSV,2023-11-07,Organic,2024-11-07,Standard,Annual,2025-07-01,Poor streaming quality,14.99,299.8,87,1,Diya,India,Madhya Pradesh,Male,1975-10-26,,,,
6073-DZKQR,2022-06-06,Referral,2023-06-06,Basic,Monthly,,,6.99,300.57,33,0,Aditi,India,Kerala,Male,1963-06-21,,,,
0627-VBUGO,2019-12-01,Referral,2020-12-01,Premium,Monthly,2021-10-04,Switched to competitor,24.99,549.78,35,1,Aarav,India,Telangana,Male,1993-10-08,,,,
1948-OWNEJ,2019-05-28,Paid,2020-05-28,Standard,Annual,2020-02-06,Poor streaming quality,15.99,127.92,20,1,Sneha,India,Kerala,Female,1978-12-24,,,,
2895-LHIJF,2021-02-21,Organic,2022-02-21,Standard,Monthly,2022-05-06,Forgot to cancel trial,13.99,195.86,50,1,Diya,India,Delhi,Male,2001-09-30,,,,
9258-DDLMZ,2021-01-20,Organic,2022-01-20,Basic,Monthly,,,6.99,419.4,8,0,Kavya,India,Bihar,Male,1972-10-24,,,,
0272-KGPJD,2021-05-08,Organic,2022-05-08,Standard,Annual,,,13.99,783.44,47,0,Sakshi,India,West Bengal,Female,1979-05-12,,,,
4069-VWNLS,2019-04-16,Paid,2020-04-16,Basic,Annual,,,6.99,566.19,93,0,Rahul,India,Odisha,Female,1968-11-02,2021-04-14,N,90.0,1.0
8133-DKESJ,2024-01-01,Referral,2025-01-01,Basic,Monthly,2026-01-02,Poor streaming quality,6.99,167.76,48,1,Shreya,India,West Bengal,Female,1989-12-27,,,,
6555-CJYVR,2023-06-15,Paid,2024-06-15,Premium,Monthly,2023-11-14,Too expensive,22.99,114.95,68,1,Rohan,India,Rajasthan,Male,1988-01-25,2023-07-08,N,70.0,1.0
0354-GOKVW,2019-09-19,Paid,2020-09-19,Premium,Monthly,,,22.99,1747.24,4,0,Kavya,India,Odisha,Male,1997-10-13,,,,
5208-BTKRF,2020-05-05,Referral,2021-05-05,Standard,Monthly,,,14.99,1019.32,60,0,Karan,India,Odisha,Female,1961-06-26,,,,
4127-PVDMQ,2020-01-05,Referral,2021-01-05,Standard,Monthly,2020-09-11,Too expensive,13.99,111.92,83,1,Rahul,India,Delhi,Male,1985-10-14,2020-07-25,Y,30.0,2.0
3195-BOAMQ,2019-03-16,Organic,2020-03-16,Premium,Monthly,,,22.99,1885.18,73,0,Akash,India,Bihar,Female,1967-09-11,,,,
4943-UACPO,2021-03-15,Referral,2022-03-15,Standard,Annual,,,13.99,811.42,5,0,Shreya,India,Rajasthan,Female,1964-01-02,,,,
2116-TYCKD,2019-03-08,Referral,2020-03-08,Standard,Monthly,,,14.99,1244.17,7,0,Aarav,India,Karnataka,Male,1995-11-05,,,,
8079-PBGFT,2024-06-11,Referral,2025-06-11,Standard,Monthly,,,14.99,269.82,7,0,Shreya,India,Uttar Pradesh,Male,1996-04-29,,,,
3036-ZFDZX,2020-02-04,Organic,2021-02-04,Basic,Annual,,,8.99,638.29,14,0,Rohan,India,Delhi,Female,1994-10-28,,,,
0386-YSZSS,2022-06-27,Referral,2023-06-27,Premium,Monthly,,,22.99,965.58,88,0,Aditya,India,Tamil Nadu,Female,2003-11-22,2022-06-28,N,60.0,1.0
5820-SUHZU,2023-03-14,Referral,2024-03-14,Premium,Monthly,,,22.99,781.66,43,0,Pooja,India,Punjab,Male,1986-09-21,2024-09-14,N,70.0,1.0
9838-YYTVM,2024-11-05,Paid,2025-11-05,Standard,Annual,,,13.99,195.86,35,0,Karan,India,Haryana,Male,2001-08-26,,,,
1213-GVEOW,2024-02-27,Paid,2025-02-27,Basic,Annual,2024-05-27,Not enough content,8.99,26.97,62,1,Neha,India,Karnataka,Female,1979-03-09,,,,
5809-KOIZC,2022-05-08,Referral,2023-05-08,Basic,Annual,,,8.99,395.56,74,0,Mohan,India,Uttar Pradesh,Female,1987-02-07,,,,
9468-JUCWT,2022-11-06,Organic,2023-11-06,Standard,Monthly,2024-05-18,Not enough content,13.99,251.82,24,1,Shreya,India,Delhi,Female,1966-06-01,2023-05-20,N,60.0,1.0
6438-PFVEH,2023-08-20,Referral,2024-08-20,Standard,Annual,,,13.99,391.72,2,0,Rahul,India,Tamil Nadu,Male,1997-02-08,,,,
8582-YAZUE,2020-06-13,Paid,2021-06-13,Basic,Monthly,,,7.99,535.33,30,0,Diya,India,Uttar Pradesh,Male,1977-07-23,2025-03-15,N,90.0,1.0
6088-ZGLPX,2023-01-01,Organic,2024-01-01,Standard,Annual,,,13.99,503.64,3,0,Aditya,India,Uttar Pradesh,Male,1988-01-01,,,,
6377-FDBPQ,2024-09-12,Referral,2025-09-12,Basic,Monthly,,,8.99,134.85,18,0,Riya,India,Odisha,Female,1973-07-13,2025-11-03,N,70.0,1.0
5530-PYCTR,2022-03-20,Organic,2023-03-20,Standard,Monthly,,,13.99,643.54,60,0,Riya,India,Kerala,Female,1992-12-19,,,,
0506-JTKCK,2023-12-03,Organic,2024-12-03,Standard,Monthly,,,13.99,349.75,24,0,Aditya,India,Telangana,Male,2004-10-02,2024-08-07,N,80.0,1.0
6916-INYQW,2020-02-22,Organic,2021-02-22,Basic,Monthly,2021-08-26,Poor streaming quality,7.99,143.82,93,1,Mohan,India,Tamil Nadu,Female,1985-01-24,2020-11-10,Y,30.0,2.0
8505-GTXBP,2022-10-16,Organic,2023-10-16,Premium,Monthly,,,22.99,896.61,32,0,Rohan,India,Haryana,Female,1978-05-25,,,,
2791-IBRPJ,2022-10-26,Organic,2023-10-26,Premium,Annual,2023-03-11,Poor streaming quality,22.99,91.96,92,1,Sakshi,India,Gujarat,Female,1995-12-19,2023-01-23,Y,50.0,1.0
1634-CPWQJ,2022-07-23,Referral,2023-07-23,Standard,Annual,,,13.99,573.59,29,0,Shreya,India,Karnataka,Female,1968-09-03,2025-03-25,N,70.0,1.0
5222-DNBFL,2020-08-25,Paid,2021-08-25,Standard,Monthly,,,13.99,909.35,2,0,Tanvi,India,Karnataka,Male,1999-03-10,,,,
8648-LEQFO,2024-06-20,Paid,2025-06-20,Premium,Annual,2025-01-16,Too expensive,23.99,167.93,59,1,Varun,India,Uttar Pradesh,Male,1961-05-07,,,,
6381-JELBD,2024-01-09,Paid,2025-01-09,Basic,Annual,2025-02-21,Switched to competitor,6.99,90.87,70,1,Karan,India,West Bengal,Female,1989-08-08,2024-04-02,Y,40.0,1.0
2709-JOYTV,2020-10-19,Referral,2021-10-19,Basic,Monthly,,,7.99,503.37,71,0,Sneha,India,Maharashtra,Male,1992-04-23,2025-04-11,N,100.0,1.0
4610-JERYQ,2019-08-24,Paid,2020-08-24,Standard,Monthly,2021-04-27,Too expensive,13.99,279.8,96,1,Varun,India,Telangana,Male,1977-08-09,,,,
8152-TQGGV,2021-10-07,Organic,2022-10-07,Standard,Annual,,,13.99,713.49,1,0,Meera,India,Tamil Nadu,Male,1981-03-11,,,,
3917-MYNHQ,2024-03-19,Organic,2025-03-19,Premium,Annual,,,22.99,482.79,62,0,Pooja,India,Haryana,Male,1996-08-07,,,,
7001-HNATH,2022-07-11,Paid,2023-07-11,Standard,Annual,,,13.99,587.58,31,0,Aditya,India,Haryana,Female,1977-11-01,,,,
1317-LSYXX,2023-10-15,Referral,2024-10-15,Standard,Annual,,,14.99,389.74,7,0,Rahul,India,Gujarat,Female,1999-10-07,2025-12-01,N,90.0,1.0
1501-QRUWK,2024-11-24,Referral,2025-11-24,Basic,Annual,,,6.99,90.87,40,0,Shreya,India,Bihar,Male,1982-07-11,,,,
5886-ABKIW,2019-04-23,Organic,2020-04-23,Standard,Monthly,,,13.99,1133.19,35,0,Ananya,India,West Bengal,Female,1979-03-21,2020-06-04,N,80.0,1.0
9890-WQBDX,2023-11-04,Paid,2024-11-04,Basic,Monthly,,,6.99,181.74,58,0,Rahul,India,Uttar Pradesh,Female,2004-11-13,,,,
5511-QVBEF,2023-05-23,Organic,2024-05-23,Premium,Monthly,,,22.99,712.69,42,0,Diya,India,Delhi,Male,1983-08-15,,,,
8260-KPXXZ,2023-01-17,Paid,2024-01-17,Standard,Annual,,,14.99,524.65,36,0,Tanvi,India,Punjab,Male,1988-10-11,,,,
6462-NWDZR,2020-08-08,Paid,2021-08-08,Standard,Annual,,,14.99,974.35,7,0,Akash,India,Maharashtra,Male,1962-04-30,2022-07-11,N,90.0,1.0
0745-PQYWK,2023-10-24,Paid,2024-10-24,Premium,Annual,2025-01-06,Not enough content,23.99,335.86,92,1,Rahul,India,Punjab,Male,1979-08-19,2024-12-19,Y,10.0,1.0
1425-ITVPK,2024-09-01,Referral,2025-09-01,Basic,Annual,,,7.99,127.84,25,0,Pooja,India,Delhi,Male,1978-09-30,,,,
7879-SPHNR,2022-07-28,Paid,2023-07-28,Basic,Monthly,2024-04-02,Switched to competitor,6.99,139.8,52,1,Ananya,India,Maharashtra,Male,1984-01-13,2023-01-02,Y,60.0,1.0
9949-TSMQX,2020-03-16,Organic,2021-03-16,Basic,Annual,,,8.99,629.3,32,0,Rohan,India,West Bengal,Male,1986-06-07,,,,
8650-ZJMZT,2024-12-06,Paid,2025-12-06,Premium,Annual,,,22.99,298.87,15,0,Aarav,India,Madhya Pradesh,Female,1998-03-12,2025-04-22,N,80.0,1.0
1138-OGSQW,2020-05-24,Organic,2021-05-24,Standard,Monthly,,,13.99,951.32,14,0,Meera,India,Uttar Pradesh,Male,1971-10-27,2025-09-10,N,70.0,1.0
5510-MBWQF,2022-11-22,Paid,2023-11-22,Standard,Monthly,,,13.99,517.63,33,0,Riya,India,Haryana,Male,1966-10-31,2025-12-02,N,100.0,2.0
3036-YRMPU,2023-05-05,Organic,2024-05-05,Standard,Monthly,2025-04-15,Poor streaming quality,13.99,321.77,88,1,Aditi,India,West Bengal,Male,1976-06-09,,,,
2418-QLYCL,2023-11-26,Referral,2024-11-26,Premium,Annual,,,22.99,574.75,35,0,Arjun,India,Odisha,Male,2001-06-25,2024-12-25,N,90.0,1.0
4581-CPVGH,2020-12-28,Paid,2021-12-28,Standard,Annual,2022-01-16,Switched to competitor,13.99,167.88,90,1,Diya,India,Kerala,Female,2004-01-19,2021-11-12,N,60.0,1.0
4843-OPYOR,2019-01-01,Referral,2020-01-01,Basic,Monthly,2021-06-16,Forgot to cancel trial,6.99,202.71,90,1,Shreya,India,Madhya Pradesh,Female,1969-08-22,,,,
7424-SGMPR,2021-04-02,Paid,2022-04-02,Basic,Monthly,2022-10-19,Not enough content,6.99,125.82,54,1,Pooja,India,Bihar,Female,1976-05-04,2021-12-04,N,80.0,2.0
4237-YWSBW,2024-05-19,Referral,2025-05-19,Premium,Monthly,,,24.99,474.81,19,0,Shreya,India,Haryana,Female,1992-10-23,,,,
2126-JIUHP,2019-06-18,Paid,2020-06-18,Premium,Monthly,,,22.99,1816.21,6,0,Varun,India,West Bengal,Male,1973-03-27,,,,
0461-XRCUM,2024-09-04,Organic,2025-09-04,Premium,Annual,2024-11-22,Not enough content,22.99,45.98,60,1,Tanvi,India,Bihar,Male,1976-06-01,,,,
8942-UUSJA,2022-09-21,Paid,2023-09-21,Premium,Annual,,,22.99,896.61,42,0,Karan,India,Punjab,Female,1983-08-07,,,,
4700-PTQVY,2020-02-09,Referral,2021-02-09,Premium,Monthly,2020-04-22,Not enough content,23.99,47.98,86,1,Ishaan,India,Maharashtra,Female,1963-02-20,2020-03-05,N,90.0,1.0
6582-QWGWG,2019-01-05,Referral,2020-01-05,Basic,Annual,2019-08-16,Too expensive,7.99,55.93,98,1,Ananya,India,Uttar Pradesh,Male,1990-12-04,2019-06-30,Y,60.0,1.0
9479-ACYKI,2022-11-15,Referral,2023-11-15,Premium,Annual,,,22.99,873.62,17,0,Ishaan,India,Kerala,Male,1974-10-24,,,,
9218-ISYFC,2021-12-19,Referral,2022-12-19,Basic,Monthly,,,8.99,440.51,85,0,Sakshi,India,Rajasthan,Female,1968-11-19,2025-03-12,N,80.0,2.0
9223-CURGL,2019-07-16,Organic,2020-07-16,Premium,Annual,,,22.99,1793.22,38,0,Meera,India,Punjab,Male,1965-12-19,,,,
3652-BLYXM,2019-07-25,Organic,2020-07-25,Basic,Monthly,2020-10-07,Forgot to cancel trial,8.99,125.86,97,1,Nikhil,India,Tamil Nadu,Male,2002-05-25,,,,
2371-PMXJZ,2022-09-10,Paid,2023-09-10,Premium,Annual,2024-01-22,Forgot to cancel trial,23.99,383.84,85,1,Meera,India,Rajasthan,Male,1971-02-21,2023-07-07,N,90.0,2.0
6334-ZZAMB,2020-02-27,Referral,2021-02-27,Standard,Annual,,,13.99,993.29,43,0,Priya,India,Haryana,Female,1983-03-12,,,,
8503-NAJWN,2024-02-15,Organic,2025-02-15,Premium,Monthly,,,22.99,505.78,2,0,Shreya,India,Haryana,Female,1997-07-11,,,,
0273-LJIBQ,2023-06-18,Referral,2024-06-18,Basic,Annual,2024-03-25,Poor streaming quality,6.99,62.91,96,1,Priya,India,Rajasthan,Female,1995-09-24,2023-10-25,Y,60.0,1.0
8406-JYLEY,2024-02-16,Referral,2025-02-16,Premium,Annual,2025-04-12,Switched to competitor,22.99,321.86,4,1,Diya,India,Tamil Nadu,Female,1974-11-26,,,,
6438-MRDRE,2020-04-03,Paid,2021-04-03,Premium,Annual,2021-04-01,Not enough content,24.99,299.88,74,1,Nikhil,India,Odisha,Male,1974-04-07,2021-02-26,Y,40.0,1.0
3133-VEEGP,2019-12-25,Paid,2020-12-25,Standard,Monthly,,,13.99,1021.27,15,0,Varun,India,Odisha,Female,1990-11-13,,,,
2704-JFYEH,2019-10-09,Referral,2020-10-09,Basic,Monthly,,,6.99,524.25,49,0,Pooja,India,Telangana,Female,1981-02-15,,,,
0763-GQAAL,2023-12-19,Referral,2024-12-19,Premium,Monthly,,,22.99,551.76,17,0,Aditi,India,Telangana,Male,1987-06-10,2025-02-20,N,80.0,1.0
3638-AEPRL,2024-07-24,Organic,2025-07-24,Premium,Annual,2027-01-01,Poor streaming quality,22.99,666.71,63,1,Rahul,India,Bihar,Female,1997-06-26,2026-05-18,Y,50.0,1.0
8787-VRLIF,2020-12-27,Referral,2021-12-27,Premium,Monthly,,,23.99,1463.39,60,0,Tanvi,India,Delhi,Male,1994-03-18,2021-10-30,Y,60.0,1.0
4785-SUBLJ,2023-09-12,Organic,2024-09-12,Standard,Monthly,,,13.99,391.72,44,0,Aditya,India,Delhi,Female,1982-06-30,2025-04-13,Y,10.0,1.0
3420-WYKTB,2024-11-10,Organic,2025-11-10,Basic,Annual,2025-08-05,Forgot to cancel trial,8.99,71.92,58,1,Priya,India,Karnataka,Female,1980-01-25,,,,
5422-FPQKW,2024-08-20,Paid,2025-08-20,Standard,Monthly,,,13.99,223.84,12,0,Rahul,India,West Bengal,Male,1969-09-27,,,,
7131-ATOCC,2024-11-07,Organic,2025-11-07,Standard,Monthly,2026-09-27,Switched to competitor,14.99,329.78,83,1,Riya,India,Bihar,Male,1991-11-24,2025-09-20,Y,30.0,2.0
7037-NFWZT,2023-12-03,Referral,2024-12-03,Standard,Monthly,,,13.99,349.75,1,0,Ananya,India,Odisha,Female,1971-12-27,2024-05-15,N,90.0,1.0
7557-YYWRX,2019-09-09,Referral,2020-09-09,Premium,Monthly,,,24.99,1899.24,20,0,Vishal,India,Punjab,Female,1991-06-07,,,,
2001-COLKY,2019-01-03,Paid,2020-01-03,Basic,Monthly,,,6.99,594.15,12,0,Akash,India,Rajasthan,Male,1975-12-19,,,,
5524-KBBCD,2024-12-16,Organic,2025-12-16,Standard,Annual,,,14.99,179.88,42,0,Arjun,India,Uttar Pradesh,Female,1991-11-03,,,,
9395-PZLWX,2022-12-18,Organic,2023-12-18,Premium,Monthly,,,22.99,827.64,40,0,Meera,India,Odisha,Male,1960-04-10,,,,
2472-LEPZW,2019-07-04,Referral,2020-07-04,Basic,Monthly,,,6.99,552.21,57,0,Priya,India,Delhi,Male,1989-09-03,2023-04-11,Y,60.0,1.0
7340-RRTOP,2022-02-24,Paid,2023-02-24,Standard,Annual,2024-02-06,Poor streaming quality,14.99,344.77,82,1,Nikhil,India,Bihar,Male,1980-07-03,2023-05-25,N,100.0,3.0
3552-OMRDO,2020-03-10,Paid,2021-03-10,Basic,Monthly,,,6.99,489.3,24,0,Sakshi,India,Bihar,Male,2000-05-04,,,,
7003-SCDSU,2024-05-21,Referral,2025-05-21,Basic,Annual,2025-07-06,Forgot to cancel trial,7.99,103.87,97,1,Mohan,India,Karnataka,Male,1986-06-13,2025-04-15,Y,10.0,2.0
4782-DIZXI,2019-01-28,Paid,2020-01-28,Premium,Annual,,,22.99,1931.16,33,0,Sneha,India,Gujarat,Male,1971-06-18,,,,
1735-XWXIN,2024-10-15,Paid,2025-10-15,Standard,Annual,,,13.99,195.86,12,0,Akash,India,Delhi,Male,1995-10-10,,,,
4291-GYRHV,2023-02-10,Organic,2024-02-10,Standard,Monthly,,,13.99,489.65,23,0,Meera,India,Uttar Pradesh,Female,1962-06-26,2025-08-09,N,80.0,1.0
2479-AAVYO,2023-09-24,Organic,2024-09-24,Standard,Monthly,2024-05-20,Forgot to cancel trial,15.99,111.93,37,1,Sneha,India,Haryana,Male,1990-10-30,,,,
2445-IRMEH,2020-08-25,Organic,2021-08-25,Premium,Monthly,,,22.99,1494.35,58,0,Aditi,India,Karnataka,Female,1980-09-29,2023-04-15,N,100.0,1.0
2664-VADYA,2020-04-28,Paid,2021-04-28,Basic,Monthly,,,7.99,551.31,27,0,Vishal,India,Odisha,Male,1985-12-27,,,,
4196-MDJTH,2023-11-09,Referral,2024-11-09,Standard,Monthly,2025-03-19,Switched to competitor,13.99,223.84,50,1,Aditya,India,Maharashtra,Female,1967-05-29,,,,
8156-WDYUZ,2020-09-19,Paid,2021-09-19,Standard,Monthly,2023-01-04,Too expensive,15.99,431.73,97,1,Neha,India,Punjab,Male,1997-07-29,2022-10-24,Y,60.0,2.0
0350-MIJGP,2020-05-01,Referral,2021-05-01,Premium,Monthly,,,24.99,1724.31,33,0,Meera,India,Uttar Pradesh,Female,2005-11-21,,,,
5065-SVUFW,2024-09-04,Paid,2025-09-04,Basic,Monthly,,,6.99,111.84,25,0,Ananya,India,Karnataka,Female,1980-07-25,,,,
0388-GEKOB,2024-01-01,Referral,2025-01-01,Standard,Annual,,,13.99,335.76,7,0,Ananya,India,Madhya Pradesh,Male,1979-08-07,,,,
2103-NMOAU,2020-07-22,Paid,2021-07-22,Premium,Monthly,,,22.99,1517.34,78,0,Priya,India,West Bengal,Female,1994-12-13,2023-12-20,N,60.0,1.0
3654-EBLNM,2020-02-02,Paid,2021-02-02,Basic,Annual,,,6.99,496.29,49,0,Diya,India,Kerala,Female,1965-12-23,2020-05-27,Y,20.0,1.0
2337-DQMBF,2021-10-14,Referral,2022-10-14,Premium,Annual,,,22.99,1172.49,16,0,Aditi,India,Karnataka,Male,1983-12-20,,,,
4790-PYUWL,2021-05-04,Paid,2022-05-04,Premium,Annual,,,22.99,1287.44,8,0,Riya,India,Karnataka,Female,1975-02-19,2024-03-27,Y,30.0,1.0
7298-VJVSJ,2021-02-19,Organic,2022-02-19,Basic,Annual,,,6.99,412.41,5,0,Aarav,India,Delhi,Female,1985-11-21,,,,
7030-RCGBP,2021-01-24,Paid,2022-01-24,Basic,Monthly,,,6.99,419.4,48,0,Mohan,India,West Bengal,Male,1985-10-17,,,,
1018-WISPR,2022-12-03,Referral,2023-12-03,Basic,Annual,,,6.99,258.63,14,0,Rahul,India,Punjab,Male,2002-01-16,,,,
5018-WZRPM,2024-07-26,Referral,2025-07-26,Basic,Annual,,,6.99,118.83,55,0,Aditya,India,Uttar Pradesh,Male,1961-03-20,,,,
4460-HZSPG,2022-02-16,Referral,2023-02-16,Standard,Monthly,,,13.99,657.53,55,0,Neha,India,Kerala,Male,2002-05-26,,,,
3515-QEQFJ,2020-06-25,Organic,2021-06-25,Basic,Annual,2021-08-05,Too expensive,6.99,90.87,88,1,Mohan,India,Bihar,Male,1986-10-21,,,,
0827-SDUEG,2020-01-20,Paid,2021-01-20,Basic,Annual,2020-10-18,Too expensive,7.99,71.91,89,1,Mohan,India,Madhya Pradesh,Female,1988-12-04,2020-06-16,Y,30.0,1.0
7061-MAJPF,2022-08-24,Organic,2023-08-24,Standard,Annual,,,13.99,559.6,89,0,Shreya,India,West Bengal,Female,2001-09-08,2023-12-28,Y,20.0,1.0
7777-OLXMG,2023-10-14,Referral,2024-10-14,Standard,Annual,,,13.99,363.74,40,0,Varun,India,Kerala,Male,1993-06-29,2025-06-20,N,60.0,1.0
6213-NEJAZ,2021-11-05,Referral,2022-11-05,Premium,Annual,,,24.99,1249.5,1,0,Nikhil,India,Punjab,Female,1990-05-26,,,,
2788-QKZTR,2023-12-18,Organic,2024-12-18,Standard,Annual,,,14.99,359.76,17,0,Akash,India,Uttar Pradesh,Male,1976-10-12,,,,
9787-GOFGJ,2024-04-21,Referral,2025-04-21,Basic,Monthly,2025-02-15,Poor streaming quality,6.99,69.9,51,1,Diya,India,Tamil Nadu,Female,1962-02-07,2024-07-15,N,90.0,1.0
4867-FHTTP,2024-11-20,Referral,2025-11-20,Standard,Annual,,,15.99,207.87,42,0,Diya,India,Delhi,Male,1980-11-25,,,,
4064-VTFHW,2021-01-17,Referral,2022-01-17,Standard,Annual,,,15.99,959.4,17,0,Vishal,India,Odisha,Female,1996-03-27,,,,
5593-ZMNSI,2023-07-11,Organic,2024-07-11,Standard,Monthly,2024-10-08,Poor streaming quality,13.99,209.85,83,1,Rahul,India,West Bengal,Female,2004-07-20,2024-08-29,N,60.0,3.0
3957-UDLJN,2020-08-10,Organic,2021-08-10,Basic,Monthly,2020-10-15,Switched to competitor,7.99,15.98,7,1,Ananya,India,Karnataka,Female,1975-03-24,,,,
0443-JCECT,2024-03-26,Paid,2025-03-26,Premium,Annual,,,23.99,503.79,58,0,Rohan,India,Kerala,Male,1963-06-27,,,,
2925-CFDPM,2020-01-18,Organic,2021-01-18,Premium,Annual,,,22.99,1655.28,19,0,Sakshi,India,Delhi,Female,1961-01-08,,,,
1013-NZBUX,2022-03-12,Organic,2023-03-12,Standard,Annual,,,15.99,735.54,73,0,Kavya,India,Haryana,Female,1992-04-08,,,,
8148-EPFFT,2019-11-21,Paid,2020-11-21,Premium,Monthly,2022-01-03,Too expensive,22.99,574.75,98,1,Pooja,India,Gujarat,Female,1974-03-11,2021-12-03,N,80.0,3.0
6828-RFJDK,2020-01-04,Referral,2021-01-04,Basic,Annual,,,6.99,503.28,75,0,Ishaan,India,Telangana,Female,1986-05-18,2025-01-20,Y,30.0,1.0
3389-XNYIO,2024-08-26,Referral,2025-08-26,Standard,Monthly,,,15.99,255.84,42,0,Nikhil,India,Punjab,Male,1992-04-28,,,,
4006-YGRIB,2023-02-03,Organic,2024-02-03,Standard,Monthly,,,15.99,559.65,52,0,Karan,India,Madhya Pradesh,Male,1972-11-24,,,,
7826-AJKAO,2022-05-19,Organic,2023-05-19,Standard,Monthly,,,13.99,615.56,15,0,Akash,India,Haryana,Male,1990-01-05,2025-11-29,Y,30.0,1.0
6498-HQWWC,2020-04-25,Paid,2021-04-25,Standard,Annual,,,15.99,1103.31,86,0,Rahul,India,Kerala,Female,1962-08-11,,,,
7409-KLHMJ,2019-01-26,Referral,2020-01-26,Premium,Annual,2019-12-01,Too expensive,22.99,229.9,39,1,Mohan,India,Kerala,Male,1970-07-25,,,,
6422-CEECI,2022-12-24,Paid,2023-12-24,Premium,Annual,,,23.99,863.64,10,0,Shreya,India,Delhi,Male,1993-08-11,,,,
1409-ZVNQX,2021-09-12,Paid,2022-09-12,Premium,Annual,,,24.99,1299.48,31,0,Sneha,India,Maharashtra,Female,1977-12-14,,,,
4528-HGVGQ,2022-03-03,Paid,2023-03-03,Basic,Monthly,,,7.99,367.54,36,0,Tanvi,India,Madhya Pradesh,Male,1978-08-05,,,,
8587-MVCZA,2024-03-03,Paid,2025-03-03,Premium,Annual,,,22.99,505.78,27,0,Aarav,India,Odisha,Female,1963-01-11,,,,
6298-TIXKM,2021-12-17,Referral,2022-12-17,Basic,Monthly,2024-03-06,Forgot to cancel trial,6.99,188.73,87,1,Vishal,India,Maharashtra,Female,1969-05-14,,,,
9068-UGTVU,2023-09-21,Organic,2024-09-21,Standard,Monthly,,,14.99,404.73,23,0,Arjun,India,Odisha,Female,1977-07-07,,,,
7970-RQJXJ,2022-04-20,Paid,2023-04-20,Basic,Monthly,2023-01-29,Switched to competitor,6.99,62.91,81,1,Akash,India,Odisha,Female,1968-02-06,,,,
0751-HKPRG,2024-10-22,Paid,2025-10-22,Premium,Annual,,,22.99,321.86,75,0,Vishal,India,Telangana,Male,1971-09-20,2024-12-22,Y,40.0,2.0
5943-OOYUD,2023-08-07,Organic,2024-08-07,Standard,Monthly,2025-06-20,Not enough content,13.99,307.78,78,1,Diya,India,Delhi,Female,1970-08-16,2023-10-17,N,90.0,1.0
5945-ORMKD,2019-05-08,Paid,2020-05-08,Standard,Annual,,,13.99,1119.2,25,0,Sneha,India,Delhi,Male,1999-03-20,,,,
4018-KXRRQ,2023-09-26,Organic,2024-09-26,Standard,Annual,,,13.99,377.73,3,0,Akash,India,Maharashtra,Male,2002-04-18,,,,
2274-JXJLT,2019-06-08,Referral,2020-06-08,Basic,Monthly,,,6.99,552.21,5,0,Diya,India,Rajasthan,Female,1997-11-09,,,,
5981-HVHDC,2020-01-22,Paid,2021-01-22,Premium,Monthly,,,24.99,1799.28,29,0,Arjun,India,Kerala,Male,1978-05-12,,,,
7844-VOPIO,2019-12-05,Referral,2020-12-05,Basic,Monthly,,,6.99,510.27,16,0,Ananya,India,Bihar,Female,1964-07-17,,,,
0246-ZFFYL,2023-06-21,Referral,2024-06-21,Standard,Monthly,,,13.99,419.7,30,0,Varun,India,Bihar,Male,1979-01-29,,,,
8889-DGWWF,2019-07-20,Paid,2020-07-20,Basic,Annual,2021-04-12,Switched to competitor,6.99,146.79,76,1,Ishaan,India,Delhi,Female,1976-01-07,2020-03-04,Y,20.0,1.0
7848-SJNNV,2024-03-14,Organic,2025-03-14,Premium,Monthly,2025-02-09,Switched to competitor,22.99,252.89,90,1,Priya,India,Tamil Nadu,Female,1980-08-16,2024-10-08,Y,60.0,1.0
5914-AVSAC,2022-03-10,Referral,2023-03-10,Basic,Annual,2023-08-11,Not enough content,6.99,118.83,94,1,Priya,India,Gujarat,Female,1968-12-22,2023-03-30,N,90.0,1.0
3299-WLKMU,2023-09-23,Organic,2024-09-23,Standard,Annual,,,13.99,377.73,10,0,Nikhil,India,Odisha,Male,1965-02-05,2025-10-06,N,90.0,1.0
6401-FEGIG,2024-04-18,Organic,2025-04-18,Premium,Monthly,,,24.99,499.8,21,0,Tanvi,India,Odisha,Female,2004-07-19,,,,
3130-IPXRG,2020-08-22,Organic,2021-08-22,Standard,Monthly,,,13.99,909.35,10,0,Aarav,India,Haryana,Male,1981-09-04,,,,
1144-OTDIH,2020-02-04,Paid,2021-02-04,Standard,Annual,,,15.99,1135.29,9,0,Meera,India,Haryana,Female,1985-11-30,,,,
9154-FFWBY,2019-02-10,Paid,2020-02-10,Standard,Monthly,,,14.99,1244.17,43,0,Arjun,India,Uttar Pradesh,Male,1985-01-09,,,,
9360-JPMYH,2020-12-17,Referral,2021-12-17,Standard,Monthly,,,13.99,853.39,24,0,Rohan,India,Rajasthan,Female,1991-06-09,,,,
7249-EMRIP,2023-08-14,Paid,2024-08-14,Premium,Annual,2024-06-09,Not enough content,23.99,239.9,97,1,Priya,India,Bihar,Female,1992-06-03,2024-05-30,Y,10.0,1.0
9554-MZXRA,2023-02-08,Paid,2024-02-08,Basic,Annual,,,8.99,314.65,15,0,Pooja,India,Gujarat,Female,2000-06-27,,,,
8997-XSUOX,2022-10-06,Organic,2023-10-06,Standard,Annual,,,13.99,545.61,18,0,Mohan,India,Punjab,Male,1977-02-26,,,,
9177-RDKYK,2021-07-13,Referral,2022-07-13,Standard,Monthly,,,15.99,863.46,89,0,Karan,India,Karnataka,Female,1961-01-06,,,,
2230-ECXVA,2020-05-21,Paid,2021-05-21,Basic,Annual,,,6.99,475.32,52,0,Shreya,India,Madhya Pradesh,Male,2002-10-22,,,,
2974-JUVZY,2024-11-06,Referral,2025-11-06,Premium,Monthly,,,22.99,321.86,30,0,Ananya,India,Rajasthan,Female,1994-04-14,2025-08-12,N,60.0,1.0
9564-HXFEI,2020-07-05,Referral,2021-07-05,Premium,Monthly,,,22.99,1517.34,42,0,Sakshi,India,West Bengal,Male,2002-01-18,,,,
5722-XFJFF,2021-06-09,Paid,2022-06-09,Standard,Annual,,,13.99,769.45,11,0,Meera,India,Tamil Nadu,Male,2000-09-17,,,,
5349-XPVYJ,2022-05-12,Referral,2023-05-12,Standard,Monthly,,,13.99,615.56,71,0,Shreya,India,Uttar Pradesh,Female,1984-10-03,2023-03-17,N,80.0,1.0
1967-APXIV,2019-06-26,Organic,2020-06-26,Premium,Annual,,,22.99,1816.21,36,0,Riya,India,West Bengal,Female,1966-03-15,,,,
5015-EBSPL,2022-05-14,Paid,2023-05-14,Basic,Monthly,,,8.99,395.56,2,0,Ananya,India,Kerala,Female,1989-11-14,2024-08-20,N,90.0,1.0
1035-QXGMF,2022-06-21,Referral,2023-06-21,Standard,Annual,,,15.99,671.58,22,0,Vishal,India,Kerala,Male,1981-05-14,,,,
6734-GSNHA,2019-08-06,Organic,2020-08-06,Premium,Annual,,,22.99,1770.23,43,0,Arjun,India,Punjab,Female,2005-12-11,2023-01-20,N,70.0,2.0
3470-CNRAQ,2019-03-10,Paid,2020-03-10,Premium,Annual,,,22.99,1885.18,28,0,Ananya,India,Karnataka,Female,1968-02-02,,,,
1576-IDSPJ,2021-03-26,Organic,2022-03-26,Basic,Annual,,,6.99,405.42,26,0,Diya,India,Maharashtra,Female,1969-12-08,,,,
5903-HJXUI,2021-07-21,Paid,2022-07-21,Basic,Monthly,,,6.99,377.46,55,0,Meera,India,Rajasthan,Male,1971-10-17,2022-06-23,N,80.0,1.0
3915-JEIZS,2021-03-04,Referral,2022-03-04,Basic,Monthly,,,6.99,405.42,57,0,Shreya,India,Uttar Pradesh,Male,1970-08-16,,,,
9511-MQIEX,2023-07-05,Referral,2024-07-05,Standard,Monthly,,,14.99,449.7,9,0,Karan,India,Telangana,Male,1962-11-24,2025-07-13,N,90.0,2.0
1023-NLRLA,2019-07-21,Referral,2020-07-21,Basic,Monthly,,,6.99,545.22,66,0,Diya,India,Gujarat,Female,1990-04-25,2021-10-04,Y,50.0,1.0
4582-UHOZH,2019-09-16,Organic,2020-09-16,Standard,Annual,,,13.99,1063.24,83,0,Tanvi,India,Kerala,Female,1984-12-21,2022-11-07,N,70.0,1.0
2642-BHWUX,2023-04-17,Paid,2024-04-17,Premium,Monthly,,,22.99,735.68,27,0,Akash,India,Maharashtra,Male,2001-05-14,,,,
4580-ZAMFJ,2023-02-27,Organic,2024-02-27,Premium,Monthly,,,22.99,781.66,67,0,Aarav,India,Odisha,Male,1983-08-10,,,,
8218-BEBXE,2022-12-07,Paid,2023-12-07,Basic,Monthly,,,7.99,295.63,8,0,Ishaan,India,West Bengal,Female,2000-04-22,,,,
9531-QKJCG,2022-09-06,Organic,2023-09-06,Basic,Annual,,,8.99,359.6,34,0,Pooja,India,Delhi,Female,1999-01-22,,,,
3837-PWCBQ,2023-04-25,Organic,2024-04-25,Basic,Monthly,,,6.99,223.68,39,0,Pooja,India,Kerala,Female,1982-05-14,,,,
6126-HCPYA,2024-05-01,Paid,2025-05-01,Basic,Monthly,,,6.99,139.8,12,0,Aditya,India,Gujarat,Male,2001-10-19,,,,
2950-GRPGP,2019-01-28,Organic,2020-01-28,Premium,Annual,,,22.99,1931.16,30,0,Rahul,India,Uttar Pradesh,Female,1982-02-08,,,,
6921-JFKOO,2020-08-09,Referral,2021-08-09,Premium,Monthly,,,22.99,1494.35,57,0,Sakshi,India,Gujarat,Male,1987-01-19,2023-06-30,Y,20.0,1.0
1393-WWNXF,2020-06-18,Referral,2021-06-18,Basic,Monthly,2022-06-02,Too expensive,6.99,160.77,95,1,Akash,India,Odisha,Female,2000-05-20,2021-07-26,Y,20.0,1.0
5516-PCLQQ,2019-07-11,Organic,2020-07-11,Standard,Annual,2021-10-09,Too expensive,13.99,377.73,86,1,Priya,India,Kerala,Female,1971-04-26,,,,
5896-JMLNE,2022-10-03,Paid,2023-10-03,Premium,Annual,,,24.99,974.61,1,0,Aarav,India,Madhya Pradesh,Female,1990-02-10,,,,
5956-ZFJFL,2020-05-22,Organic,2021-05-22,Premium,Monthly,,,22.99,1563.32,81,0,Akash,India,Odisha,Male,1981-04-10,,,,
6013-YOZUU,2023-09-16,Organic,2024-09-16,Premium,Monthly,,,24.99,674.73,5,0,Rahul,India,Telangana,Male,1983-09-02,,,,
3611-AZNPH,2019-10-24,Paid,2020-10-24,Standard,Monthly,,,13.99,1049.25,40,0,Neha,India,Kerala,Female,1989-11-12,,,,
5624-BWVTX,2020-05-10,Referral,2021-05-10,Standard,Monthly,,,14.99,1019.32,14,0,Kavya,India,Gujarat,Female,1981-03-08,,,,
3648-THEIN,2022-11-05,Organic,2023-11-05,Basic,Monthly,,,8.99,341.62,13,0,Diya,India,Punjab,Male,1990-02-02,,,,
5209-UJZXW,2021-06-12,Paid,2022-06-12,Basic,Monthly,,,6.99,384.45,54,0,Meera,India,Odisha,Female,1987-10-15,2025-05-22,Y,40.0,1.0
2877-VXSTO,2024-07-05,Organic,2025-07-05,Basic,Monthly,,,6.99,125.82,34,0,Priya,India,Haryana,Female,2003-01-25,,,,
8274-FRRNM,2022-08-01,Paid,2023-08-01,Basic,Annual,,,7.99,327.59,13,0,Riya,India,Delhi,Male,1979-10-27,,,,
0980-BHZMO,2022-05-20,Organic,2023-05-20,Standard,Monthly,2024-04-02,Too expensive,13.99,307.78,92,1,Arjun,India,Gujarat,Female,1960-09-13,,,,
3047-ZOWPC,2023-11-10,Referral,2024-11-10,Basic,Annual,2024-10-14,Forgot to cancel trial,6.99,76.89,91,1,Aditi,India,Kerala,Male,1962-04-16,2024-10-11,Y,10.0,1.0
4671-DCTOK,2024-01-09,Organic,2025-01-09,Standard,Annual,2024-12-16,Switched to competitor,13.99,153.89,95,1,Priya,India,Uttar Pradesh,Male,1971-04-17,,,,
0328-ADKQP,2021-11-26,Referral,2022-11-26,Premium,Monthly,2022-12-10,Not enough content,22.99,275.88,23,1,Priya,India,Kerala,Male,1961-06-01,,,,
1980-VJEXG,2021-05-05,Referral,2022-05-05,Standard,Monthly,,,14.99,839.44,29,0,Neha,India,Odisha,Female,1963-09-21,,,,
8023-PTUHL,2023-06-19,Paid,2024-06-19,Premium,Monthly,,,22.99,689.7,1,0,Mohan,India,Maharashtra,Female,1976-01-04,,,,
3495-OYNXS,2023-04-20,Organic,2024-04-20,Standard,Monthly,,,13.99,447.68,45,0,Riya,India,Kerala,Female,1982-10-10,2025-08-17,N,60.0,1.0
2783-UIAAJ,2021-03-23,Paid,2022-03-23,Basic,Annual,,,6.99,405.42,5,0,Diya,India,Gujarat,Female,1971-08-15,,,,
0479-CZRFW,2022-11-17,Paid,2023-11-17,Basic,Annual,,,6.99,265.62,17,0,Pooja,India,Telangana,Female,1987-01-25,2025-04-01,N,60.0,2.0
1418-GRZUD,2024-09-13,Organic,2025-09-13,Basic,Monthly,,,6.99,104.85,5,0,Shreya,India,Uttar Pradesh,Male,1970-05-04,,,,
5615-QMNZN,2022-06-22,Paid,2023-06-22,Premium,Annual,2023-11-17,Not enough content,22.99,390.83,48,1,Mohan,India,Tamil Nadu,Female,1961-04-24,2023-09-21,N,70.0,1.0
5644-PEJZW,2021-08-14,Organic,2022-08-14,Premium,Annual,,,22.99,1218.47,41,0,Nikhil,India,Punjab,Male,1997-11-21,,,,
8515-OEFXC,2022-07-26,Paid,2023-07-26,Standard,Annual,2023-08-14,Not enough content,13.99,167.88,61,1,Varun,India,Telangana,Female,1969-04-05,,,,
9481-FEQVL,2019-03-13,Paid,2020-03-13,Standard,Monthly,,,13.99,1147.18,37,0,Meera,India,Punjab,Male,1999-06-13,,,,
7478-GATFG,2024-09-02,Organic,2025-09-02,Basic,Monthly,2025-01-08,Not enough content,6.99,27.96,53,1,Karan,India,Odisha,Female,1984-08-27,,,,
8395-XJJGY,2019-12-27,Organic,2020-12-27,Premium,Monthly,2020-06-17,Switched to competitor,22.99,114.95,70,1,Meera,India,Gujarat,Male,1969-11-25,2020-04-28,Y,40.0,1.0
7010-IJRFF,2020-07-20,Organic,2021-07-20,Standard,Annual,,,13.99,923.34,46,0,Nikhil,India,Maharashtra,Female,1970-05-04,,,,
1369-HRTDB,2024-11-28,Organic,2025-11-28,Basic,Monthly,,,6.99,90.87,68,0,Kavya,India,Punjab,Male,1984-12-28,,,,
5370-YVKKG,2023-07-03,Referral,2024-07-03,Basic,Monthly,,,6.99,209.7,22,0,Kavya,India,Delhi,Male,1983-10-26,,,,
8584-KZSGB,2022-04-23,Referral,2023-04-23,Basic,Annual,,,6.99,307.56,59,0,Sakshi,India,Gujarat,Male,1961-03-11,,,,
5845-XGZVM,2024-10-10,Paid,2025-10-10,Premium,Monthly,,,22.99,321.86,9,0,Akash,India,Gujarat,Female,1985-10-25,,,,
0614-JCLJA,2022-07-11,Organic,2023-07-11,Premium,Monthly,2022-11-16,Not enough content,22.99,91.96,64,1,Rohan,India,Rajasthan,Female,1964-04-22,2022-07-13,N,70.0,1.0
3280-OCLKI,2024-06-01,Referral,2025-06-01,Premium,Monthly,,,22.99,436.81,55,0,Arjun,India,West Bengal,Male,1989-02-06,,,,
1619-XCEFQ,2023-11-15,Paid,2024-11-15,Basic,Monthly,,,7.99,199.75,39,0,Arjun,India,Gujarat,Male,2004-02-03,,,,
1695-VWKLS,2024-11-08,Referral,2025-11-08,Basic,Annual,2026-12-28,Poor streaming quality,6.99,181.74,70,1,Rahul,India,Gujarat,Male,1996-02-29,2024-12-18,N,90.0,1.0
4657-SEGVK,2020-03-27,Referral,2021-03-27,Standard,Monthly,,,15.99,1119.3,2,0,Arjun,India,Haryana,Female,1971-10-25,,,,
8421-FATUU,2020-08-20,Referral,2021-08-20,Basic,Monthly,2021-02-04,Not enough content,6.99,34.95,98,1,Karan,India,Haryana,Female,2004-11-08,2020-11-04,Y,10.0,1.0
0776-HVUTW,2024-08-24,Organic,2025-08-24,Basic,Annual,2024-12-02,Not enough content,6.99,20.97,92,1,Aarav,India,Maharashtra,Male,1969-05-18,2024-10-01,N,100.0,1.0
5356-PXGPQ,2023-07-27,Organic,2024-07-27,Standard,Monthly,,,14.99,434.71,6,0,Pooja,India,Kerala,Female,1997-06-30,,,,
2946-QXDLM,2023-07-01,Paid,2024-07-01,Basic,Monthly,,,7.99,239.7,36,0,Arjun,India,West Bengal,Female,2002-02-02,,,,
9723-TCRWY,2022-06-13,Organic,2023-06-13,Premium,Monthly,,,22.99,988.57,73,0,Ananya,India,Rajasthan,Female,1985-01-31,,,,
1427-ZNMAD,2024-01-19,Organic,2025-01-19,Premium,Annual,,,22.99,528.77,29,0,Shreya,India,Karnataka,Male,1978-09-07,,,,
4435-VKWPS,2022-10-17,Organic,2023-10-17,Premium,Monthly,,,24.99,974.61,1,0,Aditi,India,Kerala,Female,1990-12-01,,,,
1480-NGAKQ,2021-11-08,Referral,2022-11-08,Premium,Monthly,,,23.99,1199.5,52,0,Priya,India,Gujarat,Female,1999-07-26,2025-05-17,Y,50.0,1.0
0193-BMTII,2019-11-23,Organic,2020-11-23,Premium,Monthly,,,22.99,1701.26,45,0,Vishal,India,Madhya Pradesh,Female,1973-04-04,,,,
0579-RXEDF,2023-08-18,Paid,2024-08-18,Premium,Annual,2025-09-08,Not enough content,22.99,574.75,61,1,Shreya,India,Bihar,Male,2001-08-18,2023-10-26,Y,40.0,1.0
4597-OULGX,2022-02-18,Paid,2023-02-18,Standard,Annual,,,15.99,751.53,55,0,Rahul,India,Rajasthan,Female,1997-11-14,2024-10-16,N,90.0,2.0
2885-TIEDB,2024-10-19,Paid,2025-10-19,Basic,Annual,,,8.99,125.86,18,0,Shreya,India,Delhi,Female,1990-02-26,,,,
5141-XAIEU,2021-01-16,Organic,2022-01-16,Premium,Monthly,,,24.99,1499.4,69,0,Nikhil,India,Haryana,Female,1989-05-09,2023-02-18,Y,40.0,1.0
3974-ZCVTG,2021-12-16,Organic,2022-12-16,Standard,Monthly,,,15.99,783.51,83,0,Sneha,India,Tamil Nadu,Female,1987-12-20,,,,
6126-DCIYV,2022-11-01,Organic,2023-11-01,Basic,Monthly,,,8.99,341.62,90,0,Rahul,India,Uttar Pradesh,Female,1998-08-01,,,,
8601-YJSBX,2021-10-10,Referral,2022-10-10,Premium,Annual,2023-06-03,Poor streaming quality,23.99,479.8,85,1,Arjun,India,Punjab,Female,1996-05-03,2022-11-16,Y,40.0,3.0
2032-LULGP,2023-03-02,Paid,2024-03-02,Standard,Monthly,2023-12-25,Not enough content,13.99,125.91,19,1,Vishal,India,Punjab,Male,1967-10-28,,,,
6141-ELJZR,2023-04-27,Referral,2024-04-27,Premium,Monthly,,,23.99,767.68,13,0,Riya,India,Karnataka,Female,1979-09-26,,,,
8775-OXWSG,2020-02-20,Paid,2021-02-20,Premium,Monthly,2020-11-02,Poor streaming quality,22.99,183.92,18,1,Mohan,India,Uttar Pradesh,Female,1973-04-12,2020-08-21,Y,40.0,1.0
5534-QPCVC,2021-11-07,Referral,2022-11-07,Standard,Annual,,,13.99,699.5,13,0,Meera,India,Gujarat,Male,1981-05-12,2025-01-19,N,60.0,1.0
4106-EDPCJ,2019-10-09,Paid,2020-10-09,Premium,Monthly,,,24.99,1874.25,23,0,Aarav,India,Telangana,Female,1987-06-30,,,,
3086-CDFUM,2023-04-23,Paid,2024-04-23,Basic,Monthly,,,6.99,223.68,23,0,Sneha,India,Telangana,Female,1985-08-01,,,,
2430-YPZAT,2022-12-25,Referral,2023-12-25,Standard,Monthly,,,14.99,539.64,7,0,Vishal,India,Bihar,Female,1992-03-18,,,,
6253-KPDZA,2019-09-05,Paid,2020-09-05,Premium,Annual,,,22.99,1747.24,26,0,Rohan,India,Tamil Nadu,Female,1976-06-27,,,,
4228-AEYDA,2024-02-12,Paid,2025-02-12,Basic,Annual,,,6.99,153.78,17,0,Neha,India,Karnataka,Male,1967-01-07,,,,
0821-BYWBR,2022-09-14,Referral,2023-09-14,Standard,Monthly,,,13.99,559.6,38,0,Riya,India,Karnataka,Male,1997-01-30,,,,
8110-CQBPP,2022-04-17,Organic,2023-04-17,Standard,Monthly,,,13.99,629.55,40,0,Rahul,India,Maharashtra,Male,1971-08-28,2023-06-12,N,70.0,1.0
5962-LHKRJ,2023-04-28,Paid,2024-04-28,Basic,Monthly,2023-10-18,Too expensive,6.99,34.95,99,1,Karan,India,Odisha,Female,1996-10-24,2023-05-01,Y,40.0,1.0
8160-CIXSP,2023-02-11,Paid,2024-02-11,Standard,Monthly,,,13.99,489.65,1,0,Pooja,India,Telangana,Female,1975-02-12,,,,
8479-GJBCQ,2021-02-20,Referral,2022-02-20,Basic,Monthly,2021-03-29,Poor streaming quality,6.99,6.99,95,1,Kavya,India,Bihar,Male,1985-08-01,2021-03-21,N,100.0,2.0
9325-IILVG,2021-05-10,Referral,2022-05-10,Standard,Monthly,,,13.99,783.44,7,0,Varun,India,Madhya Pradesh,Female,1966-01-31,,,,
3008-VJRLU,2019-10-07,Paid,2020-10-07,Standard,Monthly,,,15.99,1199.25,9,0,Aarav,India,Bihar,Male,1970-09-30,,,,
7865-GZOYR,2020-02-20,Paid,2021-02-20,Premium,Monthly,,,24.99,1774.29,47,0,Neha,India,Kerala,Male,1983-08-13,,,,
4467-TGUGZ,2020-05-04,Referral,2021-05-04,Premium,Monthly,,,22.99,1563.32,63,0,Diya,India,Telangana,Male,1993-12-04,2024-10-13,N,70.0,1.0
7236-ARFAR,2024-10-09,Referral,2025-10-09,Basic,Annual,2025-06-14,Forgot to cancel trial,6.99,55.92,94,1,Priya,India,Punjab,Male,1964-12-16,2024-10-31,Y,30.0,1.0
7597-KLXWM,2019-11-19,Organic,2020-11-19,Basic,Monthly,,,7.99,591.26,37,0,Akash,India,Haryana,Female,1960-05-14,,,,
8985-SXOYV,2024-02-01,Organic,2025-02-01,Standard,Annual,2025-01-25,Forgot to cancel trial,13.99,153.89,18,1,Aditi,India,Uttar Pradesh,Female,1980-10-28,,,,
2022-GXAPV,2024-10-28,Paid,2025-10-28,Premium,Annual,,,23.99,335.86,4,0,Nikhil,India,Tamil Nadu,Male,1978-06-02,,,,
4296-OINXR,2020-08-12,Organic,2021-08-12,Basic,Annual,2020-10-03,Forgot to cancel trial,6.99,6.99,51,1,Akash,India,Gujarat,Male,2005-12-13,2020-08-21,N,90.0,1.0
8907-BWIGX,2022-07-05,Paid,2023-07-05,Standard,Annual,,,15.99,671.58,70,0,Sakshi,India,Rajasthan,Female,1975-07-05,,,,
6840-XQSFR,2021-05-08,Organic,2022-05-08,Basic,Monthly,2021-08-22,Not enough content,6.99,20.97,64,1,Ishaan,India,Punjab,Male,1962-02-12,2021-05-29,N,60.0,1.0
3982-NPJOQ,2023-06-18,Referral,2024-06-18,Standard,Monthly,,,15.99,479.7,35,0,Diya,India,Kerala,Male,1960-11-16,,,,
9492-YCFDH,2023-08-25,Paid,2024-08-25,Standard,Monthly,,,13.99,391.72,52,0,Vishal,India,Maharashtra,Female,1969-01-28,,,,
4220-JDKNU,2021-03-11,Organic,2022-03-11,Standard,Annual,,,13.99,811.42,23,0,Rahul,India,Odisha,Male,1993-06-12,,,,
0038-FRFFR,2023-05-14,Paid,2024-05-14,Basic,Monthly,,,6.99,223.68,32,0,Meera,India,Delhi,Male,1967-10-28,2023-09-18,N,100.0,1.0
9483-IRAWF,2022-12-18,Paid,2023-12-18,Standard,Monthly,2025-04-06,Too expensive,15.99,447.72,91,1,Vishal,India,Rajasthan,Male,1990-11-24,2024-11-19,N,80.0,1.0
3220-MEOUX,2022-05-19,Referral,2023-05-19,Standard,Monthly,,,15.99,703.56,1,0,Arjun,India,Rajasthan,Male,1982-04-21,2023-05-21,N,60.0,1.0
5032-NIXEW,2024-05-20,Paid,2025-05-20,Premium,Annual,,,22.99,436.81,33,0,Priya,India,Tamil Nadu,Female,1994-09-20,,,,
1336-EOCND,2021-02-11,Referral,2022-02-11,Premium,Annual,,,24.99,1474.41,88,0,Aditi,India,Maharashtra,Female,1960-04-11,,,,
8900-YUPOW,2020-06-01,Organic,2021-06-01,Standard,Monthly,2021-01-14,Forgot to cancel trial,13.99,97.93,36,1,Aarav,India,Maharashtra,Female,1962-01-11,,,,
8487-IRFKU,2019-07-20,Organic,2020-07-20,Premium,Monthly,2021-08-24,Poor streaming quality,22.99,574.75,89,1,Akash,India,West Bengal,Female,1990-08-19,,,,
9579-DJMZU,2024-07-28,Referral,2025-07-28,Premium,Annual,,,22.99,390.83,3,0,Sneha,India,Karnataka,Male,1985-03-13,,,,
1765-ARRXT,2020-05-04,Organic,2021-05-04,Basic,Annual,2020-07-31,Not enough content,8.99,17.98,60,1,Kavya,India,Bihar,Female,1985-09-28,2020-05-12,Y,40.0,1.0
9644-WSPSP,2023-08-21,Organic,2024-08-21,Premium,Annual,,,22.99,643.72,46,0,Diya,India,Delhi,Male,1978-01-29,2025-08-30,N,100.0,2.0
0002-PJMYY,2022-04-15,Referral,2023-04-15,Basic,Annual,2023-12-29,Poor streaming quality,6.99,139.8,57,1,Neha,India,Gujarat,Male,1999-06-26,2023-08-22,Y,20.0,2.0
4589-DKADD,2024-05-22,Referral,2025-05-22,Standard,Annual,,,13.99,265.81,92,0,Shreya,India,Odisha,Male,1980-10-15,2024-08-04,Y,40.0,1.0
3508-CGLST,2022-07-08,Organic,2023-07-08,Premium,Annual,2022-09-13,Switched to competitor,22.99,45.98,8,1,Aditi,India,Bihar,Male,1986-12-30,,,,
8498-ZSFGA,2024-04-14,Organic,2025-04-14,Basic,Annual,2024-10-31,Poor streaming quality,7.99,47.94,78,1,Pooja,India,Madhya Pradesh,Female,1980-12-01,,,,
7613-EZIDJ,2024-02-18,Paid,2025-02-18,Standard,Annual,2025-07-29,Switched to competitor,13.99,237.83,90,1,Ananya,India,Punjab,Male,1997-12-15,,,,
8683-JPSWL,2023-05-12,Referral,2024-05-12,Basic,Annual,,,6.99,223.68,7,0,Aditi,India,West Bengal,Female,1965-07-01,,,,
1119-KONGL,2021-11-02,Organic,2022-11-02,Premium,Monthly,,,22.99,1149.5,49,0,Rahul,India,Kerala,Male,1964-11-14,,,,
6665-EPXMS,2023-10-03,Organic,2024-10-03,Premium,Annual,,,24.99,674.73,32,0,Priya,India,Delhi,Female,1971-09-08,2025-03-14,N,70.0,1.0
6744-TSLPV,2024-12-20,Organic,2025-12-20,Premium,Annual,,,24.99,299.88,5,0,Riya,India,Tamil Nadu,Male,1977-02-18,,,,
9560-YMHPW,2022-08-25,Organic,2023-08-25,Standard,Monthly,,,15.99,639.6,65,0,Kavya,India,Delhi,Female,1996-05-24,2023-11-04,N,90.0,1.0
1414-XCTAL,2022-11-10,Paid,2023-11-10,Premium,Annual,2024-05-21,Forgot to cancel trial,22.99,413.82,76,1,Rahul,India,Haryana,Male,1992-09-07,,,,
0123-WTKLD,2021-08-06,Organic,2022-08-06,Premium,Annual,,,22.99,1218.47,74,0,Varun,India,Tamil Nadu,Female,1986-10-20,2023-08-12,N,80.0,1.0
3985-ISAJY,2024-07-07,Paid,2025-07-07,Standard,Annual,2025-07-01,Poor streaming quality,15.99,175.89,50,1,Varun,India,Odisha,Female,2004-06-01,,,,
1474-XGBEN,2020-04-10,Organic,2021-04-10,Basic,Monthly,2022-07-05,Not enough content,7.99,215.73,24,1,Rahul,India,Uttar Pradesh,Female,1983-09-10,2020-06-08,N,70.0,1.0
4980-GHELD,2023-10-15,Referral,2024-10-15,Standard,Annual,2024-03-04,Poor streaming quality,15.99,63.96,75,1,Nikhil,India,Gujarat,Male,1966-04-14,,,,
3098-NEDND,2020-04-01,Paid,2021-04-01,Standard,Annual,,,14.99,1049.3,44,0,Neha,India,West Bengal,Female,1990-09-29,2020-11-03,N,100.0,1.0
4125-TRYLB,2022-06-14,Paid,2023-06-14,Basic,Annual,2024-03-15,Switched to competitor,8.99,188.79,78,1,Aarav,India,Punjab,Female,2005-09-13,,,,
6558-APEJR,2023-02-26,Referral,2024-02-26,Basic,Annual,,,8.99,305.66,9,0,Shreya,India,Bihar,Female,1995-10-08,,,,
8373-QARXI,2021-04-09,Referral,2022-04-09,Basic,Monthly,,,7.99,455.43,64,0,Varun,India,Rajasthan,Male,1995-07-01,2025-03-17,N,90.0,1.0
0316-YHECV,2022-06-12,Paid,2023-06-12,Basic,Annual,,,7.99,343.57,75,0,Mohan,India,Madhya Pradesh,Female,1964-03-02,2025-06-28,Y,10.0,1.0
9339-YBHAQ,2024-04-05,Paid,2025-04-05,Basic,Monthly,,,7.99,167.79,97,0,Pooja,India,Gujarat,Male,1975-06-20,2025-11-21,Y,40.0,2.0
3847-JNUZN,2023-07-14,Organic,2024-07-14,Premium,Monthly,,,22.99,689.7,62,0,Rahul,India,Haryana,Male,1991-09-27,2025-09-24,Y,40.0,1.0
0711-BFXVG,2020-01-14,Referral,2021-01-14,Premium,Monthly,2021-04-02,Forgot to cancel trial,23.99,335.86,75,1,Nikhil,India,Uttar Pradesh,Female,1990-09-02,2021-01-31,Y,10.0,2.0
3413-KZGTA,2019-04-23,Referral,2020-04-23,Basic,Annual,,,6.99,566.19,31,0,Arjun,India,Karnataka,Female,1988-04-07,,,,
3514-XMYIO,2024-05-06,Paid,2025-05-06,Basic,Monthly,,,8.99,179.8,54,0,Arjun,India,Kerala,Female,1986-08-30,2025-05-05,N,70.0,1.0
2076-TYOCX,2024-07-24,Referral,2025-07-24,Premium,Monthly,,,22.99,390.83,29,0,Neha,India,Punjab,Male,1998-06-25,,,,
2536-KKAUF,2023-02-11,Paid,2024-02-11,Basic,Annual,,,6.99,244.65,63,0,Neha,India,Haryana,Male,1970-06-13,2025-03-11,Y,10.0,1.0
8463-XHFCX,2024-07-18,Paid,2025-07-18,Basic,Monthly,,,6.99,118.83,6,0,Aditi,India,Haryana,Male,1985-12-11,,,,
0955-WCKBY,2022-09-13,Referral,2023-09-13,Basic,Monthly,,,6.99,279.6,19,0,Aditi,India,Haryana,Female,1967-11-02,,,,
6114-DTMGK,2021-05-20,Organic,2022-05-20,Basic,Monthly,,,6.99,391.44,64,0,Karan,India,Kerala,Male,1982-02-15,,,,
8139-LPSMW,2022-03-20,Paid,2023-03-20,Premium,Monthly,2023-03-31,Switched to competitor,22.99,275.88,97,1,Diya,India,Karnataka,Male,1960-01-07,,,,
9919-GWRMV,2021-12-10,Organic,2022-12-10,Standard,Annual,,,15.99,783.51,55,0,Aarav,India,Rajasthan,Female,1976-03-09,2022-08-13,Y,50.0,1.0
3423-IZYPC,2021-12-19,Paid,2022-12-19,Premium,Monthly,,,22.99,1126.51,35,0,Shreya,India,Uttar Pradesh,Female,1968-11-04,2024-04-25,N,80.0,1.0
6187-QXTYS,2024-09-17,Referral,2025-09-17,Premium,Monthly,2025-08-23,Poor streaming quality,23.99,263.89,59,1,Aditi,India,Odisha,Male,1983-10-02,2025-06-09,N,70.0,1.0
5984-CADDZ,2023-06-26,Referral,2024-06-26,Standard,Annual,2024-01-22,Not enough content,15.99,111.93,71,1,Riya,India,Kerala,Male,1967-08-21,2023-07-23,N,90.0,1.0
5768-FWETI,2023-05-01,Organic,2024-05-01,Basic,Annual,,,8.99,287.68,59,0,Sakshi,India,West Bengal,Female,2004-01-02,,,,
4226-SCOUK,2022-11-11,Referral,2023-11-11,Standard,Monthly,,,14.99,569.62,73,0,Diya,India,Karnataka,Female,1993-11-13,,,,
1688-WQMUA,2022-08-26,Organic,2023-08-26,Basic,Monthly,,,6.99,279.6,32,0,Sakshi,India,Punjab,Male,1982-09-02,2025-09-01,N,60.0,2.0
5633-WLTQW,2020-03-24,Organic,2021-03-24,Standard,Monthly,,,13.99,979.3,30,0,Rahul,India,Kerala,Male,1989-11-09,,,,
2538-LXSQA,2021-05-20,Organic,2022-05-20,Basic,Annual,2023-04-18,Poor streaming quality,7.99,183.77,90,1,Kavya,India,Haryana,Male,1969-06-10,,,,
5639-PPRYK,2019-01-04,Organic,2020-01-04,Premium,Annual,,,24.99,2124.15,28,0,Aditya,India,Delhi,Female,1974-06-07,,,,
8222-RRCWI,2023-09-21,Paid,2024-09-21,Basic,Monthly,,,6.99,188.73,69,0,Sakshi,India,Uttar Pradesh,Female,1982-03-24,2025-03-29,N,70.0,2.0
1216-GNIZE,2022-12-21,Organic,2023-12-21,Premium,Annual,,,23.99,863.64,70,0,Ananya,India,Haryana,Female,1960-04-28,,,,
3903-PBVIW,2020-03-01,Organic,2021-03-01,Premium,Monthly,,,24.99,1774.29,16,0,Priya,India,Tamil Nadu,Female,1981-03-15,2024-11-01,N,70.0,1.0
2387-JZUAD,2020-02-01,Referral,2021-02-01,Premium,Annual,,,24.99,1799.28,6,0,Karan,India,Odisha,Male,2003-05-05,,,,
6662-NLFVL,2024-03-21,Paid,2025-03-21,Premium,Annual,,,23.99,503.79,49,0,Priya,India,West Bengal,Male,1993-04-14,2024-06-13,N,60.0,1.0
7308-USRRV,2024-10-17,Referral,2025-10-17,Basic,Monthly,,,8.99,125.86,18,0,Mohan,India,Bihar,Female,1973-11-14,,,,
5172-OAZLE,2023-01-01,Organic,2024-01-01,Standard,Monthly,,,13.99,503.64,2,0,Vishal,India,Odisha,Female,1974-04-03,,,,
4682-XFHHO,2019-05-02,Referral,2020-05-02,Basic,Annual,,,6.99,566.19,25,0,Ishaan,India,Haryana,Female,1960-06-16,,,,
6576-CQFDT,2021-07-16,Referral,2022-07-16,Premium,Annual,,,22.99,1241.46,30,0,Akash,India,Haryana,Male,1962-03-18,,,,
7634-JZPFK,2023-04-05,Organic,2024-04-05,Standard,Annual,,,13.99,461.67,44,0,Vishal,India,Uttar Pradesh,Male,1990-10-16,,,,
1611-EGTZC,2024-03-04,Organic,2025-03-04,Basic,Monthly,2024-09-21,Forgot to cancel trial,7.99,47.94,80,1,Rohan,India,Gujarat,Female,1968-06-26,2024-05-30,Y,60.0,2.0
0753-ITGAA,2019-03-11,Organic,2020-03-11,Basic,Annual,,,6.99,573.18,35,0,Sakshi,India,Delhi,Male,1989-11-12,2020-05-02,N,100.0,1.0
7043-DEPBH,2023-05-22,Organic,2024-05-22,Basic,Monthly,2023-09-05,Poor streaming quality,6.99,20.97,92,1,Arjun,India,Maharashtra,Male,1981-04-16,2023-05-28,Y,50.0,1.0
1550-KPRBS,2022-02-13,Organic,2023-02-13,Premium,Annual,,,24.99,1174.53,76,0,Shreya,India,Odisha,Male,1971-07-19,2022-08-23,Y,30.0,1.0
9263-VRADC,2024-06-06,Paid,2025-06-06,Standard,Monthly,,,13.99,265.81,19,0,Kavya,India,Odisha,Male,1979-03-05,,,,
4903-DRSKN,2019-08-05,Referral,2020-08-05,Premium,Annual,,,22.99,1793.22,22,0,Aditi,India,Punjab,Female,1995-08-27,2020-10-27,N,90.0,1.0
2709-DNDNV,2020-07-26,Referral,2021-07-26,Basic,Annual,,,8.99,593.34,57,0,Ishaan,India,Rajasthan,Female,1987-12-29,,,,
2231-SCUYW,2023-01-23,Organic,2024-01-23,Standard,Annual,2024-09-19,Not enough content,15.99,319.8,96,1,Shreya,India,Maharashtra,Female,1995-06-29,2024-02-22,N,80.0,1.0
9695-GUCOJ,2020-10-20,Paid,2021-10-20,Standard,Annual,2022-01-03,Too expensive,13.99,195.86,52,1,Kavya,India,Kerala,Female,1971-09-23,,,,
3115-NBIOA,2022-06-05,Referral,2023-06-05,Standard,Annual,2022-12-06,Switched to competitor,13.99,83.94,66,1,Diya,India,Maharashtra,Male,1963-07-21,2022-07-27,N,100.0,1.0
2683-WCPKD,2019-05-13,Organic,2020-05-13,Standard,Monthly,,,13.99,1119.2,29,0,Meera,India,Karnataka,Female,1992-06-28,,,,
4441-IZDWZ,2023-01-26,Paid,2024-01-26,Standard,Annual,,,13.99,489.65,28,0,Neha,India,Karnataka,Female,2004-10-06,,,,
8995-HHMAI,2024-12-02,Referral,2025-12-02,Standard,Monthly,,,13.99,181.87,37,0,Akash,India,Bihar,Female,1994-07-17,,,,
3083-GVAFH,2019-10-01,Organic,2020-10-01,Premium,Annual,,,22.99,1747.24,6,0,Pooja,India,Rajasthan,Female,1968-08-16,,,,
3221-UENUP,2024-03-02,Referral,2025-03-02,Premium,Monthly,,,24.99,549.78,26,0,Riya,India,Gujarat,Male,1989-08-02,,,,
7132-WTTDM,2020-12-05,Paid,2021-12-05,Premium,Annual,,,24.99,1524.39,29,0,Arjun,India,Odisha,Female,1965-10-30,2021-10-18,N,100.0,1.0
4487-OVELI,2021-08-02,Paid,2022-08-02,Basic,Monthly,,,6.99,370.47,35,0,Sneha,India,Tamil Nadu,Female,1969-06-26,,,,
2677-ZHAFW,2021-09-17,Organic,2022-09-17,Basic,Annual,2023-10-28,Too expensive,8.99,224.75,76,1,Karan,India,Maharashtra,Female,1969-04-19,2023-04-11,Y,50.0,3.0
9501-ZQCTT,2019-07-28,Organic,2020-07-28,Standard,Annual,,,13.99,1091.22,15,0,Vishal,India,Rajasthan,Female,1986-06-08,,,,
6387-SKRHT,2022-09-02,Paid,2023-09-02,Basic,Monthly,,,6.99,279.6,42,0,Sakshi,India,Maharashtra,Male,1998-01-24,,,,
2276-BTZAK,2019-03-16,Paid,2020-03-16,Standard,Annual,,,14.99,1229.18,46,0,Priya,India,Punjab,Male,1996-07-22,,,,
7824-CNMUU,2021-02-14,Paid,2022-02-14,Premium,Annual,,,22.99,1356.41,24,0,Diya,India,Delhi,Male,2005-09-25,,,,
8175-UGRPK,2022-05-18,Paid,2023-05-18,Premium,Annual,2022-09-18,Too expensive,24.99,99.96,18,1,Rahul,India,Tamil Nadu,Female,1999-09-21,,,,
7018-CVLIQ,2020-11-23,Referral,2021-11-23,Basic,Annual,,,7.99,495.38,86,0,Aditya,India,Punjab,Female,1997-10-17,2025-09-17,Y,60.0,1.0
2109-HEUIL,2019-12-23,Organic,2020-12-23,Standard,Annual,2021-08-07,Too expensive,13.99,265.81,77,1,Rohan,India,Odisha,Female,1968-12-14,2020-11-16,Y,30.0,1.0
2015-DMUTL,2024-03-15,Organic,2025-03-15,Standard,Annual,,,14.99,314.79,72,0,Ananya,India,Bihar,Female,1970-01-10,,,,
1734-TYRZM,2019-10-18,Organic,2020-10-18,Standard,Monthly,,,15.99,1199.25,20,0,Varun,India,Odisha,Male,1998-04-12,,,,
9922-DAKLA,2023-01-03,Referral,2024-01-03,Premium,Annual,2024-08-15,Poor streaming quality,22.99,436.81,73,1,Tanvi,India,Kerala,Male,1986-04-22,2024-02-14,Y,10.0,1.0
2586-JQJVY,2020-09-02,Paid,2021-09-02,Standard,Monthly,2022-03-29,Too expensive,13.99,265.81,90,1,Kavya,India,Karnataka,Male,1999-06-07,2021-08-25,Y,40.0,1.0
7691-ORUPI,2019-05-22,Referral,2020-05-22,Basic,Monthly,,,8.99,719.2,38,0,Diya,India,West Bengal,Male,1982-12-06,,,,
3645-YDYKA,2023-03-08,Paid,2024-03-08,Standard,Annual,2023-04-15,Switched to competitor,13.99,13.99,97,1,Ishaan,India,Madhya Pradesh,Male,2001-03-24,2023-04-02,N,80.0,1.0
2951-QGPTN,2020-03-27,Paid,2021-03-27,Standard,Annual,,,13.99,979.3,43,0,Aditya,India,Karnataka,Female,1996-02-26,,,,
9848-PIESX,2019-08-21,Paid,2020-08-21,Premium,Monthly,2020-10-21,Not enough content,23.99,335.86,82,1,Tanvi,India,Punjab,Female,1971-12-28,2020-05-16,Y,60.0,2.0
4461-YCGRP,2022-06-08,Referral,2023-06-08,Premium,Annual,,,22.99,988.57,19,0,Meera,India,Telangana,Female,2002-11-25,,,,
5125-RQDHX,2021-06-14,Paid,2022-06-14,Basic,Annual,,,6.99,384.45,52,0,Rahul,India,Gujarat,Female,1963-05-21,2022-02-11,N,90.0,1.0
1748-DIBNJ,2019-10-05,Organic,2020-10-05,Standard,Monthly,2022-01-20,Not enough content,13.99,377.73,69,1,Aarav,India,Karnataka,Female,1969-12-02,,,,
9562-WTFNM,2022-04-06,Paid,2023-04-06,Standard,Annual,,,14.99,674.55,15,0,Ishaan,India,Rajasthan,Male,1975-04-25,,,,
6794-AXOED,2021-03-21,Paid,2022-03-21,Standard,Annual,2021-05-03,Poor streaming quality,15.99,15.99,73,1,Sneha,India,Punjab,Male,1969-10-17,,,,
7315-FGFPS,2022-04-17,Paid,2023-04-17,Basic,Annual,2024-01-13,Not enough content,6.99,146.79,92,1,Diya,India,Bihar,Male,1989-02-14,,,,
8643-KUYWD,2021-01-07,Referral,2022-01-07,Basic,Annual,,,6.99,419.4,34,0,Sneha,India,Rajasthan,Male,1973-01-22,,,,
9826-SHHAS,2024-02-11,Organic,2025-02-11,Basic,Annual,,,6.99,153.78,70,0,Ishaan,India,Maharashtra,Male,1998-09-18,,,,
8310-EMDSI,2022-07-16,Referral,2023-07-16,Basic,Annual,,,6.99,293.58,52,0,Aditi,India,Bihar,Male,1997-10-06,,,,
3455-HTBHV,2024-06-02,Referral,2025-06-02,Premium,Annual,2026-09-15,Not enough content,22.99,620.73,57,1,Vishal,India,West Bengal,Male,1985-03-06,,,,
9450-TDESO,2020-08-25,Organic,2021-08-25,Basic,Monthly,2021-07-05,Switched to competitor,6.99,69.9,97,1,Kavya,India,Tamil Nadu,Female,1998-02-15,2021-07-02,N,90.0,2.0
1998-DLMWZ,2024-08-28,Organic,2025-08-28,Basic,Annual,,,6.99,111.84,62,0,Nikhil,India,West Bengal,Female,1969-05-28,2025-12-26,N,60.0,2.0
1916-CWRMF,2021-01-08,Referral,2022-01-08,Premium,Monthly,,,22.99,1379.4,27,0,Diya,India,Rajasthan,Male,1986-05-24,2023-07-28,N,60.0,1.0
5211-NPSMA,2023-11-28,Organic,2024-11-28,Standard,Annual,,,14.99,374.75,27,0,Rahul,India,Karnataka,Male,1973-12-24,,,,
3669-EMWON,2023-11-21,Referral,2024-11-21,Standard,Monthly,,,13.99,349.75,33,0,Neha,India,Karnataka,Male,1993-11-20,,,,
3690-IJELQ,2022-09-20,Referral,2023-09-20,Premium,Annual,,,22.99,896.61,8,0,Mohan,India,Punjab,Male,1996-11-02,,,,
9815-FCZGU,2024-04-10,Paid,2025-04-10,Standard,Annual,,,13.99,293.79,19,0,Ananya,India,Kerala,Female,1980-06-11,,,,
5405-QDEAV,2023-10-01,Referral,2024-10-01,Standard,Annual,,,13.99,377.73,75,0,Aditi,India,Karnataka,Female,1993-12-21,2025-04-12,Y,20.0,3.0
0264-STAXE,2022-04-08,Paid,2023-04-08,Standard,Annual,,,13.99,629.55,51,0,Meera,India,Uttar Pradesh,Male,1991-12-01,2022-06-25,N,90.0,1.0
9070-DCYBG,2024-08-11,Referral,2025-08-11,Premium,Monthly,,,22.99,367.84,47,0,Shreya,India,Telangana,Female,1978-07-18,2025-12-12,N,80.0,1.0
3809-YQXSX,2023-08-24,Paid,2024-08-24,Basic,Monthly,,,6.99,195.72,37,0,Aditi,India,Delhi,Male,1977-08-11,,,,
3817-WZBZL,2024-03-17,Paid,2025-03-17,Premium,Annual,,,22.99,482.79,53,0,Aditya,India,Odisha,Male,1980-08-01,,,,
8727-RVUKS,2022-10-07,Referral,2023-10-07,Premium,Monthly,,,22.99,896.61,49,0,Kavya,India,West Bengal,Male,1971-03-15,,,,
9758-VHZEI,2023-04-04,Referral,2024-04-04,Basic,Monthly,2024-08-02,Switched to competitor,7.99,127.84,58,1,Aditi,India,Karnataka,Male,1962-05-23,2024-05-17,N,60.0,1.0
6666-GNKIE,2019-01-05,Paid,2020-01-05,Premium,Monthly,,,24.99,2124.15,29,0,Sneha,India,Rajasthan,Female,2002-05-16,,,,
8313-GLIYR,2019-11-05,Organic,2020-11-05,Standard,Monthly,2021-09-28,Switched to competitor,14.99,344.77,56,1,Aditi,India,Odisha,Male,1986-04-09,2021-07-12,N,70.0,1.0
3331-TDRBT,2023-06-07,Paid,2024-06-07,Standard,Annual,2024-03-31,Poor streaming quality,14.99,134.91,52,1,Rohan,India,Uttar Pradesh,Female,1988-08-05,2023-09-05,N,70.0,1.0
8914-UGPWW,2019-03-11,Paid,2020-03-11,Basic,Annual,,,8.99,737.18,59,0,Aditi,India,Punjab,Female,1988-11-12,2025-03-21,N,70.0,1.0
2593-HTYBF,2019-09-07,Organic,2020-09-07,Standard,Annual,,,13.99,1063.24,6,0,Tanvi,India,West Bengal,Male,1962-12-26,,,,
2317-ZXVZX,2020-03-07,Paid,2021-03-07,Standard,Annual,,,13.99,979.3,69,0,Shreya,India,Maharashtra,Male,2005-01-29,,,,
6857-NTGFC,2023-01-10,Referral,2024-01-10,Premium,Annual,2023-08-24,Switched to competitor,23.99,167.93,79,1,Pooja,India,Bihar,Female,1964-12-17,2023-05-26,N,90.0,3.0
3079-ZNECV,2024-12-08,Organic,2025-12-08,Basic,Monthly,,,6.99,83.88,53,0,Nikhil,India,Punjab,Male,1969-09-17,2025-11-03,N,100.0,1.0
7333-IVILZ,2019-10-28,Referral,2020-10-28,Basic,Monthly,,,6.99,524.25,19,0,Kavya,India,Haryana,Male,2002-06-26,,,,
9339-AVCSV,2020-07-15,Organic,2021-07-15,Standard,Monthly,,,13.99,923.34,48,0,Ananya,India,Telangana,Female,1971-05-18,,,,
4388-TFZLY,2023-11-25,Paid,2024-11-25,Premium,Monthly,,,22.99,574.75,74,0,Vishal,India,Karnataka,Male,1967-06-24,,,,
8095-QFSKR,2021-01-06,Paid,2022-01-06,Basic,Annual,,,6.99,419.4,51,0,Aditi,India,Kerala,Male,1993-04-25,2024-05-09,N,100.0,1.0
3529-HWONS,2024-10-06,Paid,2025-10-06,Basic,Annual,,,6.99,104.85,50,0,Ananya,India,Punjab,Male,1999-01-03,,,,
3208-ZLLHQ,2020-05-18,Referral,2021-05-18,Premium,Annual,2020-12-27,Forgot to cancel trial,23.99,167.93,97,1,Varun,India,Punjab,Female,1980-12-15,,,,
5398-MHGXB,2023-11-13,Organic,2024-11-13,Standard,Annual,,,15.99,399.75,32,0,Rahul,India,Rajasthan,Female,1961-01-27,,,,
8022-KLVYW,2022-11-17,Paid,2023-11-17,Premium,Annual,,,24.99,949.62,76,0,Aarav,India,Bihar,Female,2001-09-01,,,,
8614-FQFOH,2024-11-27,Organic,2025-11-27,Premium,Annual,2026-03-12,Too expensive,22.99,344.85,74,1,Pooja,India,Uttar Pradesh,Female,1973-05-15,2025-11-20,Y,30.0,1.0
2929-DZNEY,2024-08-11,Organic,2025-08-11,Premium,Monthly,,,22.99,367.84,4,0,Sneha,India,Odisha,Female,1969-12-07,,,,
1073-SYJOU,2024-11-17,Paid,2025-11-17,Standard,Monthly,,,15.99,207.87,16,0,Neha,India,Kerala,Female,1991-10-26,,,,
9593-LQQCS,2023-01-25,Organic,2024-01-25,Basic,Annual,,,6.99,244.65,34,0,Ananya,India,Madhya Pradesh,Male,2000-08-27,,,,
5987-LJYGP,2024-07-23,Organic,2025-07-23,Premium,Annual,,,22.99,390.83,24,0,Kavya,India,Gujarat,Male,2002-07-12,,,,
7312-NGVPY,2023-09-07,Organic,2024-09-07,Premium,Monthly,2024-06-13,Switched to competitor,22.99,206.91,92,1,Pooja,India,Maharashtra,Male,1992-05-22,2023-11-09,Y,30.0,1.0
1525-YRSWG,2020-04-01,Referral,2021-04-01,Basic,Monthly,,,8.99,629.3,25,0,Aditi,India,Telangana,Female,1979-06-30,,,,
8308-JMPHK,2020-02-21,Organic,2021-02-21,Premium,Annual,,,23.99,1703.29,16,0,Aarav,India,Gujarat,Female,1997-01-09,2022-10-02,Y,40.0,1.0
2982-HGGPD,2022-04-28,Paid,2023-04-28,Basic,Monthly,,,7.99,351.56,63,0,Arjun,India,West Bengal,Male,1987-12-29,,,,
6996-BZPOZ,2019-07-21,Organic,2020-07-21,Premium,Monthly,2019-09-18,Forgot to cancel trial,22.99,22.99,90,1,Karan,India,Odisha,Female,1998-01-25,2019-09-09,Y,20.0,2.0
1184-MISFM,2020-02-08,Organic,2021-02-08,Premium,Monthly,,,23.99,1703.29,51,0,Tanvi,India,Odisha,Female,1971-08-19,,,,
1307-LNSDH,2022-01-05,Referral,2023-01-05,Standard,Annual,2023-10-21,Too expensive,14.99,314.79,81,1,Ananya,India,Rajasthan,Male,2001-03-21,2023-06-14,N,90.0,2.0
1297-EGPTY,2021-12-07,Organic,2022-12-07,Basic,Annual,2024-03-18,Too expensive,7.99,215.73,79,1,Meera,India,Gujarat,Female,1991-12-21,2023-04-06,Y,30.0,1.0
8959-QKVPO,2021-04-05,Paid,2022-04-05,Premium,Annual,2022-05-07,Forgot to cancel trial,23.99,311.87,79,1,Nikhil,India,Tamil Nadu,Female,2003-01-21,2021-07-02,Y,60.0,1.0
1875-MYBND,2021-09-15,Referral,2022-09-15,Basic,Monthly,,,8.99,467.48,41,0,Pooja,India,West Bengal,Male,2005-01-06,,,,
3545-ZNHDJ,2022-01-23,Paid,2023-01-23,Standard,Monthly,,,15.99,751.53,41,0,Diya,India,Maharashtra,Male,1961-09-09,,,,
1887-CEOMX,2024-12-26,Paid,2025-12-26,Premium,Monthly,2025-08-17,Not enough content,23.99,167.93,7,1,Akash,India,Delhi,Female,1970-05-14,2025-01-26,N,80.0,1.0
5196-YWXBC,2023-07-23,Referral,2024-07-23,Premium,Annual,,,22.99,666.71,54,0,Aditi,India,Maharashtra,Male,1963-12-29,2025-03-18,N,80.0,1.0
7615-EXBLY,2021-07-07,Organic,2022-07-07,Standard,Monthly,,,13.99,755.46,56,0,Sneha,India,Kerala,Female,1972-01-17,2022-01-12,N,80.0,1.0
9008-MGFBZ,2021-06-04,Paid,2022-06-04,Standard,Monthly,,,13.99,769.45,21,0,Rohan,India,Kerala,Female,2003-07-31,,,,
3761-NLHXE,2023-03-08,Organic,2024-03-08,Basic,Monthly,,,6.99,237.66,41,0,Aarav,India,Rajasthan,Female,1972-04-11,,,,
8756-GIPGC,2022-02-22,Referral,2023-02-22,Standard,Monthly,,,14.99,689.54,11,0,Aditya,India,Karnataka,Female,1980-12-24,,,,
9349-XAITE,2024-01-04,Organic,2025-01-04,Premium,Monthly,,,22.99,551.76,96,0,Priya,India,Telangana,Female,1998-07-14,2024-08-30,N,80.0,1.0
8580-ZIAIK,2021-01-06,Paid,2022-01-06,Standard,Monthly,2021-07-14,Not enough content,14.99,89.94,56,1,Kavya,India,Rajasthan,Female,1995-06-27,2021-02-22,Y,60.0,1.0
6411-CXSPZ,2022-12-19,Paid,2023-12-19,Premium,Annual,,,24.99,899.64,80,0,Aditya,India,Gujarat,Female,1972-01-15,2024-03-12,Y,40.0,2.0
8740-BFCRO,2023-11-10,Referral,2024-11-10,Basic,Annual,,,6.99,181.74,54,0,Ishaan,India,Gujarat,Female,1974-04-20,,,,
8572-KXOJV,2021-03-05,Referral,2022-03-05,Premium,Monthly,,,24.99,1449.42,11,0,Tanvi,India,Odisha,Male,1988-12-07,,,,
4243-YRQQY,2022-01-15,Paid,2023-01-15,Standard,Monthly,2024-06-05,Too expensive,14.99,434.71,44,1,Rohan,India,Rajasthan,Female,2002-03-08,2023-11-02,N,80.0,2.0
7964-VNMUZ,2020-01-15,Paid,2021-01-15,Basic,Monthly,,,6.99,503.28,12,0,Aditya,India,Odisha,Female,1980-10-24,,,,
3212-GCIZS,2020-07-01,Organic,2021-07-01,Premium,Monthly,,,22.99,1517.34,44,0,Arjun,India,Odisha,Female,1975-11-06,,,,
1731-LLGYH,2021-02-03,Organic,2022-02-03,Premium,Annual,2021-04-15,Poor streaming quality,24.99,49.98,78,1,Riya,India,Odisha,Male,2003-08-09,2021-04-14,Y,60.0,2.0
2513-AAWLO,2021-04-01,Organic,2022-04-01,Standard,Monthly,,,13.99,797.43,23,0,Ananya,India,Rajasthan,Female,1979-02-22,,,,
2273-KGJSE,2019-07-22,Referral,2020-07-22,Basic,Monthly,,,6.99,545.22,58,0,Tanvi,India,Tamil Nadu,Female,1980-08-02,,,,
2697-QADUE,2022-11-11,Paid,2023-11-11,Standard,Annual,,,14.99,569.62,49,0,Varun,India,Rajasthan,Female,1972-08-14,2023-01-03,N,70.0,1.0
8604-WWSRO,2023-11-25,Organic,2024-11-25,Standard,Monthly,,,15.99,399.75,3,0,Nikhil,India,Tamil Nadu,Male,2000-04-23,,,,
9672-GIUFV,2023-06-15,Referral,2024-06-15,Premium,Annual,2024-10-28,Not enough content,24.99,399.84,81,1,Shreya,India,Madhya Pradesh,Male,1975-03-20,2024-03-26,Y,40.0,1.0
1318-UMWJB,2021-11-24,Referral,2022-11-24,Standard,Monthly,,,13.99,685.51,59,0,Ishaan,India,Telangana,Female,1965-05-30,2024-08-08,N,60.0,2.0
0904-NCOPM,2024-11-10,Referral,2025-11-10,Premium,Annual,,,22.99,298.87,74,0,Neha,India,Uttar Pradesh,Female,1966-10-27,2024-12-11,Y,40.0,1.0
9027-MSJLC,2019-07-03,Referral,2020-07-03,Premium,Annual,,,22.99,1816.21,69,0,Aditi,India,West Bengal,Male,1974-08-14,2023-01-26,Y,10.0,2.0
9897-RVEYE,2024-08-13,Referral,2025-08-13,Standard,Annual,,,13.99,223.84,1,0,Ishaan,India,Madhya Pradesh,Male,1986-05-28,,,,
0322-HQOAE,2024-10-01,Organic,2025-10-01,Standard,Monthly,,,13.99,209.85,85,0,Ananya,India,West Bengal,Male,1991-07-24,2025-12-25,N,80.0,2.0
4614-GNDYI,2021-09-22,Organic,2022-09-22,Standard,Annual,,,13.99,727.48,79,0,Ananya,India,Bihar,Female,1995-04-12,2024-12-05,N,90.0,1.0
3592-TWDUN,2020-06-19,Referral,2021-06-19,Basic,Monthly,,,6.99,468.33,23,0,Tanvi,India,Telangana,Female,1999-08-09,2022-07-01,N,90.0,1.0
7842-UYBLY,2021-03-25,Referral,2022-03-25,Premium,Annual,,,23.99,1391.42,50,0,Kavya,India,Uttar Pradesh,Male,1962-06-02,,,,
1127-HYEKA,2024-11-28,Referral,2025-11-28,Premium,Annual,,,23.99,311.87,4,0,Karan,India,Uttar Pradesh,Female,1989-06-19,,,,
0872-BSLTR,2024-11-02,Referral,2025-11-02,Standard,Annual,,,15.99,223.86,22,0,Priya,India,Madhya Pradesh,Female,1964-05-16,,,,
6636-ADKHU,2022-11-17,Paid,2023-11-17,Premium,Monthly,,,22.99,873.62,21,0,Vishal,India,Kerala,Male,1977-05-06,,,,
7478-AZIXF,2019-01-11,Paid,2020-01-11,Standard,Annual,,,13.99,1175.16,66,0,Priya,India,Bihar,Female,1983-06-24,2024-08-11,Y,20.0,2.0
8225-IBEFT,2024-02-02,Organic,2025-02-02,Premium,Monthly,,,22.99,528.77,44,0,Akash,India,Telangana,Male,1982-09-21,,,,
7915-VOTEU,2024-10-09,Paid,2025-10-09,Basic,Annual,,,6.99,97.86,52,0,Rohan,India,Punjab,Male,1983-10-12,,,,
2349-FXCHM,2022-06-08,Organic,2023-06-08,Basic,Annual,,,6.99,300.57,24,0,Varun,India,Kerala,Female,1991-10-23,,,,
2827-VOSRH,2019-12-21,Paid,2020-12-21,Basic,Monthly,,,8.99,656.27,6,0,Varun,India,Tamil Nadu,Female,1966-09-12,2023-07-27,N,70.0,1.0
5721-LOWWR,2022-04-18,Organic,2023-04-18,Standard,Monthly,,,13.99,629.55,39,0,Neha,India,Bihar,Male,1983-02-18,,,,
1239-KMXVM,2019-08-13,Organic,2020-08-13,Standard,Monthly,,,13.99,1077.23,37,0,Riya,India,Karnataka,Female,1965-05-01,,,,
6758-ZXQNU,2019-11-28,Referral,2020-11-28,Premium,Annual,,,23.99,1775.26,79,0,Vishal,India,Madhya Pradesh,Female,1972-05-09,2020-12-28,Y,40.0,1.0
7397-HLFDZ,2022-09-19,Referral,2023-09-19,Premium,Annual,2024-02-16,Too expensive,23.99,407.83,97,1,Kavya,India,Karnataka,Female,1960-01-13,,,,
1818-WCOBY,2021-07-13,Referral,2022-07-13,Basic,Annual,,,6.99,377.46,16,0,Rohan,India,Kerala,Female,2005-03-15,,,,
6096-CGCXS,2022-02-04,Paid,2023-02-04,Premium,Monthly,,,22.99,1080.53,96,0,Sneha,India,Haryana,Male,1984-08-18,,,,
8806-PSLPF,2021-10-23,Paid,2022-10-23,Standard,Annual,,,13.99,713.49,13,0,Ananya,India,Delhi,Female,1964-09-14,,,,
6768-ZXPFN,2020-04-03,Paid,2021-04-03,Basic,Monthly,,,7.99,551.31,24,0,Rohan,India,Haryana,Female,1982-07-18,,,,
3116-GGWQW,2021-07-17,Paid,2022-07-17,Standard,Monthly,2023-03-01,Too expensive,14.99,284.81,75,1,Meera,India,Kerala,Male,1977-09-20,2021-09-26,N,70.0,1.0
7630-RWPSB,2024-09-14,Organic,2025-09-14,Standard,Monthly,,,14.99,224.85,31,0,Mohan,India,Telangana,Male,2002-08-03,2025-05-19,N,90.0,1.0
7435-JVOWH,2024-02-02,Paid,2025-02-02,Standard,Monthly,,,14.99,344.77,42,0,Neha,India,Gujarat,Male,1998-02-17,,,,
8423-BCQKJ,2022-04-24,Paid,2023-04-24,Basic,Annual,,,8.99,395.56,2,0,Karan,India,Madhya Pradesh,Male,1962-01-26,,,,
4307-SWDXY,2023-07-07,Referral,2024-07-07,Basic,Monthly,2024-08-26,Forgot to cancel trial,6.99,90.87,69,1,Priya,India,Maharashtra,Male,1973-04-20,2024-03-17,Y,20.0,1.0
2008-ATCCD,2020-06-09,Referral,2021-06-09,Basic,Annual,,,6.99,468.33,98,0,Neha,India,Rajasthan,Male,2000-03-08,2023-01-03,Y,30.0,2.0
9531-EBJNB,2019-07-26,Paid,2020-07-26,Standard,Annual,,,13.99,1091.22,48,0,Akash,India,Tamil Nadu,Female,1972-11-22,,,,
3243-QNGGL,2020-05-09,Organic,2021-05-09,Basic,Annual,,,8.99,611.32,44,0,Arjun,India,Karnataka,Male,1987-09-11,,,,
9376-WKVNM,2020-04-03,Referral,2021-04-03,Premium,Annual,2020-10-16,Forgot to cancel trial,23.99,143.94,65,1,Pooja,India,Telangana,Male,2001-04-09,,,,
4438-MIFSO,2020-09-15,Paid,2021-09-15,Standard,Monthly,,,15.99,1023.36,11,0,Tanvi,India,Haryana,Female,2001-10-01,,,,
3683-FRFQQ,2020-08-10,Referral,2021-08-10,Premium,Annual,,,22.99,1494.35,51,0,Vishal,India,Haryana,Female,1998-03-09,,,,
4301-ZBNZJ,2022-01-19,Referral,2023-01-19,Standard,Monthly,,,13.99,671.52,71,0,Priya,India,Rajasthan,Female,1982-07-02,,,,
7391-KOVPC,2022-03-22,Paid,2023-03-22,Standard,Monthly,2022-10-17,Not enough content,13.99,83.94,51,1,Ishaan,India,Haryana,Male,1982-11-29,2022-09-11,N,60.0,2.0
3656-GWVCY,2024-11-19,Organic,2025-11-19,Standard,Monthly,2026-06-01,Too expensive,14.99,269.82,84,1,Nikhil,India,Telangana,Male,1999-04-22,,,,
1945-SNKFG,2024-01-25,Organic,2025-01-25,Premium,Annual,,,23.99,551.77,63,0,Nikhil,India,Telangana,Male,1968-02-09,2024-04-19,N,90.0,1.0
1742-WBKTP,2020-04-21,Referral,2021-04-21,Basic,Annual,,,6.99,482.31,7,0,Aarav,India,Gujarat,Female,1979-07-02,,,,
2636-RUFJX,2020-08-13,Referral,2021-08-13,Standard,Monthly,,,14.99,974.35,58,0,Aditi,India,Kerala,Female,1997-04-09,,,,
0284-EPZFG,2023-01-20,Paid,2024-01-20,Standard,Annual,2025-01-29,Poor streaming quality,13.99,335.76,61,1,Aditya,India,Bihar,Male,1973-04-24,2023-02-24,Y,60.0,1.0
9487-XKIVC,2023-08-21,Referral,2024-08-21,Basic,Monthly,2025-05-25,Not enough content,6.99,146.79,84,1,Sneha,India,Madhya Pradesh,Female,1991-02-23,2024-02-19,Y,50.0,1.0
9848-WIUAA,2023-12-04,Paid,2024-12-04,Standard,Monthly,2024-12-16,Forgot to cancel trial,13.99,167.88,53,1,Tanvi,India,Tamil Nadu,Female,1979-07-31,2024-11-17,Y,30.0,1.0
9315-JRRND,2023-02-26,Paid,2024-02-26,Basic,Annual,,,6.99,237.66,25,0,Ishaan,India,Telangana,Male,1986-01-12,2023-06-16,N,60.0,1.0
8795-WRNDF,2023-01-18,Paid,2024-01-18,Basic,Monthly,2025-03-11,Not enough content,7.99,207.74,60,1,Rohan,India,Haryana,Male,1986-10-28,,,,
8851-JCMJE,2022-11-24,Paid,2023-11-24,Premium,Monthly,,,24.99,924.63,58,0,Riya,India,West Bengal,Female,1984-05-17,2025-03-26,N,60.0,1.0
1748-GCUFF,2022-08-14,Organic,2023-08-14,Premium,Monthly,,,22.99,942.59,25,0,Varun,India,Tamil Nadu,Male,1987-11-09,,,,
2151-HWKDA,2020-12-26,Referral,2021-12-26,Basic,Monthly,2021-11-03,Switched to competitor,8.99,89.9,45,1,Mohan,India,Delhi,Female,1960-09-19,,,,
1922-UWHLW,2024-01-15,Organic,2025-01-15,Premium,Monthly,,,22.99,528.77,3,0,Sakshi,India,Uttar Pradesh,Female,1977-10-11,,,,
0165-PPRJV,2024-01-28,Paid,2025-01-28,Basic,Monthly,,,7.99,183.77,16,0,Sneha,India,Bihar,Male,1990-06-10,2024-03-06,N,70.0,1.0
6670-FGLSX,2024-04-09,Referral,2025-04-09,Premium,Monthly,,,22.99,482.79,64,0,Vishal,India,Punjab,Male,1973-01-30,2024-04-20,Y,20.0,1.0
6996-IAXCL,2021-10-16,Organic,2022-10-16,Premium,Annual,,,22.99,1172.49,82,0,Arjun,India,Haryana,Male,2004-04-29,2023-08-17,Y,20.0,1.0
8771-EKGUY,2021-05-14,Organic,2022-05-14,Standard,Annual,,,13.99,783.44,74,0,Sneha,India,Punjab,Female,1970-05-03,2024-04-25,N,60.0,1.0
3929-DBBGZ,2019-03-05,Organic,2020-03-05,Standard,Monthly,2020-12-19,Poor streaming quality,13.99,293.79,85,1,Neha,India,Madhya Pradesh,Male,1993-07-11,2019-05-15,N,70.0,1.0
4507-DAVDX,2023-03-03,Paid,2024-03-03,Premium,Annual,,,23.99,815.66,41,0,Aarav,India,Rajasthan,Male,1990-05-27,,,,
2617-EXRVH,2022-05-02,Organic,2023-05-02,Basic,Annual,,,6.99,307.56,20,0,Vishal,India,Gujarat,Female,2000-10-07,,,,
5926-FNTPE,2022-06-15,Organic,2023-06-15,Standard,Annual,,,15.99,687.57,78,0,Ananya,India,Maharashtra,Male,1976-04-04,,,,
0216-XJQNN,2021-01-04,Organic,2022-01-04,Premium,Monthly,,,24.99,1499.4,31,0,Neha,India,Kerala,Male,1966-08-15,,,,
1436-VHEPG,2022-07-14,Referral,2023-07-14,Standard,Monthly,2023-12-09,Poor streaming quality,13.99,237.83,82,1,Neha,India,Odisha,Male,2005-01-09,2023-07-16,Y,30.0,1.0
7739-VFZVS,2023-05-02,Referral,2024-05-02,Premium,Monthly,,,23.99,767.68,38,0,Varun,India,Maharashtra,Female,1960-01-02,,,,
3302-KSDER,2022-06-06,Paid,2023-06-06,Standard,Monthly,,,13.99,601.57,42,0,Diya,India,Haryana,Male,1960-06-05,2025-02-23,Y,60.0,1.0
9381-IYDEA,2020-03-07,Paid,2021-03-07,Premium,Annual,,,22.99,1609.3,22,0,Aditi,India,Kerala,Male,1982-11-07,,,,
0719-KITBN,2023-12-02,Paid,2024-12-02,Premium,Annual,,,22.99,574.75,52,0,Vishal,India,Maharashtra,Male,1986-07-11,2024-01-04,Y,50.0,1.0
6033-UREQZ,2022-02-25,Paid,2023-02-25,Standard,Annual,,,13.99,643.54,37,0,Varun,India,Punjab,Female,1969-05-27,2023-02-28,Y,10.0,1.0
1161-BFHCO,2020-02-01,Paid,2021-02-01,Premium,Monthly,,,23.99,1727.28,65,0,Shreya,India,Maharashtra,Female,1975-12-06,2022-02-02,N,80.0,1.0
3368-LHCXA,2020-12-03,Organic,2021-12-03,Premium,Monthly,,,23.99,1463.39,88,0,Pooja,India,Delhi,Female,1972-05-17,2023-05-06,N,100.0,2.0
0690-ZMQIF,2021-09-05,Paid,2022-09-05,Basic,Annual,,,8.99,467.48,46,0,Aarav,India,Uttar Pradesh,Male,1960-10-29,,,,
1709-ELRLV,2019-04-01,Referral,2020-04-01,Standard,Monthly,2019-05-01,Switched to competitor,13.99,13.99,98,1,Sakshi,India,Haryana,Female,1990-12-19,2019-04-24,Y,20.0,3.0
6825-APMYX,2022-08-02,Organic,2023-08-02,Premium,Annual,,,24.99,1024.59,62,0,Meera,India,Uttar Pradesh,Male,1961-06-11,2025-07-24,Y,10.0,1.0
7761-JIVUX,2023-08-11,Organic,2024-08-11,Basic,Monthly,,,6.99,202.71,42,0,Kavya,India,Gujarat,Male,1985-05-01,,,,
4377-EEDYT,2019-02-26,Paid,2020-02-26,Premium,Annual,,,22.99,1908.17,18,0,Vishal,India,Punjab,Female,1981-05-04,,,,
0234-MTFTZ,2024-01-28,Referral,2025-01-28,Standard,Monthly,2025-04-16,Poor streaming quality,14.99,209.86,73,1,Riya,India,Rajasthan,Male,1987-12-30,2025-04-02,N,100.0,2.0
2390-RMQZO,2023-04-15,Referral,2024-04-15,Basic,Monthly,,,6.99,230.67,55,0,Varun,India,Rajasthan,Female,1973-01-28,,,,
1746-GBOTX,2021-01-08,Referral,2022-01-08,Basic,Annual,,,6.99,419.4,8,0,Ishaan,India,Rajasthan,Female,1989-09-15,,,,
9670-XKUUY,2024-08-24,Organic,2025-08-24,Standard,Annual,2024-11-20,Switched to competitor,15.99,31.98,75,1,Ananya,India,Maharashtra,Female,2005-11-26,2024-09-30,Y,30.0,1.0
8879-SIICP,2019-02-26,Organic,2020-02-26,Standard,Monthly,,,15.99,1327.17,13,0,Sakshi,India,Punjab,Female,1977-07-16,2024-05-10,N,60.0,1.0
7670-QMYCV,2021-11-17,Paid,2022-11-17,Premium,Monthly,,,23.99,1199.5,35,0,Ananya,India,Uttar Pradesh,Female,1987-01-02,,,,
7618-USCPM,2024-07-03,Paid,2025-07-03,Standard,Monthly,,,13.99,251.82,10,0,Meera,India,Tamil Nadu,Female,1994-11-03,,,,
4211-XSSGO,2023-12-13,Organic,2024-12-13,Standard,Monthly,2026-05-25,Forgot to cancel trial,15.99,463.71,57,1,Meera,India,Haryana,Female,1991-01-11,2025-03-25,N,90.0,1.0
7071-WUJYC,2019-12-23,Organic,2020-12-23,Basic,Monthly,2020-09-19,Not enough content,6.99,62.91,99,1,Rahul,India,Madhya Pradesh,Female,1986-08-13,2020-07-16,N,60.0,3.0
1146-BSOPU,2022-08-26,Organic,2023-08-26,Basic,Monthly,2024-03-01,Poor streaming quality,6.99,125.82,84,1,Varun,India,Madhya Pradesh,Female,1980-02-05,2022-10-23,Y,30.0,1.0
7191-KIJNJ,2019-02-05,Organic,2020-02-05,Basic,Monthly,2020-04-22,Forgot to cancel trial,8.99,125.86,80,1,Varun,India,Bihar,Female,1997-12-22,2020-02-10,Y,30.0,2.0
7500-MNZBA,2023-08-21,Referral,2024-08-21,Standard,Annual,,,13.99,391.72,9,0,Aditi,India,West Bengal,Male,1963-07-13,,,,
1201-YUZEH,2021-12-20,Paid,2022-12-20,Standard,Annual,2023-10-03,Switched to competitor,13.99,293.79,79,1,Diya,India,West Bengal,Female,1965-05-08,2023-07-30,Y,30.0,2.0
8607-QVAGJ,2022-10-26,Referral,2023-10-26,Premium,Monthly,,,24.99,949.62,25,0,Rohan,India,Uttar Pradesh,Female,1962-03-02,,,,
0608-GCHBD,2024-06-18,Referral,2025-06-18,Standard,Annual,,,13.99,251.82,32,0,Akash,India,Bihar,Female,1975-05-19,,,,
9401-QLCCJ,2024-05-05,Paid,2025-05-05,Basic,Annual,,,6.99,139.8,96,0,Ananya,India,Maharashtra,Female,1998-03-19,2025-12-19,N,80.0,2.0
0991-ILZYB,2022-03-17,Organic,2023-03-17,Standard,Monthly,,,15.99,735.54,63,0,Ananya,India,West Bengal,Female,1968-02-18,,,,
2881-TIDYG,2019-12-02,Paid,2020-12-02,Basic,Annual,,,7.99,591.26,33,0,Rahul,India,West Bengal,Female,1979-12-02,2021-11-16,N,70.0,1.0
0433-ZOXJA,2022-12-20,Paid,2023-12-20,Standard,Monthly,,,13.99,503.64,41,0,Neha,India,Karnataka,Female,1993-01-04,,,,
5739-KKBSF,2023-08-22,Paid,2024-08-22,Basic,Monthly,,,8.99,251.72,15,0,Nikhil,India,Odisha,Female,1976-06-12,,,,
2386-CTLLZ,2024-08-12,Paid,2025-08-12,Premium,Monthly,,,22.99,367.84,16,0,Sneha,India,Haryana,Male,1982-12-01,2025-12-07,N,80.0,1.0
2312-EDJOQ,2024-08-14,Organic,2025-08-14,Premium,Annual,,,22.99,367.84,48,0,Sneha,India,Tamil Nadu,Male,1973-03-08,,,,
0835-VHXYU,2022-05-18,Paid,2023-05-18,Standard,Monthly,,,13.99,615.56,32,0,Sneha,India,Rajasthan,Male,1964-12-18,,,,
2979-MGHJU,2019-03-07,Paid,2020-03-07,Standard,Monthly,,,14.99,1244.17,23,0,Ananya,India,Punjab,Female,2002-05-10,,,,
0421-MBMYW,2024-06-14,Referral,2025-06-14,Standard,Monthly,,,14.99,269.82,65,0,Aditi,India,Gujarat,Female,2005-07-30,,,,
8216-WONBE,2023-10-10,Referral,2024-10-10,Standard,Monthly,2024-07-17,Poor streaming quality,13.99,125.91,81,1,Sneha,India,Delhi,Male,1996-01-12,,,,
5795-CBZTO,2021-01-07,Paid,2022-01-07,Standard,Annual,,,14.99,899.4,30,0,Sakshi,India,Odisha,Female,1962-09-19,,,,
5436-OORLS,2024-12-20,Referral,2025-12-20,Basic,Monthly,,,8.99,107.88,44,0,Sneha,India,Gujarat,Male,1974-12-13,,,,
1666-LTSBI,2020-03-19,Referral,2021-03-19,Basic,Monthly,2020-10-20,Poor streaming quality,6.99,48.93,94,1,Shreya,India,Odisha,Male,1961-04-16,2020-05-01,Y,10.0,2.0
2230-LQZAT,2021-09-13,Organic,2022-09-13,Standard,Monthly,,,13.99,727.48,73,0,Rohan,India,Maharashtra,Female,1988-09-05,2024-11-19,Y,30.0,1.0
4267-WUVLV,2020-05-19,Referral,2021-05-19,Basic,Monthly,,,8.99,611.32,47,0,Aditya,India,Haryana,Male,1971-01-06,,,,
2978-TCQIR,2021-09-03,Organic,2022-09-03,Standard,Monthly,,,13.99,727.48,98,0,Arjun,India,Delhi,Male,2002-12-20,2025-11-02,Y,50.0,2.0
7722-DDGOW,2024-12-07,Referral,2025-12-07,Standard,Monthly,,,15.99,191.88,63,0,Meera,India,Bihar,Female,1963-07-12,,,,
8620-LUKPZ,2024-06-27,Referral,2025-06-27,Premium,Annual,,,22.99,413.82,46,0,Pooja,India,Telangana,Male,1978-09-28,,,,
7947-MNDCO,2022-08-02,Organic,2023-08-02,Basic,Monthly,,,7.99,327.59,23,0,Varun,India,Delhi,Female,2003-03-17,,,,
9816-JVRDP,2022-02-20,Referral,2023-02-20,Standard,Annual,,,13.99,657.53,75,0,Ananya,India,Punjab,Female,1962-09-18,2023-08-18,Y,40.0,2.0
6458-MGMPW,2021-05-19,Referral,2022-05-19,Premium,Monthly,,,23.99,1343.44,32,0,Ishaan,India,Bihar,Female,1992-03-21,,,,
3757-KPOOX,2019-07-01,Paid,2020-07-01,Premium,Annual,,,22.99,1816.21,63,0,Aditya,India,Telangana,Female,1970-08-10,2020-05-29,N,90.0,1.0
3692-EQUFN,2023-10-28,Paid,2024-10-28,Basic,Annual,,,6.99,181.74,1,0,Diya,India,Delhi,Female,1975-01-29,,,,
2334-UNJVK,2022-11-27,Referral,2023-11-27,Standard,Monthly,,,15.99,591.63,51,0,Pooja,India,Tamil Nadu,Female,1996-10-02,,,,
3923-IZBIQ,2024-11-17,Organic,2025-11-17,Basic,Monthly,,,6.99,90.87,13,0,Karan,India,Delhi,Female,2003-06-16,,,,
5375-JZVDO,2024-12-26,Paid,2025-12-26,Basic,Monthly,2025-10-23,Poor streaming quality,6.99,69.9,59,1,Kavya,India,Haryana,Female,1994-04-04,,,,
7460-ASJAE,2019-09-18,Organic,2020-09-18,Premium,Monthly,2021-05-22,Forgot to cancel trial,22.99,459.8,82,1,Sneha,India,Telangana,Female,1970-04-06,,,,
6269-MUPWF,2023-09-18,Organic,2024-09-18,Basic,Monthly,,,8.99,242.73,69,0,Arjun,India,Tamil Nadu,Male,1983-08-22,2025-09-16,N,100.0,1.0
3438-GBSCK,2022-09-23,Paid,2023-09-23,Standard,Monthly,,,15.99,623.61,5,0,Karan,India,Telangana,Male,1989-04-06,2023-09-27,N,100.0,1.0
6623-BIVRM,2019-08-06,Referral,2020-08-06,Premium,Monthly,2020-11-14,Poor streaming quality,22.99,344.85,67,1,Pooja,India,Punjab,Female,1962-07-11,,,,
7349-NMFNL,2019-12-16,Organic,2020-12-16,Standard,Monthly,,,15.99,1167.27,28,0,Mohan,India,Kerala,Female,1987-07-17,,,,
3295-BBGIQ,2021-09-23,Paid,2022-09-23,Premium,Annual,2021-12-28,Too expensive,22.99,68.97,83,1,Aarav,India,Delhi,Female,1968-02-19,,,,
4191-YHCEM,2024-10-28,Referral,2025-10-28,Basic,Annual,,,6.99,97.86,57,0,Rahul,India,Delhi,Male,1992-07-17,2025-10-18,Y,60.0,1.0
9034-ZIRTL,2021-04-28,Paid,2022-04-28,Standard,Annual,2022-09-14,Forgot to cancel trial,13.99,223.84,60,1,Aditya,India,Rajasthan,Male,1978-03-19,2021-09-18,Y,40.0,1.0
6641-FASXW,2022-06-15,Paid,2023-06-15,Basic,Monthly,2024-04-20,Too expensive,7.99,175.78,44,1,Neha,India,Haryana,Male,1994-06-03,,,,
0895-KZCKU,2021-12-17,Referral,2022-12-17,Premium,Annual,,,22.99,1126.51,16,0,Meera,India,Odisha,Female,1991-09-07,,,,
7665-WOIUT,2020-04-17,Organic,2021-04-17,Standard,Annual,2021-12-29,Not enough content,13.99,279.8,77,1,Pooja,India,Haryana,Female,1975-02-04,2021-10-08,N,70.0,3.0
4665-HZRCI,2019-08-17,Organic,2020-08-17,Standard,Annual,,,14.99,1154.23,98,0,Diya,India,Rajasthan,Male,2005-11-25,,,,
8915-BHKRS,2023-06-15,Organic,2024-06-15,Standard,Monthly,,,13.99,433.69,7,0,Rahul,India,Maharashtra,Female,1960-05-27,2023-06-18,N,60.0,1.0
5011-NXGOX,2024-03-26,Organic,2025-03-26,Standard,Monthly,,,14.99,314.79,51,0,Nikhil,India,Punjab,Male,1991-08-30,,,,
3108-RQGOE,2024-06-11,Referral,2025-06-11,Premium,Annual,,,23.99,431.82,20,0,Tanvi,India,Bihar,Female,1975-06-23,2025-12-29,Y,50.0,1.0
6148-HTASC,2022-10-11,Referral,2023-10-11,Premium,Annual,,,22.99,896.61,6,0,Aarav,India,Delhi,Male,1987-12-11,,,,
9743-MSVVZ,2022-12-01,Referral,2023-12-01,Premium,Monthly,2024-09-19,Poor streaming quality,22.99,482.79,66,1,Karan,India,Delhi,Male,1967-08-18,,,,
8614-CMPCZ,2023-11-09,Paid,2024-11-09,Premium,Monthly,2025-12-20,Not enough content,24.99,624.75,15,1,Kavya,India,Karnataka,Female,1997-12-03,2025-03-31,N,60.0,1.0
3713-VRZND,2024-08-24,Organic,2025-08-24,Basic,Monthly,2025-06-22,Poor streaming quality,7.99,79.9,34,1,Mohan,India,Telangana,Female,1981-01-28,,,,
7944-ADXKG,2019-05-26,Paid,2020-05-26,Basic,Monthly,2019-09-16,Not enough content,7.99,23.97,91,1,Meera,India,Telangana,Female,1968-12-25,2019-08-30,N,80.0,2.0
7010-YACES,2023-02-05,Organic,2024-02-05,Standard,Annual,,,14.99,524.65,19,0,Sakshi,India,Maharashtra,Female,1988-09-04,,,,
1813-SWUPF,2022-04-13,Organic,2023-04-13,Premium,Monthly,,,22.99,1034.55,66,0,Nikhil,India,West Bengal,Female,1975-09-14,2023-01-08,Y,20.0,1.0
3163-AVIIF,2019-03-24,Organic,2020-03-24,Standard,Monthly,,,13.99,1147.18,93,0,Karan,India,Delhi,Male,1988-10-20,2024-10-09,Y,40.0,1.0
7721-KFVSJ,2023-03-23,Organic,2024-03-23,Premium,Monthly,2023-12-23,Forgot to cancel trial,23.99,215.91,85,1,Priya,India,Kerala,Female,1995-12-30,2023-12-20,N,60.0,2.0
4553-EBKTC,2019-04-20,Referral,2020-04-20,Premium,Monthly,,,22.99,1862.19,68,0,Aditi,India,Gujarat,Female,1995-06-17,,,,
0151-EZOWZ,2019-08-18,Referral,2020-08-18,Standard,Monthly,2021-06-28,Forgot to cancel trial,15.99,351.78,76,1,Kavya,India,Madhya Pradesh,Male,1981-05-17,,,,
2747-ANFTQ,2022-07-20,Referral,2023-07-20,Basic,Annual,,,6.99,293.58,47,0,Rohan,India,Punjab,Male,1973-02-02,,,,
4614-BIVIH,2023-03-22,Paid,2024-03-22,Basic,Monthly,2024-03-23,Forgot to cancel trial,7.99,95.88,75,1,Kavya,India,Punjab,Female,1998-08-28,,,,
0756-MCWPB,2019-10-04,Referral,2020-10-04,Standard,Annual,,,15.99,1215.24,22,0,Akash,India,Bihar,Female,2004-06-30,2019-10-29,Y,10.0,1.0
2877-BTFXB,2022-01-01,Referral,2023-01-01,Standard,Monthly,2022-07-13,Poor streaming quality,14.99,89.94,30,1,Priya,India,Uttar Pradesh,Male,1975-09-23,,,,
7261-JSKFB,2020-01-01,Referral,2021-01-01,Premium,Monthly,,,23.99,1751.27,16,0,Pooja,India,Maharashtra,Male,1998-10-28,,,,
9747-LOBEP,2021-01-10,Organic,2022-01-10,Standard,Monthly,2022-06-14,Too expensive,14.99,254.83,40,1,Aditi,India,Gujarat,Male,2005-04-27,,,,
0585-PEMCQ,2020-08-25,Paid,2021-08-25,Standard,Annual,,,13.99,909.35,60,0,Sneha,India,Odisha,Male,1988-02-05,2025-10-12,Y,10.0,2.0
5397-UWEQI,2024-01-24,Referral,2025-01-24,Basic,Annual,,,8.99,206.77,28,0,Sneha,India,West Bengal,Female,1993-03-11,,,,
3660-ERFMT,2024-01-04,Paid,2025-01-04,Standard,Monthly,,,13.99,335.76,1,0,Ananya,India,Gujarat,Female,1971-07-20,,,,
8940-PNKFZ,2021-12-28,Organic,2022-12-28,Basic,Monthly,,,7.99,383.52,7,0,Priya,India,West Bengal,Female,1982-08-06,,,,
9477-SVPGC,2024-07-26,Organic,2025-07-26,Standard,Annual,,,13.99,237.83,44,0,Rohan,India,Gujarat,Male,1979-05-24,2024-12-10,N,70.0,1.0
5142-UNNPD,2022-05-22,Paid,2023-05-22,Premium,Monthly,,,22.99,988.57,65,0,Neha,India,West Bengal,Male,2001-08-26,2023-05-06,N,100.0,1.0
5052-XBWJJ,2022-05-03,Referral,2023-05-03,Standard,Annual,,,13.99,615.56,18,0,Arjun,India,Haryana,Male,1996-03-20,,,,
4712-SAPKU,2019-12-04,Paid,2020-12-04,Premium,Annual,2022-04-29,Too expensive,24.99,724.71,78,1,Akash,India,Karnataka,Female,1982-09-05,,,,
7055-CCPAC,2021-01-06,Organic,2022-01-06,Standard,Monthly,2021-05-17,Too expensive,13.99,55.96,65,1,Vishal,India,Madhya Pradesh,Female,1975-02-01,2021-03-26,Y,20.0,2.0
6956-ZOSZM,2023-11-26,Referral,2024-11-26,Premium,Monthly,,,22.99,574.75,28,0,Nikhil,India,Uttar Pradesh,Female,1975-01-14,,,,
7802-IOCIF,2023-06-11,Paid,2024-06-11,Basic,Monthly,,,7.99,247.69,40,0,Priya,India,Rajasthan,Male,1964-05-15,,,,
0430-QFYUL,2021-03-03,Referral,2022-03-03,Premium,Annual,2022-07-25,Forgot to cancel trial,22.99,367.84,87,1,Neha,India,Kerala,Female,1962-12-27,2022-02-18,Y,40.0,2.0
0757-FIZJK,2021-11-22,Referral,2022-11-22,Basic,Monthly,,,7.99,399.5,32,0,Ishaan,India,Madhya Pradesh,Male,1997-11-03,,,,
9716-FWFFS,2020-12-22,Paid,2021-12-22,Basic,Annual,,,6.99,426.39,12,0,Aarav,India,Bihar,Female,1978-03-17,,,,
1087-UWSVW,2020-09-08,Referral,2021-09-08,Premium,Monthly,,,24.99,1599.36,42,0,Mohan,India,Tamil Nadu,Female,1982-08-13,,,,
2293-OSEGO,2021-02-08,Organic,2022-02-08,Basic,Monthly,2022-05-30,Poor streaming quality,6.99,104.85,87,1,Mohan,India,Madhya Pradesh,Male,1975-02-27,,,,
8641-QTXKB,2022-12-11,Paid,2023-12-11,Basic,Annual,,,6.99,258.63,29,0,Neha,India,Uttar Pradesh,Female,1963-02-27,,,,
0945-KHPVI,2021-06-07,Organic,2022-06-07,Standard,Monthly,,,13.99,769.45,17,0,Kavya,India,Odisha,Male,2003-05-06,,,,
9702-QCFBZ,2020-04-10,Paid,2021-04-10,Standard,Annual,2022-01-30,Forgot to cancel trial,13.99,307.78,78,1,Neha,India,Kerala,Male,1979-11-04,,,,
7606-NJQEI,2021-01-05,Organic,2022-01-05,Premium,Monthly,,,24.99,1499.4,43,0,Karan,India,Delhi,Male,1988-01-12,2022-12-07,Y,20.0,1.0
6844-ANUQW,2019-10-09,Paid,2020-10-09,Standard,Monthly,2021-08-30,Too expensive,15.99,367.77,89,1,Vishal,India,Punjab,Female,1970-08-22,2019-10-13,Y,10.0,1.0
8104-MBOQZ,2020-05-09,Referral,2021-05-09,Basic,Annual,2020-11-19,Switched to competitor,8.99,53.94,84,1,Rahul,India,Gujarat,Female,2002-10-26,2020-08-31,Y,30.0,1.0
4211-NWJPU,2022-12-26,Referral,2023-12-26,Premium,Annual,2024-09-18,Forgot to cancel trial,22.99,482.79,90,1,Aditya,India,West Bengal,Female,1973-05-13,2024-07-11,N,80.0,1.0
6114-CCQAT,2024-04-06,Organic,2025-04-06,Standard,Annual,,,13.99,293.79,73,0,Priya,India,Madhya Pradesh,Male,1969-11-15,,,,
6651-YJOIU,2021-09-23,Organic,2022-09-23,Basic,Monthly,,,7.99,415.48,22,0,Aditi,India,Delhi,Female,1977-09-06,,,,
5930-ZGPUD,2019-02-23,Organic,2020-02-23,Standard,Monthly,,,15.99,1327.17,17,0,Tanvi,India,Rajasthan,Female,1994-03-05,2021-10-27,N,100.0,1.0
9582-QQISP,2023-09-19,Organic,2024-09-19,Premium,Annual,,,22.99,620.73,31,0,Mohan,India,West Bengal,Female,2000-10-27,,,,
8695-UKVYS,2023-01-23,Paid,2024-01-23,Premium,Monthly,,,22.99,804.65,95,0,Ananya,India,Gujarat,Female,1967-06-21,2025-07-28,N,70.0,2.0
7285-TADQZ,2020-08-14,Paid,2021-08-14,Basic,Monthly,,,6.99,454.35,20,0,Shreya,India,Madhya Pradesh,Male,1993-04-12,,,,
5514-AELYJ,2020-06-08,Referral,2021-06-08,Basic,Annual,2021-12-01,Switched to competitor,8.99,161.82,96,1,Sneha,India,Odisha,Female,1982-08-12,2021-01-09,Y,30.0,1.0
0867-WHXNP,2024-02-20,Referral,2025-02-20,Standard,Annual,,,13.99,307.78,18,0,Kavya,India,Maharashtra,Female,1965-12-29,2024-04-08,N,70.0,1.0
0590-HHLQG,2022-10-26,Paid,2023-10-26,Premium,Monthly,,,24.99,949.62,18,0,Nikhil,India,Haryana,Male,1965-04-15,,,,
0656-NOYGM,2022-05-11,Organic,2023-05-11,Standard,Monthly,,,13.99,615.56,23,0,Vishal,India,Gujarat,Male,1960-07-30,2024-04-11,N,60.0,1.0
5310-IUKDZ,2019-01-18,Referral,2020-01-18,Basic,Monthly,,,7.99,671.16,33,0,Neha,India,Delhi,Male,1988-10-08,,,,
5627-FSTYM,2023-09-14,Paid,2024-09-14,Basic,Annual,,,6.99,188.73,5,0,Mohan,India,Gujarat,Female,1994-03-08,,,,
2034-IOOAR,2024-06-11,Paid,2025-06-11,Premium,Monthly,2024-10-19,Too expensive,24.99,99.96,66,1,Kavya,India,West Bengal,Female,1990-05-31,,,,
7563-CRNNJ,2023-05-14,Organic,2024-05-14,Standard,Annual,,,15.99,511.68,22,0,Arjun,India,West Bengal,Female,2003-10-12,,,,
6717-EORXR,2020-02-03,Paid,2021-02-03,Basic,Monthly,,,6.99,496.29,1,0,Rohan,India,Telangana,Female,1981-07-13,,,,
2440-EPDJA,2023-04-13,Referral,2024-04-13,Standard,Annual,,,15.99,527.67,11,0,Diya,India,Haryana,Male,1980-09-24,2025-04-04,N,60.0,2.0
7413-KVULX,2019-11-07,Referral,2020-11-07,Basic,Annual,2020-11-24,Switched to competitor,8.99,107.88,86,1,Meera,India,Rajasthan,Male,1977-07-29,,,,
5502-CWKDD,2023-09-16,Referral,2024-09-16,Premium,Annual,,,23.99,647.73,14,0,Rohan,India,Kerala,Female,1992-12-24,2025-11-15,N,100.0,2.0
4823-USFKN,2021-04-10,Organic,2022-04-10,Standard,Monthly,,,13.99,797.43,4,0,Arjun,India,Madhya Pradesh,Female,1996-03-31,,,,
7325-YAVTA,2021-09-03,Organic,2022-09-03,Basic,Monthly,,,7.99,415.48,38,0,Tanvi,India,Karnataka,Female,1970-04-14,,,,
2405-JZWTH,2019-03-23,Organic,2020-03-23,Premium,Annual,,,23.99,1967.18,40,0,Akash,India,Delhi,Male,1985-01-05,,,,
1537-QRELS,2024-06-20,Referral,2025-06-20,Standard,Monthly,,,13.99,251.82,19,0,Sneha,India,Karnataka,Female,1964-06-01,,,,
1849-UGNQH,2023-01-01,Referral,2024-01-01,Premium,Monthly,2023-09-02,Poor streaming quality,22.99,183.92,88,1,Ananya,India,Madhya Pradesh,Female,1968-01-29,,,,
7203-YMGFY,2020-01-01,Paid,2021-01-01,Standard,Monthly,,,14.99,1094.27,38,0,Meera,India,Madhya Pradesh,Male,1966-03-21,,,,
2130-YYGQL,2022-02-02,Paid,2023-02-02,Basic,Monthly,2022-05-14,Not enough content,7.99,23.97,80,1,Sakshi,India,Gujarat,Male,1966-08-16,,,,
1382-NDUBM,2020-08-09,Paid,2021-08-09,Premium,Monthly,,,24.99,1624.35,44,0,Aditi,India,Bihar,Female,2003-05-30,,,,
1749-RPVXD,2019-05-28,Referral,2020-05-28,Standard,Annual,,,13.99,1119.2,44,0,Diya,India,Delhi,Male,1987-03-09,,,,
1163-IYHMV,2020-05-23,Paid,2021-05-23,Basic,Annual,,,7.99,543.32,5,0,Sneha,India,Uttar Pradesh,Female,1997-09-11,,,,
0374-HEPXF,2023-02-19,Organic,2024-02-19,Basic,Monthly,,,6.99,237.66,47,0,Shreya,India,Punjab,Male,1984-04-04,,,,
7701-IYOTL,2021-06-10,Paid,2022-06-10,Premium,Monthly,,,24.99,1374.45,32,0,Shreya,India,Maharashtra,Male,1992-01-30,2022-09-21,Y,40.0,1.0
9678-UJZHD,2020-12-11,Paid,2021-12-11,Basic,Annual,,,6.99,426.39,74,0,Mohan,India,Madhya Pradesh,Female,1998-05-19,,,,
7311-YOFLE,2021-02-18,Paid,2022-02-18,Premium,Annual,2022-01-04,Not enough content,24.99,249.9,77,1,Karan,India,Odisha,Male,2005-09-04,2021-07-11,Y,50.0,1.0
8655-LXNHI,2020-06-15,Paid,2021-06-15,Standard,Annual,2021-08-08,Poor streaming quality,13.99,181.87,7,1,Shreya,India,Maharashtra,Female,1986-10-26,2021-03-01,N,90.0,2.0
3764-GWFAL,2021-11-04,Referral,2022-11-04,Basic,Annual,,,6.99,349.5,35,0,Pooja,India,Madhya Pradesh,Female,1980-09-06,,,,
4674-GPQQF,2023-10-03,Paid,2024-10-03,Premium,Monthly,,,22.99,620.73,10,0,Ishaan,India,Punjab,Female,2003-01-31,2024-06-19,N,100.0,2.0
0216-EXKRU,2021-06-26,Paid,2022-06-26,Basic,Monthly,,,6.99,377.46,18,0,Mohan,India,Uttar Pradesh,Female,2002-01-14,2023-12-08,N,100.0,1.0
2559-TIWEC,2023-09-07,Organic,2024-09-07,Basic,Annual,2024-10-26,Poor streaming quality,6.99,90.87,13,1,Diya,India,Uttar Pradesh,Male,1972-07-07,,,,
8761-YNISM,2021-12-18,Paid,2022-12-18,Standard,Annual,,,15.99,783.51,48,0,Diya,India,Karnataka,Female,1997-06-04,2024-12-15,N,70.0,1.0
3238-SJYFN,2020-07-10,Paid,2021-07-10,Basic,Annual,,,6.99,461.34,49,0,Vishal,India,Tamil Nadu,Female,1966-10-31,2024-03-11,N,90.0,1.0
8501-XOOXS,2020-12-15,Organic,2021-12-15,Standard,Monthly,2021-07-03,Not enough content,15.99,95.94,97,1,Ishaan,India,Tamil Nadu,Female,2004-05-14,2021-03-22,N,90.0,1.0
5965-AXOJY,2021-12-18,Referral,2022-12-18,Basic,Annual,,,7.99,391.51,13,0,Aditya,India,Uttar Pradesh,Female,1968-02-13,,,,
2055-CHCKY,2024-03-26,Paid,2025-03-26,Standard,Monthly,2024-06-27,Forgot to cancel trial,13.99,41.97,89,1,Sakshi,India,Maharashtra,Male,1971-07-21,,,,
2514-OLKSF,2021-01-12,Referral,2022-01-12,Standard,Annual,,,15.99,959.4,20,0,Aditya,India,Madhya Pradesh,Male,1988-05-14,,,,
0881-IHBXI,2019-11-19,Referral,2020-11-19,Standard,Monthly,,,14.99,1109.26,12,0,Rahul,India,Bihar,Male,1972-03-04,,,,
5893-XNCPG,2021-10-04,Referral,2022-10-04,Premium,Annual,2022-11-29,Too expensive,23.99,335.86,53,1,Kavya,India,Uttar Pradesh,Female,1972-07-11,2022-11-22,N,70.0,1.0
6569-VDCVV,2023-09-15,Referral,2024-09-15,Standard,Monthly,,,13.99,377.73,47,0,Arjun,India,Punjab,Female,1983-05-17,,,,
6446-NPPIS,2023-12-25,Paid,2024-12-25,Basic,Annual,2024-05-27,Switched to competitor,8.99,44.95,97,1,Priya,India,Kerala,Female,1971-11-20,,,,
4000-LIMEQ,2024-04-01,Organic,2025-04-01,Premium,Monthly,,,23.99,503.79,64,0,Vishal,India,Karnataka,Female,2001-09-16,2025-09-15,N,80.0,1.0
6607-LJYUQ,2020-02-24,Organic,2021-02-24,Basic,Monthly,2020-07-13,Too expensive,6.99,27.96,88,1,Ananya,India,Uttar Pradesh,Male,1969-07-19,,,,
2971-XOFTU,2024-11-26,Referral,2025-11-26,Premium,Monthly,2026-07-07,Switched to competitor,24.99,474.81,85,1,Nikhil,India,Kerala,Male,1979-07-30,2025-07-17,Y,50.0,1.0
1601-YNEOR,2019-09-09,Paid,2020-09-09,Standard,Annual,,,13.99,1063.24,36,0,Aditya,India,Karnataka,Male,1974-12-20,,,,
4916-EIBME,2021-08-02,Referral,2022-08-02,Basic,Monthly,2023-06-07,Switched to competitor,6.99,153.78,92,1,Shreya,India,Punjab,Female,1969-08-19,2022-08-02,Y,50.0,2.0
2333-GSUJW,2019-04-26,Paid,2020-04-26,Premium,Annual,,,22.99,1862.19,14,0,Ananya,India,Punjab,Female,1968-01-21,,,,
2900-OOGTA,2022-04-05,Organic,2023-04-05,Standard,Monthly,,,15.99,719.55,13,0,Rahul,India,Telangana,Female,1983-04-02,,,,
1679-ZFLPX,2024-08-13,Organic,2025-08-13,Premium,Annual,,,23.99,383.84,39,0,Sakshi,India,Haryana,Female,1986-10-06,,,,
7924-JIHGR,2023-03-21,Organic,2024-03-21,Premium,Annual,2024-10-01,Switched to competitor,22.99,413.82,98,1,Ishaan,India,Delhi,Female,1960-05-19,2024-01-21,Y,40.0,1.0
3934-CDGQW,2019-01-16,Paid,2020-01-16,Basic,Monthly,,,6.99,587.16,3,0,Arjun,India,Uttar Pradesh,Male,1979-06-24,,,,
9160-MFVQI,2022-01-03,Organic,2023-01-03,Standard,Annual,,,13.99,671.52,15,0,Varun,India,Uttar Pradesh,Female,1963-05-03,,,,
9780-KHTBO,2023-03-06,Referral,2024-03-06,Premium,Monthly,2025-05-23,Poor streaming quality,22.99,597.74,89,1,Ishaan,India,Odisha,Male,1991-02-13,2023-05-09,Y,30.0,1.0
4921-TPMGV,2021-05-06,Organic,2022-05-06,Standard,Annual,2023-09-25,Too expensive,13.99,405.71,63,1,Aditi,India,Gujarat,Male,1971-09-08,,,,
4197-OQUQD,2024-08-01,Organic,2025-08-01,Standard,Monthly,,,13.99,237.83,9,0,Riya,India,Kerala,Male,1969-04-13,,,,
3460-IEYNB,2021-11-20,Referral,2022-11-20,Standard,Annual,,,13.99,699.5,71,0,Tanvi,India,Tamil Nadu,Male,1962-04-06,2022-08-19,N,90.0,1.0
3373-XGSNB,2021-12-25,Paid,2022-12-25,Basic,Monthly,2024-04-07,Not enough content,6.99,188.73,95,1,Aarav,India,Haryana,Male,1971-11-13,2022-08-06,N,60.0,1.0
4744-POQUY,2021-03-23,Referral,2022-03-23,Standard,Monthly,,,13.99,811.42,45,0,Kavya,India,Karnataka,Male,1998-01-07,,,,
5404-NRJFV,2019-06-17,Referral,2020-06-17,Basic,Monthly,,,6.99,552.21,49,0,Akash,India,West Bengal,Female,1990-07-18,2020-08-03,N,90.0,2.0
1638-YWNOC,2024-08-03,Referral,2025-08-03,Premium,Monthly,,,22.99,390.83,38,0,Ananya,India,Kerala,Male,2003-10-03,,,,
6825-ARGXT,2021-11-11,Paid,2022-11-11,Basic,Annual,,,6.99,349.5,80,0,Ananya,India,Punjab,Male,2000-07-18,2022-08-02,Y,60.0,1.0
8111-ZKMBQ,2019-03-11,Organic,2020-03-11,Standard,Monthly,2020-06-14,Too expensive,15.99,239.85,85,1,Riya,India,Delhi,Male,1973-06-20,,,,
0151-NEYWC,2024-10-26,Referral,2025-10-26,Standard,Monthly,,,13.99,195.86,64,0,Kavya,India,Odisha,Female,1989-05-12,2025-01-08,N,60.0,1.0
8999-RQYGQ,2022-03-23,Referral,2023-03-23,Premium,Monthly,2024-02-14,Forgot to cancel trial,22.99,528.77,82,1,Arjun,India,Haryana,Male,2005-06-15,2022-05-24,Y,10.0,1.0
1637-XEOHF,2023-11-19,Organic,2024-11-19,Basic,Monthly,,,6.99,174.75,32,0,Ishaan,India,Madhya Pradesh,Male,1990-08-13,,,,
4289-FDLXR,2020-01-08,Paid,2021-01-08,Premium,Annual,,,23.99,1727.28,34,0,Neha,India,Tamil Nadu,Female,1970-07-15,,,,
8664-OFLFS,2022-06-23,Paid,2023-06-23,Premium,Monthly,,,22.99,965.58,76,0,Riya,India,Maharashtra,Female,1986-11-29,2022-11-24,Y,60.0,1.0
3842-GTZLI,2023-02-23,Organic,2024-02-23,Standard,Monthly,,,15.99,543.66,65,0,Ananya,India,Haryana,Female,1980-12-13,,,,
0931-UOUHU,2023-09-03,Organic,2024-09-03,Basic,Annual,2026-01-18,Forgot to cancel trial,6.99,195.72,96,1,Varun,India,Rajasthan,Male,1967-01-29,,,,
1365-WMOIC,2019-10-01,Paid,2020-10-01,Basic,Monthly,2020-05-03,Switched to competitor,8.99,62.93,83,1,Diya,India,Bihar,Female,1988-01-20,2020-04-26,Y,50.0,3.0
5070-KDVMU,2019-12-18,Organic,2020-12-18,Standard,Annual,2021-01-27,Poor streaming quality,15.99,207.87,86,1,Shreya,India,Gujarat,Male,1995-03-08,,,,
5597-JOWCJ,2022-05-12,Organic,2023-05-12,Standard,Monthly,,,13.99,615.56,70,0,Riya,India,Maharashtra,Female,1960-06-22,,,,
0105-HANTX,2022-10-24,Referral,2023-10-24,Standard,Monthly,,,13.99,531.62,48,0,Rahul,India,Karnataka,Female,1972-07-21,,,,
7276-UZAUW,2021-10-10,Paid,2022-10-10,Premium,Annual,,,22.99,1172.49,17,0,Arjun,India,Delhi,Male,1974-09-26,,,,
9253-NBVPW,2024-02-04,Paid,2025-02-04,Basic,Annual,2025-12-15,Not enough content,6.99,153.78,93,1,Shreya,India,Bihar,Female,1988-11-19,2025-11-30,Y,50.0,3.0
2837-QYWVX,2020-08-25,Referral,2021-08-25,Premium,Annual,,,24.99,1624.35,44,0,Rohan,India,Delhi,Female,1961-05-11,2023-05-26,N,100.0,1.0
5533-IJGGC,2022-12-25,Referral,2023-12-25,Premium,Annual,,,24.99,899.64,13,0,Vishal,India,Uttar Pradesh,Male,2004-10-10,,,,
4953-FWUZV,2019-03-18,Organic,2020-03-18,Basic,Monthly,,,7.99,655.18,11,0,Karan,India,Delhi,Male,1988-02-01,,,,
2282-NZIWR,2024-01-14,Referral,2025-01-14,Premium,Annual,,,24.99,574.77,62,0,Rahul,India,Telangana,Female,2002-11-02,,,,
1100-QUNEA,2020-05-17,Paid,2021-05-17,Premium,Annual,,,22.99,1563.32,68,0,Rahul,India,Rajasthan,Female,1975-05-26,,,,
2332-AKFNN,2021-11-12,Organic,2022-11-12,Premium,Annual,2023-08-02,Too expensive,23.99,479.8,98,1,Vishal,India,Kerala,Male,1989-10-03,2023-06-25,N,70.0,2.0
5645-ODTOX,2019-11-24,Organic,2020-11-24,Basic,Monthly,,,7.99,591.26,2,0,Neha,India,Odisha,Female,2001-07-14,,,,
2520-NUYWB,2021-01-18,Organic,2022-01-18,Basic,Annual,,,6.99,419.4,99,0,Vishal,India,Kerala,Female,1962-06-09,2023-01-30,N,80.0,1.0
1479-YENJI,2021-10-11,Paid,2022-10-11,Standard,Annual,,,13.99,713.49,48,0,Aarav,India,Odisha,Male,1968-10-19,,,,
2102-PFIFK,2021-08-03,Organic,2022-08-03,Standard,Monthly,,,13.99,741.47,30,0,Aditya,India,Tamil Nadu,Male,1973-03-14,,,,
3427-GHXER,2022-02-02,Referral,2023-02-02,Premium,Monthly,,,23.99,1127.53,12,0,Vishal,India,West Bengal,Male,1989-02-07,,,,
0642-BBRRZ,2019-02-22,Organic,2020-02-22,Basic,Annual,2020-10-23,Too expensive,7.99,159.8,84,1,Riya,India,Delhi,Female,1994-04-23,,,,
3521-BWTAR,2021-01-28,Referral,2022-01-28,Basic,Annual,,,8.99,530.41,33,0,Tanvi,India,Rajasthan,Male,2002-06-06,,,,
7322-HGXFQ,2021-10-26,Paid,2022-10-26,Standard,Annual,,,13.99,699.5,96,0,Priya,India,West Bengal,Female,1972-12-05,2024-06-07,Y,10.0,3.0
0296-BKJEV,2024-11-18,Organic,2025-11-18,Standard,Monthly,,,13.99,181.87,15,0,Aditya,India,Uttar Pradesh,Male,1969-10-20,,,,
4052-DEKPN,2021-10-02,Paid,2022-10-02,Premium,Monthly,2024-02-03,Not enough content,23.99,671.72,96,1,Mohan,India,Rajasthan,Male,2004-06-20,,,,
9165-HMDZN,2024-08-16,Paid,2025-08-16,Standard,Monthly,2024-10-24,Not enough content,13.99,27.98,21,1,Meera,India,Telangana,Female,1978-04-21,,,,
2069-MDCFJ,2019-05-19,Organic,2020-05-19,Standard,Monthly,,,13.99,1119.2,12,0,Varun,India,Uttar Pradesh,Female,1971-12-30,2022-09-04,N,100.0,1.0
2448-BCMTL,2021-01-06,Referral,2022-01-06,Premium,Monthly,2021-08-14,Switched to competitor,24.99,174.93,68,1,Meera,India,West Bengal,Female,1995-04-01,,,,
4682-CNDWD,2022-08-04,Paid,2023-08-04,Premium,Annual,,,23.99,983.59,24,0,Ananya,India,Odisha,Male,1964-08-22,,,,
3128-RKNAN,2023-03-22,Organic,2024-03-22,Premium,Annual,2023-06-25,Forgot to cancel trial,23.99,71.97,65,1,Sneha,India,Tamil Nadu,Female,2000-11-22,,,,
6981-ENIJZ,2019-11-03,Referral,2020-11-03,Basic,Monthly,2021-04-23,Not enough content,6.99,118.83,99,1,Priya,India,Rajasthan,Male,1988-05-15,2020-10-18,Y,50.0,1.0
9527-TSZOF,2020-11-06,Referral,2021-11-06,Premium,Monthly,2021-05-16,Poor streaming quality,22.99,137.94,64,1,Varun,India,Telangana,Male,1967-01-24,,,,
5718-UXVNC,2019-07-23,Paid,2020-07-23,Premium,Annual,,,24.99,1949.22,72,0,Priya,India,Kerala,Male,1962-03-12,2025-06-24,Y,10.0,1.0
0617-FZCZX,2019-02-19,Referral,2020-02-19,Standard,Annual,2019-09-11,Not enough content,15.99,95.94,93,1,Sneha,India,Madhya Pradesh,Male,1973-09-22,,,,
3417-ZPYSK,2019-09-04,Organic,2020-09-04,Premium,Annual,,,22.99,1770.23,69,0,Aditya,India,Delhi,Male,1978-11-07,,,,
3609-DNWQW,2019-01-05,Paid,2020-01-05,Basic,Annual,,,6.99,594.15,16,0,Pooja,India,Madhya Pradesh,Male,2001-05-18,,,,
7757-PCSLD,2024-07-04,Organic,2025-07-04,Premium,Monthly,,,22.99,413.82,63,0,Pooja,India,Telangana,Female,1962-01-15,2025-01-04,N,80.0,1.0
9234-APMSW,2019-01-09,Organic,2020-01-09,Standard,Annual,,,13.99,1175.16,27,0,Riya,India,Karnataka,Male,1978-09-11,,,,
1680-SQGHC,2021-06-15,Referral,2022-06-15,Premium,Monthly,2022-11-04,Forgot to cancel trial,22.99,367.84,78,1,Varun,India,Delhi,Female,1987-02-25,2021-10-09,N,80.0,1.0
8765-MMDCV,2021-03-08,Referral,2022-03-08,Basic,Monthly,2022-02-14,Poor streaming quality,6.99,76.89,93,1,Aditya,India,Haryana,Male,1960-03-29,2021-10-09,Y,20.0,2.0
7512-QWUTE,2023-08-15,Organic,2024-08-15,Basic,Monthly,,,6.99,195.72,1,0,Neha,India,Madhya Pradesh,Male,2003-04-09,,,,
3461-BJFWJ,2019-09-06,Organic,2020-09-06,Basic,Monthly,,,6.99,531.24,50,0,Sakshi,India,Telangana,Male,1987-09-28,,,,
3580-ZJXTD,2023-12-09,Organic,2024-12-09,Premium,Annual,,,24.99,624.75,2,0,Diya,India,Rajasthan,Male,1970-10-19,2024-11-17,N,70.0,1.0
4073-CRYKY,2021-12-19,Paid,2022-12-19,Premium,Annual,,,22.99,1126.51,66,0,Riya,India,Punjab,Female,2004-01-15,2025-12-24,Y,20.0,1.0
7188-CZWVD,2022-11-24,Paid,2023-11-24,Basic,Annual,,,7.99,295.63,24,0,Riya,India,Telangana,Male,1963-05-09,,,,
3116-EXOCA,2019-01-16,Referral,2020-01-16,Premium,Monthly,2019-05-26,Not enough content,22.99,91.96,87,1,Akash,India,Bihar,Female,1997-11-10,,,,
5135-EQTQJ,2022-07-24,Organic,2023-07-24,Premium,Monthly,,,24.99,1024.59,32,0,Akash,India,Madhya Pradesh,Female,1961-03-09,,,,
8842-WVOEX,2020-05-25,Organic,2021-05-25,Premium,Monthly,,,24.99,1699.32,23,0,Meera,India,Gujarat,Male,1988-07-14,,,,
2653-ZLKZR,2023-01-20,Referral,2024-01-20,Premium,Monthly,2024-10-19,Poor streaming quality,22.99,482.79,91,1,Meera,India,Gujarat,Male,1990-12-20,2023-05-12,N,80.0,1.0
7676-UTCCP,2021-02-10,Paid,2022-02-10,Premium,Monthly,,,22.99,1356.41,14,0,Rohan,India,Karnataka,Male,1972-05-19,,,,
8515-TNDCY,2022-05-07,Paid,2023-05-07,Premium,Annual,,,22.99,1011.56,55,0,Karan,India,West Bengal,Female,1988-02-20,2025-11-02,Y,10.0,1.0
0293-IQCPS,2022-07-01,Referral,2023-07-01,Standard,Monthly,,,13.99,587.58,61,0,Varun,India,Madhya Pradesh,Male,1971-06-29,,,,
9791-YDUCI,2023-11-12,Referral,2024-11-12,Standard,Annual,,,13.99,363.74,8,0,Kavya,India,Kerala,Male,1981-12-02,,,,
8041-DLTSU,2022-02-05,Paid,2023-02-05,Basic,Monthly,,,8.99,422.53,89,0,Ishaan,India,Gujarat,Female,1978-05-24,2024-03-22,N,100.0,3.0
0474-BQRAD,2023-03-20,Referral,2024-03-20,Basic,Monthly,2025-09-04,Too expensive,6.99,202.71,57,1,Shreya,India,Haryana,Male,1992-07-18,2024-09-05,N,90.0,1.0
1051-YDPRL,2021-06-14,Referral,2022-06-14,Basic,Monthly,,,7.99,439.45,40,0,Kavya,India,Rajasthan,Female,2000-04-30,,,,
7793-OYCZK,2023-11-19,Paid,2024-11-19,Standard,Monthly,,,13.99,349.75,39,0,Pooja,India,Karnataka,Female,1992-08-28,,,,
7594-FPRSE,2022-01-26,Organic,2023-01-26,Premium,Annual,2024-05-29,Switched to competitor,22.99,643.72,16,1,Aarav,India,Punjab,Female,2001-06-29,,,,
3370-ZGFRG,2020-07-25,Paid,2021-07-25,Basic,Monthly,2022-03-21,Not enough content,6.99,139.8,95,1,Riya,India,Odisha,Female,2000-04-30,,,,
2559-UZDMI,2024-04-11,Organic,2025-04-11,Basic,Annual,,,7.99,159.8,11,0,Arjun,India,Bihar,Female,1973-08-30,,,,
8901-MDMAN,2019-03-01,Referral,2020-03-01,Basic,Monthly,2020-05-29,Forgot to cancel trial,8.99,134.85,83,1,Mohan,India,Punjab,Male,2003-05-28,2020-05-14,N,60.0,3.0
8955-CGOLR,2022-05-26,Referral,2023-05-26,Premium,Annual,2024-08-15,Forgot to cancel trial,23.99,647.73,28,1,Aarav,India,Maharashtra,Male,1991-09-10,,,,
2410-QWMFV,2021-11-12,Organic,2022-11-12,Basic,Annual,2022-02-05,Forgot to cancel trial,7.99,15.98,57,1,Sneha,India,Maharashtra,Female,1961-03-05,,,,
4694-RJNUH,2023-02-04,Referral,2024-02-04,Standard,Monthly,,,15.99,559.65,42,0,Meera,India,Rajasthan,Female,1975-10-19,,,,
9038-KXUNZ,2021-04-19,Paid,2022-04-19,Standard,Monthly,,,13.99,797.43,37,0,Nikhil,India,Odisha,Male,1974-04-04,,,,
6827-KQXIO,2020-01-27,Paid,2021-01-27,Standard,Annual,,,13.99,1007.28,44,0,Diya,India,Punjab,Female,1987-03-16,2023-09-19,N,90.0,1.0
4537-WKJEL,2021-03-02,Referral,2022-03-02,Premium,Monthly,,,22.99,1333.42,37,0,Tanvi,India,Gujarat,Female,1983-08-23,,,,
6331-DYZML,2022-09-28,Organic,2023-09-28,Standard,Annual,,,13.99,545.61,24,0,Rohan,India,Rajasthan,Female,1989-09-24,,,,
5536-QNQXP,2022-06-24,Referral,2023-06-24,Basic,Monthly,,,6.99,293.58,36,0,Akash,India,Tamil Nadu,Male,1994-01-19,,,,
4954-WZZSG,2019-10-12,Referral,2020-10-12,Standard,Annual,,,15.99,1199.25,24,0,Ananya,India,Madhya Pradesh,Female,1983-04-14,,,,
9419-HGRBX,2019-10-03,Referral,2020-10-03,Premium,Annual,,,23.99,1823.24,38,0,Arjun,India,Bihar,Male,1985-04-23,,,,
9239-RUPBH,2024-04-26,Referral,2025-04-26,Basic,Monthly,2026-02-09,Poor streaming quality,6.99,146.79,99,1,Sakshi,India,Haryana,Male,1972-10-05,,,,
1142-NOTUH,2020-11-02,Organic,2021-11-02,Basic,Monthly,,,8.99,557.38,66,0,Akash,India,Kerala,Male,1966-11-03,2024-04-03,Y,60.0,1.0
1326-EQVGF,2021-01-01,Referral,2022-01-01,Premium,Annual,,,23.99,1439.4,49,0,Rahul,India,West Bengal,Male,1985-07-12,,,,
5110-PARJC,2023-05-06,Organic,2024-05-06,Basic,Annual,,,8.99,287.68,63,0,Meera,India,Delhi,Male,1991-04-13,,,,
8629-ICUMK,2023-12-28,Paid,2024-12-28,Premium,Annual,,,24.99,599.76,33,0,Arjun,India,Bihar,Male,1960-06-29,,,,
4783-PCIXC,2019-06-17,Paid,2020-06-17,Premium,Monthly,,,23.99,1895.21,12,0,Karan,India,West Bengal,Female,1969-04-30,,,,
2865-TPZMU,2019-03-14,Paid,2020-03-14,Standard,Monthly,,,13.99,1147.18,27,0,Ishaan,India,Rajasthan,Female,1997-10-28,,,,
8452-GTVWF,2020-04-14,Paid,2021-04-14,Basic,Monthly,,,6.99,482.31,52,0,Aditya,India,Kerala,Female,1964-10-10,2025-03-25,N,100.0,1.0
9861-BHVHZ,2020-04-28,Referral,2021-04-28,Premium,Annual,,,22.99,1586.31,40,0,Aditya,India,Odisha,Male,1967-09-07,,,,
0533-XSUPH,2019-05-13,Paid,2020-05-13,Standard,Monthly,2019-11-22,Switched to competitor,15.99,95.94,83,1,Ananya,India,Gujarat,Male,1989-07-19,2019-08-14,Y,20.0,1.0
5722-MRNOJ,2024-04-14,Referral,2025-04-14,Premium,Monthly,,,24.99,499.8,70,0,Aditya,India,Gujarat,Male,1969-01-22,,,,
1099-YTGBW,2023-01-20,Referral,2024-01-20,Premium,Monthly,2024-03-30,Too expensive,22.99,321.86,52,1,Rahul,India,Madhya Pradesh,Female,1983-10-05,2024-03-07,Y,60.0,1.0
2479-YDIYO,2020-05-06,Organic,2021-05-06,Premium,Monthly,,,22.99,1563.32,1,0,Aditi,India,Uttar Pradesh,Female,1974-06-15,,,,
1716-NZYDX,2019-08-09,Paid,2020-08-09,Basic,Annual,,,6.99,538.23,20,0,Tanvi,India,Haryana,Female,2001-05-09,2020-03-02,N,80.0,1.0
8738-MGEND,2019-01-12,Paid,2020-01-12,Standard,Monthly,2021-02-27,Too expensive,13.99,349.75,86,1,Rohan,India,Rajasthan,Female,1986-03-07,2019-11-08,N,100.0,1.0
6171-MFODY,2019-10-27,Organic,2020-10-27,Basic,Monthly,,,6.99,524.25,55,0,Aditya,India,Haryana,Female,1978-03-14,,,,
6055-ZDQDH,2019-06-28,Paid,2020-06-28,Premium,Annual,2021-12-14,Not enough content,23.99,719.7,86,1,Aditya,India,Odisha,Male,1966-08-29,2021-04-11,Y,20.0,1.0
4011-XDZOE,2019-12-23,Referral,2020-12-23,Standard,Annual,,,15.99,1167.27,98,0,Varun,India,Karnataka,Female,1992-01-31,2025-05-07,Y,60.0,1.0
7382-VJCGJ,2023-07-15,Paid,2024-07-15,Premium,Annual,,,22.99,689.7,66,0,Akash,India,Rajasthan,Female,1976-07-07,,,,
6857-LABVL,2019-01-11,Paid,2020-01-11,Basic,Annual,,,8.99,755.16,35,0,Karan,India,Tamil Nadu,Female,1965-03-18,,,,
8907-IFGYJ,2024-08-19,Organic,2025-08-19,Basic,Monthly,,,6.99,111.84,20,0,Sakshi,India,West Bengal,Female,1997-07-21,,,,
6999-RYZJB,2022-09-26,Paid,2023-09-26,Standard,Monthly,,,15.99,623.61,23,0,Sakshi,India,Haryana,Female,1965-06-22,,,,
5438-KGEEJ,2019-02-06,Organic,2020-02-06,Standard,Annual,,,13.99,1175.16,44,0,Akash,India,West Bengal,Male,1963-09-03,,,,
0428-WSOXH,2022-03-25,Paid,2023-03-25,Standard,Annual,2023-10-07,Forgot to cancel trial,13.99,251.82,59,1,Ananya,India,Bihar,Female,1964-08-09,,,,
0446-YXHXO,2022-02-10,Organic,2023-02-10,Basic,Monthly,,,6.99,328.53,65,0,Nikhil,India,Gujarat,Male,1964-07-22,2024-04-24,N,70.0,1.0
1771-BUYCY,2023-08-19,Paid,2024-08-19,Standard,Monthly,,,13.99,391.72,66,0,Aarav,India,Uttar Pradesh,Female,1993-06-15,2025-03-06,Y,60.0,1.0
4274-FRVGL,2024-04-27,Referral,2025-04-27,Basic,Monthly,,,7.99,159.8,41,0,Neha,India,Uttar Pradesh,Female,1976-12-01,,,,
1836-YSISI,2023-12-17,Paid,2024-12-17,Premium,Monthly,2024-02-02,Forgot to cancel trial,22.99,22.99,64,1,Meera,India,Gujarat,Female,2001-05-22,,,,
9268-BSBRU,2020-06-27,Organic,2021-06-27,Basic,Monthly,,,6.99,468.33,8,0,Ananya,India,Telangana,Male,1978-05-11,,,,
9735-IJLHS,2020-05-10,Paid,2021-05-10,Standard,Annual,2021-06-14,Too expensive,15.99,207.87,52,1,Aditi,India,Haryana,Female,2000-08-22,,,,
5618-YALKL,2022-07-11,Paid,2023-07-11,Basic,Monthly,,,7.99,335.58,6,0,Sakshi,India,Uttar Pradesh,Male,1964-08-21,,,,
5339-CAHRQ,2022-10-22,Paid,2023-10-22,Basic,Monthly,,,6.99,265.62,9,0,Aarav,India,Maharashtra,Female,1972-11-27,,,,
0780-HROPU,2021-02-19,Organic,2022-02-19,Basic,Monthly,,,8.99,530.41,18,0,Nikhil,India,Haryana,Male,2001-09-15,2025-02-02,N,60.0,1.0
1809-BBXFL,2019-03-21,Referral,2020-03-21,Premium,Monthly,,,22.99,1885.18,9,0,Meera,India,Kerala,Male,1980-09-09,,,,
4405-WIVVP,2021-07-10,Referral,2022-07-10,Standard,Annual,,,15.99,863.46,25,0,Rohan,India,Delhi,Male,1992-03-31,,,,
6004-CSZBV,2024-03-26,Referral,2025-03-26,Standard,Monthly,,,13.99,293.79,67,0,Arjun,India,Tamil Nadu,Male,1995-05-01,,,,
3179-HPFAU,2023-11-06,Paid,2024-11-06,Standard,Annual,2025-06-03,Poor streaming quality,15.99,303.81,55,1,Aditya,India,Karnataka,Female,1996-02-25,2025-02-10,N,90.0,1.0
5987-BYXMS,2022-02-04,Organic,2023-02-04,Standard,Annual,2022-09-15,Forgot to cancel trial,14.99,104.93,87,1,Arjun,India,Tamil Nadu,Male,1961-01-25,2022-08-21,Y,60.0,1.0
7788-EGJNA,2020-11-10,Referral,2021-11-10,Standard,Annual,,,13.99,867.38,27,0,Sneha,India,Delhi,Male,1963-04-30,,,,
1176-BDFQJ,2021-11-23,Paid,2022-11-23,Standard,Annual,,,13.99,685.51,44,0,Meera,India,Kerala,Male,1990-04-02,,,,
7806-RLZZK,2021-07-25,Paid,2022-07-25,Premium,Monthly,2023-06-15,Not enough content,22.99,528.77,98,1,Rohan,India,Bihar,Female,2002-05-07,2022-08-31,Y,60.0,3.0
0623-QQXPT,2023-11-15,Referral,2024-11-15,Premium,Monthly,2026-01-22,Poor streaming quality,22.99,597.74,95,1,Nikhil,India,Delhi,Male,2003-09-14,2024-10-18,Y,50.0,1.0
6443-WABPR,2019-09-19,Referral,2020-09-19,Basic,Monthly,,,8.99,683.24,12,0,Mohan,India,Delhi,Female,2004-07-15,,,,
3824-GSBMF,2020-04-08,Paid,2021-04-08,Standard,Monthly,,,13.99,965.31,60,0,Diya,India,Maharashtra,Female,1974-07-03,,,,
6284-FXMGC,2024-11-27,Organic,2025-11-27,Premium,Monthly,,,23.99,311.87,26,0,Shreya,India,Haryana,Male,1996-06-17,,,,
4163-ANTPO,2023-08-12,Organic,2024-08-12,Basic,Monthly,,,6.99,202.71,96,0,Meera,India,Tamil Nadu,Male,1968-12-14,,,,
8469-IOBUC,2023-10-14,Organic,2024-10-14,Basic,Monthly,2024-05-08,Poor streaming quality,6.99,41.94,81,1,Aditi,India,Maharashtra,Female,1974-11-12,,,,
9985-FKJZW,2022-12-25,Organic,2023-12-25,Premium,Annual,2024-06-03,Forgot to cancel trial,22.99,390.83,76,1,Aditya,India,Karnataka,Female,1964-03-19,,,,
3893-OZVGC,2019-08-09,Paid,2020-08-09,Standard,Monthly,,,13.99,1077.23,11,0,Aditi,India,West Bengal,Male,1970-03-12,,,,
3218-PQOBF,2019-01-18,Referral,2020-01-18,Standard,Annual,,,13.99,1175.16,46,0,Riya,India,Telangana,Male,1982-06-25,,,,
3776-NBUBS,2023-04-06,Referral,2024-04-06,Standard,Monthly,,,13.99,461.67,77,0,Aditya,India,Haryana,Male,2003-04-18,,,,
4923-HONFM,2022-04-21,Paid,2023-04-21,Premium,Annual,,,22.99,1034.55,39,0,Arjun,India,Maharashtra,Male,1993-07-18,,,,
1927-DFKZH,2024-10-23,Paid,2025-10-23,Standard,Annual,,,14.99,209.86,56,0,Arjun,India,Delhi,Female,1963-12-22,,,,
2920-CAFWP,2019-10-10,Paid,2020-10-10,Standard,Annual,,,15.99,1199.25,24,0,Sakshi,India,Uttar Pradesh,Male,1999-01-17,,,,
0224-YIEHA,2024-05-03,Organic,2025-05-03,Basic,Annual,,,6.99,139.8,19,0,Rohan,India,Odisha,Male,1979-12-20,2025-10-18,N,90.0,2.0
6808-NOZPZ,2021-12-11,Organic,2022-12-11,Basic,Annual,2022-06-10,Poor streaming quality,6.99,41.94,97,1,Akash,India,Karnataka,Male,1997-12-31,2022-02-07,Y,50.0,3.0
2987-XECVJ,2019-04-19,Referral,2020-04-19,Premium,Monthly,2020-01-25,Poor streaming quality,24.99,224.91,89,1,Sneha,India,Delhi,Female,1962-08-27,2019-11-29,Y,30.0,3.0
1343-DLWLD,2022-04-19,Paid,2023-04-19,Basic,Annual,,,8.99,404.55,5,0,Neha,India,Rajasthan,Female,1979-04-07,,,,
1991-LJOOW,2020-12-11,Organic,2021-12-11,Premium,Annual,,,24.99,1524.39,71,0,Aarav,India,Odisha,Male,1978-05-15,2023-09-08,N,100.0,1.0
6964-AYYFR,2023-03-27,Referral,2024-03-27,Standard,Monthly,2023-06-16,Not enough content,13.99,27.98,93,1,Rohan,India,Karnataka,Male,2000-06-16,,,,
1565-QVTHC,2020-10-26,Referral,2021-10-26,Premium,Annual,,,24.99,1574.37,44,0,Arjun,India,Delhi,Female,1970-10-05,,,,
8332-CSFUZ,2022-01-09,Organic,2023-01-09,Basic,Monthly,,,6.99,335.52,20,0,Meera,India,Telangana,Male,1995-07-20,2025-03-31,Y,30.0,1.0
2544-WFFWT,2021-08-12,Paid,2022-08-12,Standard,Monthly,,,13.99,741.47,29,0,Varun,India,Delhi,Male,1966-07-04,,,,
3868-QQPCX,2024-08-14,Referral,2025-08-14,Premium,Monthly,2025-02-17,Not enough content,22.99,137.94,88,1,Diya,India,Haryana,Male,1993-04-30,2024-09-19,Y,40.0,1.0
7578-QZVTA,2022-02-20,Organic,2023-02-20,Premium,Monthly,2022-04-08,Forgot to cancel trial,23.99,23.99,89,1,Karan,India,Uttar Pradesh,Female,1962-07-29,,,,
5796-GCEZP,2021-10-14,Organic,2022-10-14,Basic,Monthly,,,6.99,356.49,6,0,Meera,India,Rajasthan,Female,1976-02-27,,,,
9157-PKTJQ,2019-12-01,Organic,2020-12-01,Premium,Annual,,,22.99,1701.26,6,0,Mohan,India,Rajasthan,Female,1961-05-26,2023-05-28,N,100.0,1.0
2499-YMNBI,2023-06-28,Referral,2024-06-28,Standard,Monthly,,,13.99,419.7,78,0,Varun,India,Punjab,Female,1965-12-31,,,,
1687-QYPYN,2022-10-08,Paid,2023-10-08,Standard,Monthly,,,13.99,545.61,5,0,Vishal,India,West Bengal,Male,1969-11-23,,,,
3953-WSKZY,2021-09-20,Referral,2022-09-20,Basic,Monthly,,,6.99,363.48,14,0,Arjun,India,Kerala,Male,1971-02-25,,,,
1037-VSNHB,2022-08-24,Organic,2023-08-24,Premium,Annual,,,22.99,919.6,48,0,Meera,India,Delhi,Female,1963-01-27,,,,
1436-QSMMZ,2022-07-27,Organic,2023-07-27,Standard,Monthly,2022-12-19,Poor streaming quality,13.99,55.96,59,1,Varun,India,Bihar,Male,1965-11-20,2022-10-23,N,90.0,1.0
4802-NTKSJ,2020-05-22,Referral,2021-05-22,Standard,Annual,,,13.99,951.32,44,0,Sneha,India,Punjab,Female,1988-12-13,,,,
9880-AHZFL,2023-05-16,Referral,2024-05-16,Basic,Annual,2023-12-02,Too expensive,6.99,41.94,84,1,Meera,India,Haryana,Female,2001-12-16,,,,
2415-XOYAU,2023-03-19,Organic,2024-03-19,Standard,Annual,,,13.99,461.67,48,0,Mohan,India,Rajasthan,Male,1976-02-08,,,,
5700-SQHQN,2023-05-06,Organic,2024-05-06,Basic,Monthly,,,6.99,223.68,48,0,Priya,India,Tamil Nadu,Female,1997-10-13,,,,
8706-FDAPD,2024-05-16,Referral,2025-05-16,Standard,Monthly,2025-06-29,Not enough content,13.99,181.87,67,1,Aditya,India,Punjab,Female,1976-09-15,2025-03-25,Y,30.0,1.0
5206-UWUIE,2021-09-07,Organic,2022-09-07,Premium,Annual,,,24.99,1299.48,22,0,Diya,India,Uttar Pradesh,Female,1998-10-22,,,,
7164-BUBPQ,2020-05-20,Paid,2021-05-20,Standard,Annual,,,15.99,1087.32,30,0,Karan,India,Kerala,Male,1981-02-13,,,,
0368-XQIJC,2020-01-16,Paid,2021-01-16,Basic,Annual,,,6.99,503.28,17,0,Nikhil,India,Odisha,Male,1990-09-08,2021-06-02,N,100.0,1.0
6015-BGUFE,2023-10-22,Referral,2024-10-22,Standard,Annual,,,13.99,363.74,56,0,Aditi,India,Madhya Pradesh,Male,1964-09-27,2025-08-20,N,90.0,1.0
6550-DSBOL,2020-03-28,Organic,2021-03-28,Basic,Monthly,,,6.99,489.3,65,0,Aarav,India,Karnataka,Female,1984-11-05,,,,
4268-RDKEC,2020-11-09,Referral,2021-11-09,Basic,Monthly,2023-04-25,Not enough content,8.99,260.71,90,1,Karan,India,Karnataka,Female,1975-11-25,2023-03-20,Y,20.0,2.0
8029-AESEF,2024-11-10,Organic,2025-11-10,Premium,Monthly,,,22.99,298.87,23,0,Karan,India,Bihar,Male,1985-02-07,,,,
8466-ZZKOX,2019-07-01,Paid,2020-07-01,Basic,Annual,,,6.99,552.21,59,0,Shreya,India,West Bengal,Female,1960-02-10,,,,
2583-WYIKA,2020-06-13,Referral,2021-06-13,Premium,Annual,2022-10-08,Switched to competitor,23.99,671.72,80,1,Rahul,India,Bihar,Female,1971-02-23,,,,
9962-PGIAO,2023-01-09,Referral,2024-01-09,Basic,Annual,,,6.99,251.64,8,0,Rohan,India,Bihar,Male,1995-09-23,,,,
1185-TEQNM,2022-09-20,Referral,2023-09-20,Premium,Monthly,,,22.99,896.61,46,0,Diya,India,Rajasthan,Male,1982-08-17,2025-04-19,N,90.0,1.0
3978-CCPEI,2022-09-12,Organic,2023-09-12,Standard,Monthly,,,13.99,559.6,11,0,Nikhil,India,Kerala,Female,1972-04-10,,,,
1599-YCAJY,2021-02-08,Organic,2022-02-08,Standard,Monthly,,,13.99,825.41,29,0,Ananya,India,Karnataka,Male,1981-08-31,,,,
4398-XOWTB,2023-06-13,Organic,2024-06-13,Basic,Annual,,,6.99,216.69,48,0,Kavya,India,Kerala,Female,1985-06-05,2024-07-20,Y,30.0,1.0
4412-LAGJE,2020-10-27,Organic,2021-10-27,Standard,Annual,,,15.99,1007.37,13,0,Ananya,India,Madhya Pradesh,Female,1960-08-24,,,,
6723-HKUHP,2019-08-27,Paid,2020-08-27,Basic,Annual,,,6.99,538.23,65,0,Akash,India,Madhya Pradesh,Male,2000-10-31,2024-06-26,N,100.0,1.0
5946-FCPUH,2023-11-01,Referral,2024-11-01,Standard,Annual,,,13.99,363.74,98,0,Neha,India,Odisha,Male,1985-04-11,2024-02-08,Y,50.0,1.0
4345-LQSZH,2022-03-24,Referral,2023-03-24,Premium,Monthly,,,24.99,1124.55,21,0,Neha,India,Maharashtra,Male,1986-05-17,,,,
9498-DXDJZ,2022-08-13,Organic,2023-08-13,Premium,Monthly,2023-10-20,Forgot to cancel trial,22.99,321.86,82,1,Akash,India,Delhi,Male,1987-08-09,2023-05-22,Y,50.0,1.0
9237-FLNTI,2019-12-10,Organic,2020-12-10,Standard,Annual,,,13.99,1021.27,54,0,Aarav,India,Bihar,Male,1986-03-04,,,,
1212-WXBJZ,2023-05-23,Referral,2024-05-23,Premium,Annual,,,24.99,774.69,53,0,Meera,India,Odisha,Male,1973-04-14,,,,
2015-QAQHZ,2021-12-02,Referral,2022-12-02,Standard,Monthly,2023-03-05,Forgot to cancel trial,13.99,209.85,56,1,Karan,India,Odisha,Male,1980-08-28,,,,
0910-TWUHU,2023-05-25,Organic,2024-05-25,Standard,Annual,2024-10-01,Poor streaming quality,13.99,223.84,94,1,Aarav,India,Delhi,Female,1976-06-29,2023-10-22,Y,20.0,1.0
5529-LZTFR,2022-01-01,Organic,2023-01-01,Standard,Annual,2023-06-13,Too expensive,14.99,254.83,59,1,Meera,India,Maharashtra,Female,1961-05-25,,,,
2249-GOGPP,2019-02-09,Paid,2020-02-09,Standard,Monthly,2021-02-15,Forgot to cancel trial,13.99,335.76,63,1,Rahul,India,Rajasthan,Female,1990-08-28,2019-07-06,Y,20.0,1.0
5069-SPPRO,2021-02-02,Organic,2022-02-02,Premium,Annual,,,23.99,1415.41,26,0,Karan,India,Tamil Nadu,Female,1969-10-13,,,,
0149-WDMRJ,2023-03-05,Paid,2024-03-05,Basic,Annual,,,8.99,305.66,55,0,Ishaan,India,Delhi,Male,1996-09-13,,,,
8246-APUKD,2020-05-24,Referral,2021-05-24,Standard,Monthly,,,13.99,951.32,68,0,Aarav,India,Telangana,Male,1975-05-07,,,,
5967-ZTXBG,2024-12-19,Paid,2025-12-19,Standard,Monthly,,,14.99,179.88,41,0,Riya,India,Maharashtra,Male,1976-09-05,,,,
0416-OGHLB,2021-09-22,Referral,2022-09-22,Standard,Annual,2023-09-29,Not enough content,13.99,335.76,3,1,Pooja,India,Haryana,Male,1977-11-27,,,,
4293-ZTQFB,2021-02-28,Paid,2022-02-28,Premium,Annual,,,23.99,1391.42,28,0,Priya,India,West Bengal,Male,1980-08-02,,,,
1325-SZFUY,2020-06-13,Referral,2021-06-13,Standard,Monthly,2021-06-29,Not enough content,14.99,179.88,75,1,Aditya,India,Uttar Pradesh,Female,2000-05-28,2021-02-15,Y,30.0,1.0
2524-ZURGK,2022-04-14,Organic,2023-04-14,Standard,Monthly,,,13.99,629.55,65,0,Nikhil,India,Delhi,Female,1984-04-01,2024-01-31,Y,40.0,1.0
0087-BWCUK,2020-01-28,Referral,2021-01-28,Premium,Monthly,2022-02-28,Not enough content,22.99,574.75,85,1,Vishal,India,Telangana,Female,1984-04-25,,,,
7807-LWHPX,2021-10-27,Organic,2022-10-27,Premium,Annual,,,22.99,1149.5,28,0,Meera,India,Maharashtra,Female,2003-07-05,,,,
9799-EFRSY,2024-07-28,Organic,2025-07-28,Standard,Annual,,,14.99,254.83,64,0,Meera,India,Uttar Pradesh,Female,1964-04-20,,,,
3926-ZRZPJ,2022-05-21,Referral,2023-05-21,Basic,Annual,,,6.99,307.56,95,0,Aditya,India,Odisha,Female,1997-06-10,2025-11-10,Y,30.0,2.0
6299-PPBVQ,2023-02-05,Referral,2024-02-05,Standard,Monthly,,,15.99,559.65,13,0,Karan,India,Gujarat,Male,1985-03-13,2023-09-19,N,100.0,1.0
2279-GAICY,2024-11-22,Paid,2025-11-22,Standard,Monthly,,,13.99,181.87,21,0,Diya,India,Bihar,Male,2005-10-16,,,,
5998-DZQKJ,2019-05-16,Referral,2020-05-16,Standard,Annual,2020-07-03,Poor streaming quality,13.99,181.87,74,1,Sneha,India,Karnataka,Female,1970-12-01,2020-05-28,N,90.0,1.0
6983-UUIUJ,2020-11-11,Referral,2021-11-11,Premium,Annual,2023-02-25,Poor streaming quality,22.99,620.73,16,1,Mohan,India,West Bengal,Male,1995-08-21,,,,
2027-RRZJK,2019-09-04,Organic,2020-09-04,Premium,Annual,,,22.99,1770.23,62,0,Arjun,India,Delhi,Male,1997-06-11,,,,
9941-REOAV,2024-08-25,Organic,2025-08-25,Premium,Annual,2025-01-11,Not enough content,22.99,91.96,77,1,Sakshi,India,Maharashtra,Male,2002-04-19,2025-01-03,N,100.0,1.0
1951-GQHEV,2020-12-27,Referral,2021-12-27,Basic,Monthly,,,8.99,548.39,29,0,Shreya,India,Madhya Pradesh,Female,1963-09-29,,,,
9344-MMDQF,2020-09-07,Paid,2021-09-07,Basic,Monthly,,,6.99,447.36,47,0,Nikhil,India,Rajasthan,Male,1980-02-24,2021-12-12,N,90.0,1.0
2337-FVOKC,2019-11-03,Referral,2020-11-03,Standard,Annual,,,13.99,1049.25,42,0,Neha,India,Tamil Nadu,Male,1982-07-15,,,,
9662-BJQSS,2019-10-15,Paid,2020-10-15,Basic,Monthly,2021-02-10,Not enough content,6.99,111.84,20,1,Varun,India,Rajasthan,Male,1986-03-15,,,,
9918-ZUHIT,2019-10-11,Organic,2020-10-11,Premium,Annual,,,23.99,1799.25,49,0,Aarav,India,Tamil Nadu,Male,1996-12-31,,,,
2085-EGHOR,2021-12-17,Referral,2022-12-17,Standard,Annual,,,14.99,734.51,24,0,Akash,India,Punjab,Female,1974-07-03,,,,
2412-NTGQC,2024-12-20,Paid,2025-12-20,Basic,Monthly,,,6.99,83.88,5,0,Meera,India,Punjab,Male,1979-12-08,,,,
1917-XKSJN,2020-11-14,Organic,2021-11-14,Premium,Annual,,,22.99,1425.38,10,0,Aditi,India,Delhi,Male,1962-02-24,2021-04-01,Y,60.0,1.0
7716-PXYXW,2022-07-23,Referral,2023-07-23,Basic,Monthly,2025-01-06,Switched to competitor,7.99,231.71,29,1,Meera,India,Punjab,Male,1997-03-15,,,,
8130-NTTON,2022-05-09,Paid,2023-05-09,Standard,Monthly,2023-02-11,Poor streaming quality,13.99,125.91,87,1,Ishaan,India,Punjab,Female,1973-08-17,,,,
6390-ZMTFL,2024-07-13,Referral,2025-07-13,Basic,Monthly,2025-03-23,Forgot to cancel trial,7.99,63.92,55,1,Priya,India,Kerala,Female,2001-10-08,,,,
8685-QHVLI,2022-07-10,Paid,2023-07-10,Premium,Annual,2024-06-04,Too expensive,22.99,528.77,76,1,Sakshi,India,Kerala,Male,1970-11-20,,,,
8694-RDVZA,2019-11-24,Referral,2020-11-24,Premium,Monthly,,,22.99,1701.26,56,0,Mohan,India,Odisha,Female,1994-10-08,,,,
0270-HYKKO,2020-12-20,Referral,2021-12-20,Premium,Annual,,,22.99,1402.39,62,0,Aditya,India,Maharashtra,Female,1968-02-14,2024-02-27,N,90.0,2.0
7792-EXDSZ,2020-04-27,Referral,2021-04-27,Premium,Annual,,,23.99,1655.31,6,0,Ishaan,India,Rajasthan,Female,1996-11-01,,,,
2753-QHDJH,2024-11-10,Referral,2025-11-10,Basic,Monthly,,,6.99,90.87,72,0,Rahul,India,Delhi,Male,1988-01-29,,,,
2251-TVURD,2020-07-12,Referral,2021-07-12,Premium,Monthly,2022-07-14,Not enough content,22.99,551.76,95,1,Aarav,India,Bihar,Female,2002-03-08,,,,
4554-EHKGM,2020-09-24,Paid,2021-09-24,Standard,Monthly,,,13.99,895.36,44,0,Akash,India,Haryana,Female,1996-08-18,,,,
6092-WCVLH,2022-11-18,Referral,2023-11-18,Standard,Monthly,,,13.99,517.63,61,0,Rohan,India,Tamil Nadu,Male,2001-12-13,,,,
5531-KIONH,2021-11-02,Referral,2022-11-02,Standard,Annual,,,14.99,749.5,56,0,Shreya,India,Maharashtra,Male,1969-08-11,2025-08-05,N,60.0,2.0
1510-HIEUI,2024-11-12,Paid,2025-11-12,Standard,Annual,,,13.99,181.87,46,0,Akash,India,Tamil Nadu,Female,1982-04-10,,,,
8013-RREYX,2024-07-08,Organic,2025-07-08,Premium,Monthly,,,22.99,413.82,8,0,Aditya,India,Bihar,Female,1969-06-03,2025-03-01,Y,40.0,1.0
1235-FCBSE,2020-04-12,Organic,2021-04-12,Standard,Monthly,,,13.99,965.31,38,0,Arjun,India,Kerala,Female,1971-01-05,,,,
7714-AVSBT,2019-06-06,Referral,2020-06-06,Standard,Monthly,,,13.99,1119.2,23,0,Sakshi,India,Kerala,Male,1974-03-23,,,,
8129-WABJA,2022-02-14,Organic,2023-02-14,Basic,Annual,,,7.99,375.53,35,0,Priya,India,Tamil Nadu,Female,1981-05-26,2024-04-09,Y,20.0,1.0
0353-OTBEG,2020-10-26,Organic,2021-10-26,Basic,Annual,2023-02-22,Forgot to cancel trial,6.99,195.72,91,1,Pooja,India,Odisha,Male,1983-09-09,2021-09-24,N,70.0,1.0
6375-KGKYZ,2021-09-26,Referral,2022-09-26,Premium,Monthly,2022-07-06,Forgot to cancel trial,22.99,206.91,52,1,Rahul,India,Kerala,Male,1979-10-18,,,,
3610-CJGVF,2021-07-09,Paid,2022-07-09,Premium,Annual,,,23.99,1295.46,95,0,Ishaan,India,Delhi,Male,1965-02-15,2024-12-19,Y,20.0,3.0
6189-WDBMW,2023-12-08,Organic,2024-12-08,Premium,Annual,,,24.99,624.75,50,0,Karan,India,Rajasthan,Male,1996-10-01,2025-07-09,N,60.0,1.0
7380-BGHNU,2021-04-01,Organic,2022-04-01,Standard,Annual,,,15.99,911.43,46,0,Riya,India,West Bengal,Male,1971-03-27,,,,
8203-ZFGRW,2022-08-17,Referral,2023-08-17,Premium,Annual,2024-06-07,Poor streaming quality,22.99,505.78,99,1,Akash,India,Bihar,Female,1988-12-04,2022-11-17,N,70.0,1.0
6133-GNLQR,2021-12-16,Organic,2022-12-16,Standard,Monthly,,,15.99,783.51,42,0,Aditya,India,Madhya Pradesh,Female,1998-02-22,,,,
2126-MPOII,2020-07-13,Referral,2021-07-13,Premium,Monthly,2022-03-20,Forgot to cancel trial,23.99,479.8,75,1,Shreya,India,Rajasthan,Female,1998-04-01,2021-07-05,Y,10.0,3.0
4952-KBEME,2024-11-12,Organic,2025-11-12,Basic,Monthly,,,7.99,103.87,23,0,Ananya,India,Madhya Pradesh,Female,1964-07-22,,,,
9476-ZXYDR,2021-12-08,Paid,2022-12-08,Standard,Annual,,,13.99,685.51,73,0,Ishaan,India,Telangana,Male,1979-08-05,2025-05-21,N,100.0,1.0
7167-LRCXL,2021-12-18,Organic,2022-12-18,Basic,Monthly,,,8.99,440.51,69,0,Mohan,India,Punjab,Male,1963-02-08,,,,
9887-ZJXBM,2021-06-05,Organic,2022-06-05,Standard,Monthly,,,15.99,879.45,14,0,Tanvi,India,Rajasthan,Female,1961-01-08,,,,
0089-NXVWV,2019-10-18,Organic,2020-10-18,Standard,Annual,2021-08-19,Poor streaming quality,15.99,351.78,81,1,Sneha,India,Gujarat,Male,1965-12-25,2021-08-03,N,80.0,2.0
5084-OGMAM,2020-06-22,Referral,2021-06-22,Standard,Annual,,,13.99,937.33,73,0,Diya,India,Maharashtra,Female,2002-09-25,2023-12-03,Y,20.0,1.0
7723-ETHIQ,2020-07-16,Paid,2021-07-16,Standard,Annual,,,13.99,923.34,55,0,Rahul,India,Gujarat,Male,1989-04-22,,,,
4577-UUWSN,2024-02-17,Paid,2025-02-17,Standard,Monthly,,,13.99,307.78,31,0,Mohan,India,Haryana,Female,1970-08-03,,,,
9510-TGXXN,2019-11-21,Paid,2020-11-21,Standard,Monthly,,,13.99,1035.26,45,0,Rahul,India,Bihar,Male,1987-02-24,,,,
9859-JLVEX,2023-09-11,Organic,2024-09-11,Premium,Annual,,,22.99,643.72,72,0,Sakshi,India,Haryana,Male,1965-01-20,,,,
1197-QSZFP,2021-10-17,Paid,2022-10-17,Basic,Annual,2024-01-16,Switched to competitor,7.99,215.73,56,1,Kavya,India,West Bengal,Male,1989-04-27,,,,
0477-FOIIS,2023-04-16,Organic,2024-04-16,Standard,Annual,,,13.99,461.67,53,0,Neha,India,Delhi,Female,1995-02-24,2025-12-16,N,60.0,2.0
4333-ZKMLV,2020-11-22,Paid,2021-11-22,Premium,Annual,,,24.99,1549.38,27,0,Tanvi,India,Odisha,Female,1992-10-05,,,,
1681-DUOWG,2023-11-04,Referral,2024-11-04,Premium,Monthly,,,23.99,623.74,74,0,Ananya,India,Delhi,Male,1969-08-27,,,,
3600-FCXYU,2019-01-27,Referral,2020-01-27,Basic,Annual,2020-08-06,Switched to competitor,6.99,125.82,89,1,Rohan,India,West Bengal,Male,1978-12-21,2020-06-07,N,70.0,2.0
4411-NGXXU,2020-11-13,Referral,2021-11-13,Basic,Monthly,,,7.99,495.38,15,0,Karan,India,Telangana,Female,1969-09-07,,,,
9320-QMUGV,2020-12-10,Paid,2021-12-10,Basic,Annual,,,6.99,426.39,63,0,Nikhil,India,Gujarat,Male,1990-01-02,2022-12-09,N,80.0,1.0
6062-ADHTP,2023-09-04,Paid,2024-09-04,Standard,Monthly,,,13.99,391.72,5,0,Shreya,India,Punjab,Male,2004-10-16,,,,
3467-JCMBS,2023-10-06,Organic,2024-10-06,Basic,Annual,2024-04-02,Poor streaming quality,8.99,44.95,89,1,Akash,India,West Bengal,Male,1995-10-30,,,,
8213-XEVOI,2020-01-15,Referral,2021-01-15,Premium,Annual,,,22.99,1655.28,19,0,Ananya,India,Bihar,Male,1967-11-28,,,,
0895-JKWJF,2024-03-01,Organic,2025-03-01,Basic,Monthly,,,8.99,197.78,63,0,Rohan,India,Telangana,Male,1965-08-11,,,,
4747-WMHAK,2022-04-17,Referral,2023-04-17,Standard,Annual,,,13.99,629.55,74,0,Arjun,India,Punjab,Female,2001-02-04,,,,
2011-CUMVO,2021-08-09,Referral,2022-08-09,Standard,Annual,2023-05-29,Poor streaming quality,13.99,293.79,95,1,Varun,India,Kerala,Female,1983-09-15,,,,
9113-DJXGG,2024-09-10,Referral,2025-09-10,Basic,Monthly,,,6.99,104.85,29,0,Rohan,India,Karnataka,Male,1989-11-09,2025-11-01,Y,10.0,1.0
6821-PWWHP,2020-10-20,Referral,2021-10-20,Premium,Monthly,,,22.99,1448.37,24,0,Varun,India,Rajasthan,Male,1961-01-19,2023-12-30,N,90.0,1.0
6261-DBHYA,2019-01-15,Organic,2020-01-15,Standard,Annual,,,13.99,1175.16,90,0,Rahul,India,Telangana,Female,1996-07-06,,,,
3956-OLUYI,2022-03-05,Referral,2023-03-05,Premium,Monthly,2024-02-27,Switched to competitor,24.99,599.76,71,1,Riya,India,Punjab,Female,1998-09-15,2023-10-20,N,80.0,1.0
3620-RGQJR,2019-04-03,Organic,2020-04-03,Basic,Annual,,,7.99,655.18,42,0,Arjun,India,Karnataka,Female,1993-09-04,2025-07-15,N,70.0,1.0
7926-BGOVE,2019-02-07,Referral,2020-02-07,Basic,Annual,,,8.99,746.17,37,0,Shreya,India,Telangana,Female,1980-01-17,,,,
6348-CUGBL,2020-09-11,Referral,2021-09-11,Standard,Monthly,,,13.99,895.36,77,0,Nikhil,India,West Bengal,Male,1986-11-21,2023-12-02,N,100.0,1.0
5897-NRNEG,2024-11-15,Paid,2025-11-15,Standard,Monthly,2027-05-03,Switched to competitor,13.99,405.71,53,1,Pooja,India,Tamil Nadu,Female,1993-11-17,2026-02-18,N,90.0,1.0
6906-MUUEI,2022-01-22,Referral,2023-01-22,Standard,Monthly,2023-01-14,Too expensive,13.99,153.89,97,1,Nikhil,India,Delhi,Male,1995-04-17,2022-09-26,Y,20.0,2.0
0892-KNSJW,2024-05-01,Organic,2025-05-01,Basic,Annual,,,8.99,179.8,65,0,Riya,India,Rajasthan,Male,1985-03-31,2024-08-17,Y,20.0,1.0
8828-MIYGC,2024-11-25,Paid,2025-11-25,Premium,Annual,,,22.99,298.87,60,0,Pooja,India,West Bengal,Female,1994-01-26,2025-05-08,N,90.0,1.0
0054-LCXHS,2023-12-21,Referral,2024-12-21,Basic,Monthly,2024-11-16,Too expensive,8.99,98.89,13,1,Sneha,India,West Bengal,Male,1960-04-26,,,,
2403-EFTYE,2021-05-23,Referral,2022-05-23,Basic,Annual,,,6.99,391.44,27,0,Rohan,India,Rajasthan,Male,1983-09-21,,,,
5256-EZVZH,2023-11-06,Paid,2024-11-06,Basic,Annual,2024-05-17,Not enough content,6.99,41.94,69,1,Tanvi,India,Karnataka,Male,2005-03-30,,,,
9930-UUXUA,2024-08-17,Organic,2025-08-17,Standard,Monthly,,,15.99,255.84,54,0,Arjun,India,Tamil Nadu,Female,1991-03-29,2025-05-18,N,70.0,1.0
4268-BNDMM,2021-04-24,Referral,2022-04-24,Standard,Monthly,,,13.99,797.43,51,0,Ananya,India,Kerala,Male,1999-09-16,2025-03-31,N,90.0,2.0
4594-WVFFA,2021-02-06,Referral,2022-02-06,Basic,Annual,,,6.99,412.41,77,0,Aarav,India,Bihar,Female,1993-08-18,,,,
2801-RGJZB,2021-09-02,Referral,2022-09-02,Premium,Annual,,,23.99,1247.48,58,0,Meera,India,Gujarat,Female,1989-05-27,,,,
6162-EUAJB,2021-11-10,Organic,2022-11-10,Standard,Annual,,,14.99,749.5,91,0,Sneha,India,Rajasthan,Female,1983-08-27,2025-04-03,N,80.0,1.0
4567-YMVZP,2021-12-11,Paid,2022-12-11,Basic,Annual,,,7.99,391.51,68,0,Karan,India,West Bengal,Female,1990-01-13,,,,
0668-PKGYH,2024-07-12,Paid,2025-07-12,Basic,Annual,,,6.99,118.83,42,0,Aarav,India,Odisha,Male,1993-01-31,,,,
8659-CMWEE,2019-06-12,Referral,2020-06-12,Premium,Monthly,,,22.99,1816.21,66,0,Ananya,India,Maharashtra,Male,2003-05-06,,,,
0875-QFJOJ,2020-12-16,Organic,2021-12-16,Basic,Annual,,,6.99,426.39,90,0,Varun,India,Bihar,Female,1980-08-19,2025-06-11,Y,60.0,2.0
4822-MAFOZ,2019-10-08,Organic,2020-10-08,Premium,Monthly,,,22.99,1724.25,7,0,Ananya,India,Kerala,Female,1974-09-13,,,,
5645-ZEVBB,2019-10-11,Organic,2020-10-11,Standard,Monthly,,,13.99,1049.25,98,0,Aditi,India,Punjab,Male,1996-11-25,2023-01-31,Y,50.0,1.0
4421-JEKVZ,2024-03-05,Paid,2025-03-05,Basic,Annual,2026-05-26,Too expensive,6.99,188.73,82,1,Pooja,India,Delhi,Female,2005-02-06,2024-06-13,Y,40.0,1.0
2993-BUQJY,2021-10-11,Paid,2022-10-11,Premium,Monthly,2022-03-21,Poor streaming quality,23.99,119.95,78,1,Kavya,India,Bihar,Male,1988-04-08,2021-11-05,Y,30.0,1.0
0725-CKVWC,2022-06-18,Paid,2023-06-18,Basic,Annual,2023-12-17,Poor streaming quality,6.99,125.82,77,1,Rahul,India,Kerala,Female,1979-05-02,,,,
1541-XAINC,2019-07-08,Referral,2020-07-08,Basic,Annual,,,7.99,623.22,41,0,Pooja,India,Gujarat,Female,1973-07-11,,,,
5644-XMVIY,2019-11-14,Referral,2020-11-14,Standard,Annual,,,13.99,1035.26,94,0,Sneha,India,Uttar Pradesh,Male,1982-01-04,2025-07-23,Y,10.0,2.0
9318-BYCSD,2019-02-25,Paid,2020-02-25,Premium,Annual,2020-08-05,Forgot to cancel trial,22.99,390.83,90,1,Pooja,India,Rajasthan,Male,2004-06-23,2019-04-08,Y,40.0,1.0
2085-OOFFI,2019-05-28,Referral,2020-05-28,Premium,Monthly,,,22.99,1839.2,14,0,Rahul,India,Bihar,Female,1988-08-03,,,,
6352-PUEYB,2021-02-11,Organic,2022-02-11,Basic,Monthly,,,6.99,412.41,27,0,Aditya,India,Bihar,Female,1983-12-22,,,,
3384-DCXFJ,2024-11-03,Referral,2025-11-03,Standard,Monthly,2026-12-13,Forgot to cancel trial,13.99,349.75,91,1,Varun,India,Maharashtra,Female,1980-07-21,,,,
5643-IILQD,2023-04-09,Referral,2024-04-09,Standard,Annual,2024-04-19,Forgot to cancel trial,14.99,179.88,53,1,Sneha,India,Haryana,Male,1991-04-03,,,,
0135-QFQCZ,2020-08-07,Organic,2021-08-07,Basic,Monthly,2021-05-08,Too expensive,6.99,62.91,73,1,Ananya,India,Gujarat,Female,1976-04-04,2020-12-08,N,100.0,1.0
6984-VOXFO,2020-06-26,Organic,2021-06-26,Premium,Monthly,2021-03-18,Too expensive,23.99,191.92,92,1,Pooja,India,Gujarat,Male,1967-01-26,2021-01-31,Y,40.0,3.0
8670-KRMOQ,2024-10-23,Organic,2025-10-23,Premium,Monthly,,,23.99,335.86,9,0,Priya,India,Delhi,Female,1969-12-17,,,,
2479-TIKTT,2019-06-02,Organic,2020-06-02,Premium,Annual,2020-10-05,Too expensive,24.99,399.84,80,1,Aditi,India,Uttar Pradesh,Female,1960-06-10,,,,
9218-WBYKB,2023-04-16,Paid,2024-04-16,Standard,Monthly,2023-11-08,Too expensive,15.99,95.94,80,1,Neha,India,Uttar Pradesh,Male,1994-09-23,,,,
4468-NHDOL,2022-11-14,Organic,2023-11-14,Premium,Annual,,,22.99,873.62,23,0,Mohan,India,Telangana,Female,2004-01-02,,,,
2835-FOBMI,2019-10-05,Organic,2020-10-05,Premium,Monthly,2019-12-04,Too expensive,22.99,45.98,72,1,Mohan,India,Delhi,Male,1997-07-10,,,,
5295-VNPHD,2023-11-11,Paid,2024-11-11,Basic,Annual,2025-01-18,Forgot to cancel trial,7.99,111.86,75,1,Aditi,India,Kerala,Male,1997-06-04,2024-12-05,Y,60.0,1.0
1865-AELLW,2023-09-20,Referral,2024-09-20,Standard,Annual,,,15.99,431.73,6,0,Rohan,India,Tamil Nadu,Female,1996-01-19,,,,
3173-KCHIF,2021-02-13,Organic,2022-02-13,Standard,Annual,,,13.99,825.41,23,0,Shreya,India,Delhi,Male,1992-03-01,,,,
9174-FEDAG,2019-03-20,Paid,2020-03-20,Premium,Annual,,,22.99,1885.18,87,0,Arjun,India,Haryana,Male,1978-08-22,2024-07-30,Y,50.0,2.0
0338-RDUBX,2022-10-11,Organic,2023-10-11,Premium,Monthly,,,24.99,974.61,26,0,Pooja,India,Madhya Pradesh,Male,1994-03-04,,,,
1805-FXTDU,2020-09-18,Organic,2021-09-18,Premium,Monthly,2020-11-06,Too expensive,22.99,22.99,11,1,Priya,India,Maharashtra,Male,1993-06-11,2020-09-24,Y,20.0,1.0
8689-LJDQO,2023-05-11,Organic,2024-05-11,Standard,Monthly,,,14.99,479.68,41,0,Ishaan,India,Bihar,Female,2002-07-19,,,,
1427-OCATD,2023-03-11,Referral,2024-03-11,Standard,Annual,,,13.99,475.66,6,0,Aditya,India,Odisha,Female,1976-10-07,2025-08-08,N,100.0,1.0
4578-DXITS,2021-04-15,Paid,2022-04-15,Premium,Annual,2023-06-25,Too expensive,22.99,597.74,69,1,Vishal,India,Uttar Pradesh,Male,1986-05-06,2023-04-26,N,80.0,1.0
4155-WNHCP,2023-04-23,Paid,2024-04-23,Basic,Annual,,,6.99,223.68,52,0,Meera,India,Tamil Nadu,Male,1960-04-25,2025-10-16,Y,60.0,1.0
9892-BQUEA,2024-11-28,Paid,2025-11-28,Standard,Monthly,,,15.99,207.87,38,0,Kavya,India,West Bengal,Male,1962-09-19,2025-04-04,N,100.0,1.0
6476-XYPTB,2022-09-17,Organic,2023-09-17,Premium,Monthly,2023-05-06,Too expensive,24.99,174.93,11,1,Rohan,India,Punjab,Male,1982-05-19,2023-02-17,N,60.0,1.0
8682-DVSAC,2020-01-25,Referral,2021-01-25,Standard,Annual,2022-04-03,Switched to competitor,13.99,363.74,98,1,Aarav,India,Haryana,Male,2000-07-02,,,,
3628-ZRUJE,2020-07-22,Referral,2021-07-22,Standard,Annual,,,13.99,923.34,46,0,Pooja,India,Tamil Nadu,Male,1997-02-08,,,,
2089-VRXBR,2020-01-27,Referral,2021-01-27,Basic,Annual,,,6.99,503.28,57,0,Akash,India,Odisha,Male,1975-05-15,2020-08-29,N,90.0,1.0
7673-JHCMA,2022-09-19,Organic,2023-09-19,Premium,Annual,2023-05-15,Not enough content,22.99,160.93,93,1,Akash,India,Odisha,Female,1963-12-23,2022-12-13,Y,60.0,2.0
9685-WFBWY,2020-06-28,Organic,2021-06-28,Premium,Monthly,,,22.99,1540.33,54,0,Shreya,India,Gujarat,Male,2002-08-05,,,,
3716-FWDZX,2022-10-06,Paid,2023-10-06,Standard,Annual,,,14.99,584.61,36,0,Akash,India,Telangana,Female,1982-09-03,,,,
4891-SZXTG,2023-09-08,Organic,2024-09-08,Premium,Annual,2024-01-25,Not enough content,23.99,95.96,94,1,Rohan,India,Rajasthan,Male,1976-05-25,2023-10-15,Y,10.0,1.0
1447-OTNNR,2021-05-20,Paid,2022-05-20,Standard,Annual,2023-04-11,Poor streaming quality,15.99,367.77,45,1,Aarav,India,Maharashtra,Female,1986-01-02,,,,
8810-MYOHZ,2020-11-26,Organic,2021-11-26,Premium,Monthly,,,23.99,1487.38,15,0,Rahul,India,West Bengal,Male,1993-08-16,,,,
7264-WKSWZ,2021-07-27,Paid,2022-07-27,Basic,Monthly,2023-08-12,Poor streaming quality,6.99,167.76,98,1,Shreya,India,Kerala,Male,1960-04-11,2022-11-24,N,60.0,1.0
7193-WQBMC,2020-09-21,Paid,2021-09-21,Premium,Annual,2021-12-20,Poor streaming quality,22.99,344.85,98,1,Aditi,India,West Bengal,Female,2004-11-01,2021-10-20,Y,60.0,2.0
3479-TKSAE,2019-01-18,Referral,2020-01-18,Basic,Annual,,,6.99,587.16,13,0,Aarav,India,Bihar,Female,1986-11-11,2021-06-07,N,100.0,2.0
5515-UYALX,2019-06-11,Paid,2020-06-11,Basic,Monthly,,,6.99,552.21,68,0,Aditya,India,Bihar,Female,1976-12-27,2024-05-18,Y,20.0,1.0
2599-NREGD,2023-05-16,Paid,2024-05-16,Basic,Monthly,2025-11-01,Forgot to cancel trial,6.99,209.7,81,1,Diya,India,Tamil Nadu,Male,2000-07-13,2025-05-09,N,60.0,3.0
4088-MZNTY,2023-10-05,Organic,2024-10-05,Standard,Monthly,,,13.99,377.73,46,0,Karan,India,Tamil Nadu,Female,1969-12-12,2025-11-12,N,90.0,1.0
5662-NNUCU,2019-10-28,Paid,2020-10-28,Standard,Monthly,2021-03-15,Not enough content,13.99,223.84,79,1,Vishal,India,Karnataka,Male,1979-02-27,2020-04-07,Y,60.0,1.0
3272-SLXYO,2024-02-27,Paid,2025-02-27,Standard,Annual,,,13.99,307.78,85,0,Sneha,India,Maharashtra,Male,1985-02-20,,,,
2112-SCDLY,2023-10-12,Organic,2024-10-12,Standard,Monthly,,,13.99,377.73,92,0,Tanvi,India,Telangana,Female,1991-08-07,,,,
1764-ARDOF,2021-12-22,Paid,2022-12-22,Premium,Annual,,,23.99,1175.51,4,0,Riya,India,Punjab,Female,1960-04-28,,,,
0960-OPEEL,2021-10-09,Paid,2022-10-09,Premium,Monthly,,,24.99,1274.49,20,0,Kavya,India,Punjab,Male,2001-11-29,,,,
8965-YHHIQ,2022-09-26,Paid,2023-09-26,Standard,Annual,,,14.99,584.61,89,0,Sakshi,India,Rajasthan,Female,2004-01-06,2023-11-17,N,100.0,1.0
5381-WXABF,2020-08-21,Paid,2021-08-21,Standard,Annual,2022-03-12,Not enough content,13.99,251.82,54,1,Vishal,India,Telangana,Female,2003-04-08,2021-11-28,N,90.0,2.0
9166-MMSNS,2023-12-23,Paid,2024-12-23,Premium,Monthly,,,24.99,599.76,35,0,Ishaan,India,Delhi,Female,1990-07-29,,,,
2812-TCTUW,2023-09-06,Organic,2024-09-06,Basic,Monthly,,,6.99,195.72,74,0,Akash,India,Gujarat,Female,1961-05-29,2023-11-30,N,80.0,1.0
5930-GTUHV,2021-03-15,Paid,2022-03-15,Standard,Annual,,,13.99,811.42,1,0,Shreya,India,Telangana,Male,1972-01-15,2023-12-31,N,100.0,1.0
1166-ISJWF,2024-09-06,Paid,2025-09-06,Basic,Monthly,,,6.99,111.84,33,0,Karan,India,Odisha,Male,1979-06-09,,,,
6593-UHNKN,2021-07-14,Paid,2022-07-14,Standard,Annual,,,13.99,755.46,27,0,Meera,India,Maharashtra,Male,1995-09-18,2025-01-05,N,80.0,1.0
1035-BPRWI,2019-11-13,Paid,2020-11-13,Premium,Annual,,,22.99,1701.26,34,0,Akash,India,Rajasthan,Female,1968-02-11,,,,
9341-ZTOSH,2019-08-01,Referral,2020-08-01,Basic,Annual,2021-12-21,Forgot to cancel trial,8.99,260.71,82,1,Sneha,India,Karnataka,Female,1985-01-30,,,,
8374-WCDHZ,2019-11-14,Paid,2020-11-14,Premium,Annual,,,23.99,1775.26,7,0,Aditya,India,Rajasthan,Male,1963-01-18,,,,
4510-FCRLR,2023-11-01,Organic,2024-11-01,Standard,Annual,2024-03-31,Forgot to cancel trial,13.99,69.95,70,1,Shreya,India,Haryana,Female,1972-09-06,2024-03-17,N,70.0,1.0
4812-WBWUX,2022-11-11,Referral,2023-11-11,Standard,Annual,,,13.99,531.62,13,0,Akash,India,Gujarat,Female,1964-02-24,,,,
0332-WARFG,2021-01-25,Paid,2022-01-25,Premium,Monthly,,,24.99,1499.4,25,0,Riya,India,Haryana,Female,1989-04-16,,,,
6997-SNMIZ,2023-03-19,Paid,2024-03-19,Premium,Annual,,,23.99,791.67,75,0,Shreya,India,Tamil Nadu,Female,1988-02-18,,,,
9251-IUVBM,2023-10-05,Organic,2024-10-05,Premium,Monthly,2025-07-30,Poor streaming quality,22.99,505.78,95,1,Meera,India,Tamil Nadu,Male,1972-11-26,2025-07-18,N,100.0,2.0
1948-UZHKL,2020-07-02,Paid,2021-07-02,Standard,Monthly,,,15.99,1055.34,88,0,Pooja,India,Kerala,Male,2002-10-23,2024-01-26,N,80.0,1.0
7563-TQEWJ,2023-06-23,Paid,2024-06-23,Standard,Monthly,,,15.99,479.7,2,0,Rahul,India,Telangana,Female,1978-12-04,,,,
9120-FABTN,2022-05-28,Paid,2023-05-28,Basic,Annual,2023-09-07,Not enough content,6.99,104.85,57,1,Riya,India,Kerala,Male,1978-10-28,2022-06-03,N,70.0,1.0
5997-JVTED,2019-12-14,Referral,2020-12-14,Premium,Monthly,2021-10-27,Too expensive,22.99,505.78,54,1,Priya,India,Telangana,Female,1976-08-13,,,,
7721-DRUDB,2023-12-20,Referral,2024-12-20,Standard,Annual,,,13.99,335.76,23,0,Sakshi,India,Telangana,Male,1972-12-06,,,,
2529-YNWQC,2021-05-02,Organic,2022-05-02,Premium,Annual,,,22.99,1287.44,93,0,Neha,India,West Bengal,Male,1987-08-23,2024-10-01,Y,40.0,1.0
0335-USGSQ,2021-04-24,Referral,2022-04-24,Premium,Monthly,,,22.99,1310.43,26,0,Nikhil,India,Gujarat,Male,1989-07-03,,,,
0748-RWTEW,2023-09-21,Organic,2024-09-21,Basic,Monthly,2025-07-01,Not enough content,6.99,146.79,96,1,Rahul,India,Gujarat,Female,1983-09-08,,,,
1503-TJBQZ,2019-06-13,Referral,2020-06-13,Basic,Annual,,,6.99,552.21,10,0,Pooja,India,Tamil Nadu,Male,1990-02-02,,,,
0078-NZEKH,2024-03-08,Referral,2025-03-08,Standard,Monthly,2026-08-13,Switched to competitor,13.99,405.71,74,1,Rohan,India,Madhya Pradesh,Male,1984-05-18,2024-09-29,Y,40.0,1.0
5855-DWNDN,2019-08-16,Organic,2020-08-16,Basic,Monthly,2021-12-15,Too expensive,6.99,195.72,59,1,Varun,India,Madhya Pradesh,Female,2004-08-11,2020-10-26,Y,30.0,1.0
2216-QOBII,2021-11-10,Organic,2022-11-10,Basic,Annual,,,8.99,449.5,19,0,Rahul,India,Rajasthan,Male,1976-05-22,2024-09-14,N,100.0,1.0
7865-JZUOY,2021-05-23,Organic,2022-05-23,Basic,Annual,,,6.99,391.44,1,0,Diya,India,Tamil Nadu,Female,1973-02-13,,,,
0107-PRQEQ,2022-03-15,Organic,2023-03-15,Standard,Annual,,,13.99,643.54,37,0,Aditya,India,Tamil Nadu,Male,1982-04-21,2023-10-29,N,80.0,1.0
0760-FGBJB,2024-07-10,Referral,2025-07-10,Basic,Annual,,,6.99,118.83,96,0,Rohan,India,Karnataka,Female,1964-07-29,2025-09-08,Y,30.0,2.0
1199-TTJUP,2023-02-08,Organic,2024-02-08,Standard,Monthly,,,13.99,489.65,3,0,Karan,India,West Bengal,Male,1999-04-20,,,,
7710-MULOK,2022-04-25,Referral,2023-04-25,Basic,Monthly,,,8.99,395.56,1,0,Aditya,India,West Bengal,Male,2005-04-16,,,,
6411-OWDQE,2024-03-16,Organic,2025-03-16,Basic,Monthly,,,6.99,146.79,57,0,Ishaan,India,Odisha,Female,1977-05-09,2025-02-13,Y,10.0,1.0
6819-OVGTG,2021-03-23,Organic,2022-03-23,Basic,Monthly,2022-10-18,Poor streaming quality,6.99,132.81,64,1,Shreya,India,Delhi,Female,1968-04-08,2022-03-22,N,80.0,1.0
3662-NFDBE,2022-10-02,Paid,2023-10-02,Standard,Annual,,,13.99,545.61,15,0,Nikhil,India,Telangana,Male,1990-05-05,,,,
9981-FSSJA,2022-05-11,Organic,2023-05-11,Basic,Annual,,,6.99,307.56,73,0,Neha,India,Kerala,Female,1985-02-14,,,,
2795-ZFWWQ,2020-12-06,Referral,2021-12-06,Standard,Monthly,,,15.99,975.39,87,0,Meera,India,Bihar,Female,1992-12-25,2025-02-10,Y,10.0,2.0
1782-DJNBX,2023-03-03,Organic,2024-03-03,Premium,Annual,2025-07-21,Not enough content,24.99,724.71,91,1,Varun,India,Punjab,Male,1995-08-05,,,,
4298-ZOOWJ,2021-10-03,Referral,2022-10-03,Basic,Monthly,2023-04-28,Forgot to cancel trial,6.99,132.81,76,1,Ananya,India,Rajasthan,Female,1985-02-09,,,,
5240-GBGAI,2022-01-10,Organic,2023-01-10,Premium,Monthly,2024-02-01,Poor streaming quality,23.99,599.75,92,1,Kavya,India,Madhya Pradesh,Female,1977-07-31,,,,
1682-TZWTG,2020-08-02,Referral,2021-08-02,Premium,Annual,,,22.99,1494.35,73,0,Neha,India,Bihar,Female,2004-07-16,2023-03-18,Y,30.0,1.0
5025-WCPJK,2020-03-23,Organic,2021-03-23,Premium,Monthly,,,22.99,1609.3,56,0,Varun,India,Tamil Nadu,Male,1997-12-02,2025-12-21,N,70.0,1.0
0762-ROPOR,2019-04-08,Organic,2020-04-08,Basic,Monthly,,,8.99,728.19,32,0,Diya,India,Uttar Pradesh,Male,1974-02-02,,,,
0298-JFTMI,2021-08-14,Referral,2022-08-14,Standard,Monthly,,,14.99,794.47,80,0,Mohan,India,Madhya Pradesh,Male,1969-09-24,2025-04-05,Y,60.0,2.0
1830-JCFSR,2021-06-05,Organic,2022-06-05,Basic,Monthly,,,6.99,384.45,64,0,Rahul,India,Kerala,Female,1998-09-30,2025-05-23,N,100.0,1.0
3503-IAYCE,2022-03-22,Referral,2023-03-22,Basic,Annual,,,8.99,413.54,47,0,Pooja,India,Uttar Pradesh,Male,1963-12-06,,,,
3303-FWVED,2021-08-05,Paid,2022-08-05,Premium,Annual,,,23.99,1271.47,43,0,Ishaan,India,Tamil Nadu,Male,1995-04-17,,,,
9226-ZONDX,2020-06-01,Paid,2021-06-01,Premium,Monthly,,,22.99,1540.33,1,0,Varun,India,Delhi,Female,1995-07-16,,,,
3869-EHPSJ,2022-10-09,Paid,2023-10-09,Premium,Annual,2023-01-07,Switched to competitor,22.99,68.97,72,1,Rahul,India,Tamil Nadu,Male,1994-09-28,,,,
8126-VCEYP,2020-07-14,Referral,2021-07-14,Premium,Monthly,,,22.99,1517.34,43,0,Ananya,India,Rajasthan,Male,1961-01-08,2025-05-15,N,100.0,1.0
3280-DKTNU,2023-12-24,Organic,2024-12-24,Standard,Monthly,,,13.99,335.76,62,0,Diya,India,Delhi,Female,1961-11-30,,,,
5833-RPOMJ,2021-02-05,Organic,2022-02-05,Premium,Monthly,,,24.99,1474.41,65,0,Riya,India,Madhya Pradesh,Male,1991-07-31,,,,
8781-YAAST,2020-10-24,Organic,2021-10-24,Basic,Monthly,,,7.99,503.37,37,0,Ishaan,India,Bihar,Male,1999-03-16,,,,
5604-SESRL,2020-01-09,Referral,2021-01-09,Standard,Monthly,2021-02-10,Not enough content,13.99,181.87,65,1,Karan,India,Telangana,Female,1998-06-18,,,,
7951-SSHZE,2023-01-05,Referral,2024-01-05,Basic,Monthly,,,6.99,251.64,9,0,Ishaan,India,Karnataka,Male,1977-06-06,,,,
2911-KSRPI,2021-09-01,Organic,2022-09-01,Premium,Monthly,,,23.99,1247.48,56,0,Nikhil,India,Delhi,Male,1965-10-25,,,,
7911-CCGPN,2022-10-23,Organic,2023-10-23,Standard,Annual,,,14.99,569.62,65,0,Akash,India,Maharashtra,Female,1970-10-31,,,,
0699-GFHCL,2024-11-11,Paid,2025-11-11,Premium,Annual,,,22.99,298.87,9,0,Mohan,India,Maharashtra,Female,1999-09-25,,,,
0362-DBOFW,2019-05-17,Organic,2020-05-17,Premium,Annual,,,22.99,1839.2,64,0,Aditi,India,Madhya Pradesh,Male,1984-11-21,,,,
8265-SBYGQ,2022-09-20,Organic,2023-09-20,Premium,Monthly,,,22.99,896.61,93,0,Mohan,India,Bihar,Male,1991-04-19,2024-06-09,Y,40.0,2.0
1471-OSRCH,2020-11-09,Referral,2021-11-09,Premium,Annual,,,22.99,1425.38,1,0,Sneha,India,Bihar,Male,2003-05-21,,,,
2518-LXATK,2019-05-26,Paid,2020-05-26,Premium,Monthly,,,22.99,1839.2,31,0,Varun,India,West Bengal,Female,1987-12-22,,,,
8133-TTYYC,2024-02-13,Referral,2025-02-13,Premium,Annual,2026-02-25,Not enough content,24.99,599.76,94,1,Tanvi,India,Tamil Nadu,Male,2005-03-07,,,,
1699-NDGFC,2021-11-05,Referral,2022-11-05,Standard,Monthly,2022-12-22,Forgot to cancel trial,13.99,181.87,80,1,Varun,India,Rajasthan,Male,1964-09-28,2022-09-16,Y,30.0,2.0
1029-QTUUZ,2020-03-03,Paid,2021-03-03,Standard,Annual,,,13.99,979.3,64,0,Shreya,India,Tamil Nadu,Female,1970-07-03,2023-11-19,N,90.0,2.0
1800-ODKCQ,2022-09-22,Paid,2023-09-22,Basic,Annual,2024-11-09,Switched to competitor,7.99,199.75,84,1,Aditi,India,Odisha,Male,1973-09-20,2023-12-30,N,90.0,2.0
8207-BIHCP,2022-07-10,Organic,2023-07-10,Basic,Annual,2024-08-09,Poor streaming quality,7.99,199.75,94,1,Pooja,India,Gujarat,Male,1999-05-11,,,,
9622-DZGPY,2022-10-25,Referral,2023-10-25,Basic,Monthly,,,6.99,265.62,24,0,Akash,India,Karnataka,Female,1979-02-22,,,,
1673-METFV,2020-05-28,Referral,2021-05-28,Standard,Monthly,,,15.99,1087.32,42,0,Akash,India,West Bengal,Female,1970-12-07,,,,
1219-HJCJC,2023-11-20,Organic,2024-11-20,Premium,Annual,2024-04-06,Not enough content,23.99,95.96,17,1,Karan,India,Madhya Pradesh,Female,1977-10-24,,,,
7738-SJMWT,2019-02-22,Referral,2020-02-22,Standard,Monthly,,,15.99,1327.17,9,0,Kavya,India,Haryana,Female,1974-02-04,,,,
6079-LOCOO,2021-09-04,Organic,2022-09-04,Basic,Annual,2022-12-18,Forgot to cancel trial,8.99,134.85,85,1,Ananya,India,Madhya Pradesh,Male,2002-08-27,2022-03-18,Y,40.0,3.0
7650-JYCKG,2021-08-17,Paid,2022-08-17,Premium,Monthly,2022-09-27,Forgot to cancel trial,22.99,298.87,92,1,Sneha,India,Maharashtra,Female,1975-03-25,2022-08-04,Y,20.0,2.0
8553-DAEEX,2019-03-10,Referral,2020-03-10,Standard,Monthly,,,13.99,1147.18,9,0,Neha,India,Kerala,Male,1970-08-22,,,,
5228-XBKIO,2021-09-21,Paid,2022-09-21,Premium,Monthly,,,24.99,1299.48,58,0,Vishal,India,Rajasthan,Female,1982-09-01,2021-10-14,N,60.0,1.0
4618-WPABU,2019-05-24,Referral,2020-05-24,Basic,Annual,2021-11-04,Switched to competitor,6.99,202.71,41,1,Aditi,India,Gujarat,Female,2005-09-20,,,,
7949-DHCIP,2019-01-09,Paid,2020-01-09,Standard,Monthly,2019-02-19,Poor streaming quality,13.99,13.99,61,1,Diya,India,Uttar Pradesh,Male,2005-10-01,,,,
7107-FBYRE,2020-10-14,Paid,2021-10-14,Basic,Annual,,,6.99,440.37,11,0,Tanvi,India,Gujarat,Male,1986-10-25,,,,
7550-GPXRX,2021-10-02,Referral,2022-10-02,Standard,Monthly,2021-11-15,Not enough content,13.99,13.99,72,1,Mohan,India,Tamil Nadu,Male,2005-08-12,2021-10-12,Y,40.0,1.0
0610-YYTAE,2022-09-04,Paid,2023-09-04,Basic,Annual,2023-02-18,Switched to competitor,6.99,34.95,55,1,Neha,India,Odisha,Female,1982-08-02,,,,
2104-VQMCS,2019-01-07,Referral,2020-01-07,Standard,Monthly,,,13.99,1189.15,56,0,Aditya,India,Tamil Nadu,Male,1992-04-22,,,,
9593-YAOYD,2023-05-02,Referral,2024-05-02,Standard,Annual,2025-08-29,Too expensive,14.99,419.72,87,1,Kavya,India,Maharashtra,Male,1962-08-21,,,,
8309-VMUSN,2024-01-03,Organic,2025-01-03,Premium,Annual,,,22.99,551.76,60,0,Aditi,India,Haryana,Female,1975-01-06,,,,
7228-FIIXN,2023-03-12,Paid,2024-03-12,Premium,Monthly,,,22.99,781.66,61,0,Tanvi,India,Haryana,Female,1975-10-28,,,,
0123-VNPHO,2022-12-02,Referral,2023-12-02,Premium,Monthly,,,24.99,924.63,18,0,Nikhil,India,Maharashtra,Female,1991-02-08,,,,
0357-ZQJNS,2021-04-15,Referral,2022-04-15,Premium,Annual,,,22.99,1310.43,45,0,Aarav,India,Telangana,Male,2004-05-30,,,,
8575-KSTCF,2019-02-08,Referral,2020-02-08,Premium,Monthly,,,22.99,1908.17,7,0,Nikhil,India,Madhya Pradesh,Male,1976-02-18,2022-07-22,N,80.0,1.0
7563-IEVRI,2021-07-13,Paid,2022-07-13,Basic,Annual,,,6.99,377.46,81,0,Vishal,India,Rajasthan,Male,1984-10-26,2022-04-12,Y,50.0,1.0
9786-GIHGL,2020-07-27,Referral,2021-07-27,Standard,Annual,,,13.99,923.34,14,0,Priya,India,Delhi,Male,1969-02-15,,,,
1471-PVRCR,2023-05-04,Referral,2024-05-04,Premium,Annual,,,22.99,735.68,67,0,Kavya,India,Uttar Pradesh,Female,1999-06-11,,,,
5874-UBZMU,2020-11-04,Paid,2021-11-04,Standard,Annual,,,15.99,991.38,10,0,Tanvi,India,Punjab,Female,1998-10-25,,,,
9589-BDMHG,2022-07-18,Referral,2023-07-18,Premium,Annual,,,22.99,965.58,22,0,Karan,India,Uttar Pradesh,Female,2004-11-15,,,,
5479-IUMCB,2022-03-01,Organic,2023-03-01,Premium,Annual,,,22.99,1057.54,79,0,Nikhil,India,Tamil Nadu,Female,2002-12-25,2022-11-11,N,80.0,2.0
6394-DHAIB,2024-09-09,Paid,2025-09-09,Standard,Monthly,2026-08-05,Not enough content,13.99,321.77,75,1,Aditya,India,Uttar Pradesh,Male,1992-12-22,2025-09-14,N,90.0,1.0
8067-RNIRL,2022-12-26,Referral,2023-12-26,Basic,Annual,2024-07-11,Too expensive,7.99,143.82,93,1,Sakshi,India,Gujarat,Male,2004-07-25,2023-07-21,Y,40.0,2.0
2650-HHIBK,2019-04-08,Referral,2020-04-08,Premium,Monthly,,,24.99,2024.19,15,0,Akash,India,Uttar Pradesh,Female,1986-06-28,,,,
3055-QZFCN,2022-02-21,Paid,2023-02-21,Premium,Annual,2024-02-02,Forgot to cancel trial,24.99,574.77,78,1,Ananya,India,Tamil Nadu,Female,1969-05-04,,,,
1884-PVFDO,2022-02-04,Referral,2023-02-04,Standard,Annual,2022-08-04,Too expensive,14.99,89.94,97,1,Rohan,India,Madhya Pradesh,Female,2002-10-06,2022-04-18,Y,10.0,1.0
0699-UJRPG,2019-12-23,Referral,2020-12-23,Standard,Annual,,,14.99,1094.27,97,0,Akash,India,Madhya Pradesh,Female,1975-11-28,2021-06-25,Y,60.0,2.0
4000-PCJIA,2021-02-14,Organic,2022-02-14,Premium,Monthly,,,22.99,1356.41,53,0,Riya,India,Kerala,Male,1989-08-17,2023-12-26,Y,30.0,1.0
5067-ODYIT,2023-12-01,Paid,2024-12-01,Standard,Annual,,,13.99,349.75,53,0,Meera,India,Gujarat,Male,1994-08-31,2025-04-20,N,100.0,1.0
6458-YIVZX,2021-02-16,Organic,2022-02-16,Standard,Monthly,,,14.99,884.41,29,0,Ananya,India,Madhya Pradesh,Male,1972-12-21,,,,
9556-LMNHL,2021-11-14,Organic,2022-11-14,Premium,Annual,2023-01-15,Switched to competitor,23.99,335.86,82,1,Meera,India,Gujarat,Male,1962-01-13,2022-01-14,Y,10.0,1.0
6033-SIKGL,2020-06-28,Organic,2021-06-28,Premium,Monthly,2022-10-03,Not enough content,22.99,620.73,87,1,Tanvi,India,Kerala,Female,1995-09-03,2020-10-24,Y,60.0,1.0
3822-RKVSD,2023-05-25,Referral,2024-05-25,Basic,Monthly,,,6.99,216.69,1,0,Diya,India,Rajasthan,Female,1975-02-23,,,,
7946-GZGJN,2024-02-24,Referral,2025-02-24,Standard,Annual,2025-01-29,Switched to competitor,13.99,153.89,56,1,Rahul,India,Madhya Pradesh,Male,1982-12-20,2024-03-20,N,100.0,1.0
6996-UQNIC,2020-10-12,Referral,2021-10-12,Premium,Monthly,,,22.99,1448.37,47,0,Rohan,India,Madhya Pradesh,Male,1994-11-14,,,,
2187-GVOCH,2023-02-12,Paid,2024-02-12,Premium,Annual,,,24.99,874.65,47,0,Aarav,India,Kerala,Male,1969-05-15,2023-11-13,N,100.0,1.0
3420-QOHHU,2024-12-12,Organic,2025-12-12,Premium,Annual,,,22.99,275.88,84,0,Neha,India,Punjab,Female,1976-12-14,2025-08-16,Y,10.0,1.0
0430-ZZQPU,2023-12-26,Paid,2024-12-26,Basic,Monthly,,,8.99,215.76,44,0,Aditi,India,Madhya Pradesh,Male,2005-10-03,,,,
9728-RVLQP,2022-10-16,Paid,2023-10-16,Basic,Annual,2023-04-25,Forgot to cancel trial,6.99,41.94,65,1,Tanvi,India,Maharashtra,Female,1997-07-11,,,,
1316-ISHBO,2022-11-17,Paid,2023-11-17,Basic,Monthly,2023-04-06,Forgot to cancel trial,6.99,27.96,5,1,Varun,India,Bihar,Female,1985-10-04,,,,
9369-YCSNO,2023-10-24,Paid,2024-10-24,Basic,Annual,,,6.99,181.74,15,0,Pooja,India,Rajasthan,Male,1996-02-06,,,,
2536-WBQBJ,2024-01-20,Referral,2025-01-20,Basic,Monthly,,,7.99,183.77,95,0,Ishaan,India,Maharashtra,Male,1967-07-06,2025-12-17,Y,40.0,2.0
5735-CFDKY,2024-08-25,Paid,2025-08-25,Standard,Monthly,,,13.99,223.84,8,0,Kavya,India,Telangana,Male,1966-07-06,,,,
7016-WCWOV,2019-07-11,Organic,2020-07-11,Premium,Annual,2020-05-01,Too expensive,23.99,215.91,51,1,Aditi,India,Haryana,Male,1969-08-07,,,,
0757-KJODX,2023-07-23,Referral,2024-07-23,Basic,Monthly,,,7.99,231.71,36,0,Akash,India,Punjab,Female,1999-11-08,,,,
9987-IHMMV,2024-05-28,Paid,2025-05-28,Premium,Monthly,,,22.99,436.81,31,0,Varun,India,Kerala,Male,1967-05-03,,,,
6284-PRWXQ,2019-12-18,Paid,2020-12-18,Basic,Annual,,,7.99,583.27,65,0,Diya,India,Madhya Pradesh,Female,1982-02-05,2020-01-13,Y,50.0,1.0
8232-WMIID,2020-04-11,Referral,2021-04-11,Standard,Annual,2020-12-18,Forgot to cancel trial,13.99,111.92,83,1,Kavya,India,Karnataka,Female,1998-04-26,,,,
2915-HBHNQ,2020-09-22,Paid,2021-09-22,Standard,Annual,2021-10-10,Forgot to cancel trial,13.99,167.88,61,1,Ananya,India,Maharashtra,Female,1971-01-18,2021-05-08,N,90.0,1.0
4348-OYIGO,2024-08-18,Organic,2025-08-18,Premium,Monthly,2025-09-11,Forgot to cancel trial,22.99,275.88,76,1,Rohan,India,Telangana,Male,1961-11-21,2024-10-07,Y,60.0,1.0
4099-UNBGI,2024-10-09,Paid,2025-10-09,Basic,Monthly,,,6.99,97.86,64,0,Ananya,India,Madhya Pradesh,Female,1980-08-02,,,,
5835-SXOYL,2020-03-18,Referral,2021-03-18,Basic,Annual,,,6.99,489.3,7,0,Varun,India,Odisha,Female,2000-04-29,,,,
3152-UYEEI,2020-06-05,Paid,2021-06-05,Basic,Monthly,2020-12-18,Forgot to cancel trial,6.99,41.94,63,1,Riya,India,Telangana,Male,1965-03-10,2020-11-17,N,90.0,1.0
9112-JGPYH,2023-03-27,Referral,2024-03-27,Standard,Monthly,,,14.99,494.67,53,0,Karan,India,West Bengal,Female,1969-04-07,,,,
4864-SZLSE,2021-06-01,Referral,2022-06-01,Premium,Annual,,,22.99,1264.45,11,0,Varun,India,Kerala,Female,1960-05-05,,,,
5229-PNLUL,2021-08-17,Referral,2022-08-17,Basic,Annual,2022-12-21,Forgot to cancel trial,7.99,127.84,84,1,Mohan,India,Rajasthan,Male,2003-01-20,2022-09-22,N,70.0,2.0
1781-OWVJM,2024-12-05,Referral,2025-12-05,Premium,Monthly,2027-02-10,Not enough content,23.99,623.74,85,1,Arjun,India,Delhi,Female,1997-09-26,2025-11-24,Y,20.0,2.0
1842-NXSAR,2019-02-03,Paid,2020-02-03,Premium,Annual,,,24.99,2099.16,7,0,Sneha,India,Telangana,Female,1968-03-26,,,,
1397-JXNSE,2021-02-28,Referral,2022-02-28,Standard,Annual,,,13.99,811.42,9,0,Aditi,India,Delhi,Female,1980-05-20,,,,
6592-WCLPP,2020-08-19,Referral,2021-08-19,Standard,Monthly,,,13.99,909.35,53,0,Ishaan,India,Maharashtra,Male,1960-01-16,2020-10-29,N,80.0,1.0
9256-TIZRW,2020-07-05,Paid,2021-07-05,Basic,Monthly,,,6.99,461.34,88,0,Vishal,India,Delhi,Female,1999-08-16,2022-05-09,N,80.0,1.0
4576-LPARZ,2021-02-02,Organic,2022-02-02,Standard,Annual,,,13.99,825.41,38,0,Varun,India,Rajasthan,Female,1999-08-02,,,,
6992-FUKLN,2024-08-15,Paid,2025-08-15,Basic,Monthly,,,6.99,111.84,54,0,Ananya,India,Rajasthan,Male,2002-05-31,,,,
9910-ATFUW,2020-01-17,Organic,2021-01-17,Basic,Annual,,,6.99,503.28,33,0,Aditi,India,Bihar,Female,1981-11-17,,,,
8526-EXLHX,2022-10-26,Paid,2023-10-26,Basic,Monthly,,,6.99,265.62,43,0,Karan,India,West Bengal,Female,1983-04-23,,,,
9025-FRYQA,2019-10-26,Paid,2020-10-26,Premium,Annual,,,22.99,1724.25,63,0,Tanvi,India,Bihar,Male,1980-10-19,,,,
5635-XXVJC,2020-08-07,Paid,2021-08-07,Premium,Monthly,2022-02-09,Not enough content,22.99,413.82,70,1,Ishaan,India,Uttar Pradesh,Male,1990-04-22,,,,
5438-FFFTQ,2019-12-12,Paid,2020-12-12,Premium,Annual,,,22.99,1678.27,28,0,Aditya,India,Rajasthan,Female,1962-09-30,,,,
7356-PTFNI,2022-05-22,Paid,2023-05-22,Basic,Monthly,,,8.99,386.57,44,0,Riya,India,Haryana,Male,1977-05-08,,,,
8006-DFGJP,2019-02-12,Organic,2020-02-12,Standard,Annual,,,15.99,1327.17,87,0,Aarav,India,Karnataka,Female,1997-04-08,2024-01-25,N,70.0,2.0
9427-UKMXI,2023-05-07,Referral,2024-05-07,Premium,Annual,,,24.99,799.68,69,0,Kavya,India,Tamil Nadu,Female,1975-09-03,,,,
3973-KYNOZ,2022-08-08,Referral,2023-08-08,Standard,Monthly,,,13.99,573.59,59,0,Kavya,India,Gujarat,Male,1977-02-06,2022-08-30,Y,40.0,1.0
4220-CNXDD,2022-01-21,Organic,2023-01-21,Standard,Monthly,2024-05-02,Switched to competitor,14.99,404.73,22,1,Mohan,India,Kerala,Male,2002-11-13,,,,
8428-PDDJS,2019-04-24,Referral,2020-04-24,Premium,Annual,,,23.99,1943.19,56,0,Aditi,India,Madhya Pradesh,Female,1987-01-05,,,,
8142-VPOTK,2020-10-18,Referral,2021-10-18,Standard,Monthly,2021-08-05,Switched to competitor,13.99,125.91,88,1,Nikhil,India,West Bengal,Male,1963-05-09,2021-03-24,Y,20.0,1.0
1946-QHVGP,2022-10-11,Referral,2023-10-11,Standard,Monthly,,,13.99,545.61,14,0,Pooja,India,Delhi,Female,1968-02-19,,,,
6470-DKOGR,2023-03-18,Paid,2024-03-18,Standard,Monthly,,,13.99,461.67,43,0,Akash,India,Gujarat,Female,1982-02-26,,,,
2935-PYGOM,2019-03-01,Organic,2020-03-01,Basic,Annual,,,6.99,580.17,72,0,Akash,India,Kerala,Female,1961-02-17,2023-05-03,Y,30.0,1.0
2551-BOHUK,2024-08-02,Paid,2025-08-02,Basic,Annual,,,7.99,135.83,29,0,Varun,India,Kerala,Male,1969-04-04,,,,
8172-HJKDQ,2020-10-02,Organic,2021-10-02,Premium,Annual,,,23.99,1511.37,36,0,Neha,India,Bihar,Male,1977-04-04,,,,
9349-MYUNM,2023-01-28,Organic,2024-01-28,Premium,Monthly,,,22.99,804.65,57,0,Shreya,India,Rajasthan,Male,1982-01-26,,,,
9644-DREIA,2022-09-20,Paid,2023-09-20,Basic,Annual,,,6.99,272.61,33,0,Meera,India,Bihar,Female,1967-10-07,2025-03-23,N,90.0,1.0
9882-IZHNP,2021-05-23,Referral,2022-05-23,Standard,Monthly,,,13.99,783.44,11,0,Shreya,India,Maharashtra,Male,1983-10-03,,,,
8937-UTDIT,2022-02-13,Referral,2023-02-13,Standard,Monthly,2023-10-20,Too expensive,13.99,279.8,86,1,Meera,India,Bihar,Female,1975-10-28,2023-04-11,N,80.0,1.0
6127-IQSKG,2022-03-11,Referral,2023-03-11,Basic,Annual,,,6.99,321.54,3,0,Sakshi,India,Delhi,Male,2005-05-14,,,,
3193-HRJFN,2019-09-12,Paid,2020-09-12,Premium,Monthly,2021-12-08,Too expensive,22.99,620.73,87,1,Rahul,India,West Bengal,Female,1968-12-15,2021-12-04,N,90.0,1.0
9520-NVPMF,2021-04-27,Organic,2022-04-27,Premium,Monthly,,,23.99,1343.44,4,0,Aditya,India,Kerala,Female,1978-05-03,,,,
6897-XMBQC,2020-05-07,Paid,2021-05-07,Basic,Annual,,,7.99,543.32,48,0,Karan,India,Telangana,Female,1986-07-10,,,,
2248-WYJBG,2024-03-09,Paid,2025-03-09,Premium,Annual,,,23.99,527.78,51,0,Riya,India,Tamil Nadu,Male,1992-01-05,2025-12-18,N,60.0,2.0
2748-MKQPS,2023-04-02,Referral,2024-04-02,Basic,Annual,,,6.99,230.67,25,0,Aditya,India,Karnataka,Female,2000-06-10,,,,
8683-PCXNM,2022-12-06,Organic,2023-12-06,Standard,Monthly,,,13.99,517.63,71,0,Sakshi,India,Odisha,Male,1978-06-10,,,,
0358-SOLGC,2023-07-22,Paid,2024-07-22,Standard,Monthly,,,13.99,405.71,66,0,Tanvi,India,Rajasthan,Female,1979-03-21,,,,
0948-RYKCL,2021-12-05,Organic,2022-12-05,Standard,Monthly,2023-07-16,Poor streaming quality,13.99,265.81,83,1,Aditya,India,Odisha,Male,1969-03-21,,,,
9349-NXASL,2023-08-21,Organic,2024-08-21,Standard,Monthly,,,13.99,391.72,46,0,Riya,India,Rajasthan,Male,2002-09-30,,,,
3118-JOJCZ,2022-07-21,Organic,2023-07-21,Standard,Monthly,,,13.99,573.59,49,0,Aditya,India,Tamil Nadu,Male,1970-06-11,,,,
5909-RRMGP,2022-10-14,Referral,2023-10-14,Premium,Monthly,,,22.99,896.61,33,0,Aditi,India,Odisha,Male,1987-10-14,,,,
2189-IROLY,2024-10-14,Paid,2025-10-14,Premium,Monthly,2026-05-14,Poor streaming quality,23.99,455.81,80,1,Sneha,India,Delhi,Female,1989-05-03,2026-03-12,N,90.0,1.0
1623-WXAAL,2020-10-28,Organic,2021-10-28,Basic,Monthly,2022-03-19,Not enough content,6.99,111.84,98,1,Aditi,India,Bihar,Male,2004-07-22,2022-02-05,Y,20.0,3.0
7357-PTJFM,2023-01-02,Referral,2024-01-02,Standard,Monthly,2023-08-30,Too expensive,15.99,127.92,76,1,Shreya,India,Odisha,Male,1968-10-22,,,,
1742-EBCIV,2021-09-23,Organic,2022-09-23,Premium,Annual,,,22.99,1195.48,29,0,Karan,India,Kerala,Male,1985-06-02,,,,
5171-LMMAN,2020-06-22,Referral,2021-06-22,Standard,Monthly,2022-05-23,Too expensive,13.99,321.77,68,1,Akash,India,Madhya Pradesh,Male,1975-07-30,,,,
0094-XUNSB,2022-01-21,Organic,2023-01-21,Premium,Monthly,,,22.99,1103.52,17,0,Nikhil,India,Rajasthan,Female,1987-08-14,,,,
6485-EGDTX,2019-06-25,Referral,2020-06-25,Premium,Monthly,,,22.99,1816.21,41,0,Aarav,India,Odisha,Female,1962-04-13,,,,
7849-CBKYX,2021-08-25,Paid,2022-08-25,Premium,Annual,,,22.99,1195.48,26,0,Arjun,India,Gujarat,Male,1994-05-11,2025-08-09,N,80.0,1.0
5940-SVHQY,2024-04-03,Referral,2025-04-03,Standard,Annual,2026-09-13,Switched to competitor,15.99,463.71,97,1,Mohan,India,Punjab,Male,1978-07-30,,,,
8934-FICSI,2020-11-10,Paid,2021-11-10,Premium,Annual,,,22.99,1425.38,34,0,Meera,India,West Bengal,Female,1986-12-23,,,,
4254-OGBYD,2020-11-05,Organic,2021-11-05,Standard,Monthly,,,13.99,867.38,26,0,Neha,India,Gujarat,Female,1967-03-05,2022-05-15,N,90.0,1.0
3874-YXSWZ,2019-09-03,Organic,2020-09-03,Standard,Annual,,,13.99,1077.23,10,0,Rohan,India,Madhya Pradesh,Male,1998-05-25,2020-09-07,N,100.0,1.0
5721-VITRB,2019-08-24,Paid,2020-08-24,Premium,Monthly,,,24.99,1924.23,64,0,Sakshi,India,Haryana,Male,2001-03-27,,,,
1815-KFNMQ,2021-01-16,Referral,2022-01-16,Standard,Monthly,,,13.99,839.4,23,0,Akash,India,Kerala,Male,1967-04-09,,,,
0987-NFHNE,2019-07-25,Organic,2020-07-25,Basic,Monthly,,,6.99,545.22,59,0,Aditi,India,Kerala,Male,1982-05-25,,,,
7359-LBTKY,2021-03-11,Organic,2022-03-11,Standard,Monthly,,,15.99,927.42,23,0,Aditi,India,Odisha,Male,1995-11-09,,,,
4789-QLALX,2019-11-19,Organic,2020-11-19,Standard,Monthly,2021-06-28,Switched to competitor,14.99,284.81,58,1,Diya,India,Madhya Pradesh,Female,1972-06-04,,,,
8081-PYJGI,2023-05-19,Paid,2024-05-19,Premium,Annual,,,22.99,712.69,24,0,Arjun,India,Madhya Pradesh,Male,1987-06-29,2024-05-01,N,70.0,1.0
5654-LFUML,2019-01-01,Paid,2020-01-01,Premium,Monthly,,,22.99,1954.15,45,0,Tanvi,India,Punjab,Male,1963-12-19,2022-06-08,N,90.0,1.0
3094-ODJQE,2019-04-09,Referral,2020-04-09,Standard,Annual,,,15.99,1295.19,4,0,Pooja,India,Punjab,Male,1963-11-16,,,,
6287-EDCFQ,2024-02-27,Referral,2025-02-27,Premium,Monthly,,,22.99,505.78,57,0,Pooja,India,Madhya Pradesh,Female,1982-05-28,2025-04-03,N,70.0,1.0
3173-WQGBP,2024-11-10,Organic,2025-11-10,Premium,Monthly,,,22.99,298.87,79,0,Neha,India,Odisha,Male,1999-07-05,2025-10-14,Y,10.0,1.0
4752-LWHUZ,2022-09-05,Organic,2023-09-05,Basic,Annual,,,8.99,359.6,35,0,Sakshi,India,Tamil Nadu,Female,1980-09-23,,,,
4779-RIOUD,2024-11-28,Referral,2025-11-28,Premium,Annual,2025-04-23,Poor streaming quality,23.99,95.96,67,1,Rahul,India,Punjab,Male,1986-01-05,,,,
1034-XSSJJ,2020-07-23,Referral,2021-07-23,Standard,Monthly,,,14.99,989.34,1,0,Aditi,India,Delhi,Male,1985-02-03,,,,
1337-XIHWK,2023-10-13,Organic,2024-10-13,Standard,Annual,,,13.99,377.73,45,0,Tanvi,India,Maharashtra,Male,1983-06-28,,,,
4423-DLNDO,2021-07-15,Paid,2022-07-15,Standard,Annual,,,14.99,809.46,15,0,Aditi,India,Odisha,Male,1978-03-30,,,,
7562-QDMUC,2022-12-23,Organic,2023-12-23,Premium,Annual,2025-03-18,Poor streaming quality,22.99,620.73,62,1,Aarav,India,Haryana,Female,1966-12-21,,,,
8157-CSGHM,2023-07-02,Paid,2024-07-02,Basic,Monthly,,,6.99,209.7,66,0,Neha,India,Gujarat,Female,1990-09-27,,,,
8423-HPNGC,2019-04-14,Referral,2020-04-14,Basic,Monthly,2019-07-29,Not enough content,7.99,23.97,75,1,Priya,India,Haryana,Male,1974-12-11,,,,
3311-HPMXP,2023-06-28,Referral,2024-06-28,Premium,Annual,,,22.99,689.7,55,0,Karan,India,Kerala,Male,1992-08-11,,,,
8455-MQNZO,2024-06-20,Referral,2025-06-20,Standard,Monthly,,,13.99,251.82,43,0,Varun,India,Tamil Nadu,Female,1961-06-30,,,,
3481-KXVFZ,2021-10-03,Referral,2022-10-03,Basic,Monthly,2022-05-10,Too expensive,6.99,48.93,2,1,Pooja,India,Madhya Pradesh,Female,1967-08-13,,,,
6013-VJNXQ,2019-08-26,Referral,2020-08-26,Standard,Monthly,2021-03-04,Too expensive,15.99,287.82,12,1,Arjun,India,Telangana,Female,1977-06-02,,,,
3197-EDLPH,2022-01-13,Referral,2023-01-13,Basic,Monthly,,,6.99,335.52,10,0,Mohan,India,Maharashtra,Female,1979-03-13,2023-05-03,N,100.0,1.0
2406-RSJFJ,2024-09-03,Referral,2025-09-03,Basic,Annual,,,6.99,111.84,44,0,Kavya,India,Tamil Nadu,Female,2002-08-28,,,,
6739-CEPVD,2020-08-20,Referral,2021-08-20,Basic,Monthly,,,6.99,454.35,86,0,Karan,India,Kerala,Female,1976-09-09,2024-04-23,Y,50.0,1.0
8061-COMML,2022-09-03,Referral,2023-09-03,Basic,Monthly,2024-12-25,Too expensive,6.99,195.72,73,1,Shreya,India,Karnataka,Male,1968-12-28,,,,
6455-OMOVC,2023-04-23,Organic,2024-04-23,Standard,Monthly,2025-03-21,Poor streaming quality,14.99,344.77,2,1,Shreya,India,Delhi,Male,1994-02-08,2023-10-07,N,90.0,1.0
2904-SZUQD,2020-12-21,Paid,2021-12-21,Basic,Annual,,,6.99,426.39,1,0,Rohan,India,Madhya Pradesh,Male,1995-10-30,,,,
7036-UTQSU,2024-02-26,Organic,2025-02-26,Basic,Monthly,,,6.99,153.78,20,0,Mohan,India,Rajasthan,Female,1965-09-03,,,,
1767-LSMJK,2021-10-11,Paid,2022-10-11,Standard,Monthly,,,13.99,713.49,56,0,Pooja,India,Punjab,Female,2001-01-22,,,,
4763-HWNBW,2024-03-05,Organic,2025-03-05,Basic,Monthly,,,6.99,153.78,17,0,Pooja,India,Maharashtra,Female,1965-09-12,2025-07-30,N,90.0,1.0
2685-FUPID,2021-06-28,Organic,2022-06-28,Standard,Monthly,2022-01-19,Poor streaming quality,15.99,95.94,70,1,Rahul,India,West Bengal,Male,2005-11-29,2021-11-01,Y,50.0,1.0
4495-CGUQJ,2024-11-25,Referral,2025-11-25,Standard,Monthly,,,13.99,181.87,31,0,Tanvi,India,Rajasthan,Male,1968-01-03,,,,
1714-ATYOC,2022-08-21,Organic,2023-08-21,Basic,Annual,2022-09-24,Too expensive,8.99,8.99,66,1,Diya,India,Punjab,Female,1988-07-14,,,,
6490-TPLFV,2023-02-08,Referral,2024-02-08,Basic,Annual,,,6.99,244.65,81,0,Ananya,India,Telangana,Female,1962-12-02,2025-06-19,Y,40.0,1.0
9133-METEE,2021-04-01,Organic,2022-04-01,Premium,Monthly,,,24.99,1424.43,85,0,Meera,India,West Bengal,Male,1969-05-22,2022-05-07,N,80.0,1.0
2448-DOIEH,2020-06-02,Referral,2021-06-02,Standard,Monthly,2021-06-28,Not enough content,13.99,181.87,69,1,Diya,India,Telangana,Female,1970-01-03,,,,
4196-GDJMI,2020-04-25,Referral,2021-04-25,Basic,Annual,,,8.99,620.31,70,0,Rohan,India,Uttar Pradesh,Male,1979-02-13,2023-04-11,N,80.0,1.0
5132-ZAQYA,2019-02-23,Organic,2020-02-23,Basic,Monthly,,,8.99,746.17,95,0,Rohan,India,Maharashtra,Female,1975-09-21,2023-08-13,Y,40.0,1.0
1582-JQFLL,2023-07-26,Referral,2024-07-26,Standard,Monthly,2023-11-02,Switched to competitor,13.99,41.97,62,1,Nikhil,India,Delhi,Male,2003-08-26,2023-09-23,N,90.0,1.0
8148-WHFOG,2021-04-11,Organic,2022-04-11,Premium,Annual,,,22.99,1310.43,24,0,Varun,India,Tamil Nadu,Female,1964-06-14,,,,
1871-HUWQG,2020-10-12,Organic,2021-10-12,Premium,Annual,,,23.99,1511.37,78,0,Kavya,India,Bihar,Female,1969-08-30,2025-11-09,N,70.0,2.0
9427-GCGZY,2019-03-12,Referral,2020-03-12,Standard,Annual,,,15.99,1311.18,8,0,Vishal,India,Madhya Pradesh,Female,1984-04-28,2024-02-14,N,70.0,1.0
3773-ASJPI,2023-07-28,Paid,2024-07-28,Standard,Annual,,,13.99,405.71,4,0,Diya,India,Punjab,Female,1980-03-02,,,,
4842-XIPBH,2020-06-27,Paid,2021-06-27,Basic,Monthly,,,7.99,535.33,1,0,Aditi,India,Odisha,Female,1972-05-08,,,,
7710-FWGZA,2019-01-27,Paid,2020-01-27,Standard,Monthly,,,13.99,1175.16,34,0,Arjun,India,Punjab,Male,1975-06-09,,,,
7847-NEQHX,2021-03-23,Organic,2022-03-23,Premium,Monthly,,,22.99,1333.42,58,0,Rahul,India,Rajasthan,Female,1985-01-27,2022-10-24,N,70.0,1.0
9316-NFKFM,2019-07-26,Paid,2020-07-26,Premium,Annual,2021-11-24,Forgot to cancel trial,22.99,643.72,84,1,Tanvi,India,West Bengal,Male,1964-07-08,2021-06-02,N,80.0,2.0
6835-WNIAC,2022-05-15,Organic,2023-05-15,Premium,Monthly,,,22.99,1011.56,42,0,Ananya,India,Delhi,Male,1988-11-05,2022-08-11,N,100.0,1.0
1375-MMPRK,2024-01-26,Referral,2025-01-26,Premium,Monthly,,,22.99,528.77,92,0,Neha,India,Kerala,Female,1969-06-02,2024-11-08,N,80.0,1.0
4043-KRUXT,2024-12-05,Organic,2025-12-05,Premium,Monthly,2026-06-16,Not enough content,24.99,449.82,80,1,Nikhil,India,Karnataka,Male,1963-01-27,2025-06-29,N,60.0,1.0
6987-JTQFG,2022-11-05,Organic,2023-11-05,Premium,Annual,,,22.99,873.62,34,0,Rahul,India,Telangana,Female,2001-01-19,,,,
2523-FIFQV,2022-03-08,Organic,2023-03-08,Premium,Annual,,,22.99,1057.54,24,0,Ananya,India,Karnataka,Female,1980-01-31,,,,
2849-MDPKR,2019-08-16,Referral,2020-08-16,Basic,Annual,,,6.99,538.23,65,0,Rahul,India,Gujarat,Male,1987-03-06,,,,
1973-MJGMU,2022-06-02,Paid,2023-06-02,Basic,Monthly,2023-06-12,Not enough content,8.99,107.88,92,1,Tanvi,India,Kerala,Female,1967-03-19,,,,
7479-ZIXDW,2020-07-24,Paid,2021-07-24,Premium,Annual,2021-08-03,Forgot to cancel trial,23.99,287.88,84,1,Ananya,India,Kerala,Female,1965-06-24,,,,
3061-BBRSA,2023-07-14,Referral,2024-07-14,Premium,Annual,,,24.99,749.7,36,0,Aditya,India,West Bengal,Male,1998-09-03,,,,
5117-MIUIT,2023-08-26,Organic,2024-08-26,Standard,Annual,2023-10-05,Not enough content,14.99,14.99,63,1,Priya,India,Madhya Pradesh,Female,2005-10-10,,,,
3298-FUEDS,2023-05-25,Referral,2024-05-25,Standard,Monthly,,,13.99,433.69,24,0,Sakshi,India,Rajasthan,Female,1974-11-21,,,,
3044-XTSGW,2020-11-11,Referral,2021-11-11,Basic,Annual,,,6.99,433.38,45,0,Vishal,India,Rajasthan,Male,1996-08-07,,,,
6421-QHSTX,2020-02-22,Referral,2021-02-22,Standard,Monthly,,,14.99,1064.29,41,0,Pooja,India,Kerala,Female,1997-11-05,,,,
1625-FLWPQ,2019-12-20,Organic,2020-12-20,Basic,Monthly,,,8.99,656.27,65,0,Rohan,India,Rajasthan,Male,1991-06-21,,,,
8648-JQCEC,2023-07-08,Referral,2024-07-08,Standard,Monthly,,,13.99,419.7,44,0,Diya,India,Delhi,Female,1964-06-10,,,,
7321-LUEVJ,2020-08-04,Referral,2021-08-04,Premium,Monthly,,,22.99,1494.35,4,0,Diya,India,Bihar,Male,1976-08-04,,,,
1772-YVWJG,2023-12-05,Paid,2024-12-05,Basic,Monthly,2024-12-13,Too expensive,7.99,95.88,78,1,Aditi,India,Odisha,Male,1982-11-27,2024-02-13,N,60.0,1.0
1894-VWRRG,2021-11-15,Organic,2022-11-15,Premium,Monthly,,,22.99,1149.5,45,0,Priya,India,Maharashtra,Male,1983-04-03,,,,
9331-ESGBU,2024-04-09,Organic,2025-04-09,Premium,Monthly,2026-08-14,Poor streaming quality,22.99,643.72,82,1,Diya,India,Madhya Pradesh,Female,1998-10-20,,,,
0613-ITMJR,2022-09-08,Paid,2023-09-08,Basic,Monthly,2024-07-25,Not enough content,6.99,153.78,29,1,Ishaan,India,Telangana,Male,2002-06-09,,,,
4329-IVPJC,2019-06-08,Paid,2020-06-08,Basic,Monthly,2019-10-08,Too expensive,6.99,27.96,82,1,Ananya,India,Delhi,Female,1987-05-09,2019-07-28,Y,50.0,1.0
0728-UBFMC,2021-07-24,Paid,2022-07-24,Basic,Monthly,2023-07-23,Poor streaming quality,8.99,215.76,87,1,Pooja,India,Madhya Pradesh,Female,1974-03-15,,,,
0476-GNKNS,2024-02-25,Organic,2025-02-25,Basic,Monthly,2025-09-22,Forgot to cancel trial,6.99,132.81,76,1,Rahul,India,Telangana,Female,1990-03-30,2025-01-29,Y,50.0,1.0
3232-SSQZK,2023-04-19,Referral,2024-04-19,Premium,Monthly,,,22.99,735.68,86,0,Vishal,India,Gujarat,Female,1976-01-31,2023-08-30,N,60.0,1.0
8682-HHGPH,2021-07-20,Organic,2022-07-20,Basic,Monthly,,,7.99,431.46,40,0,Varun,India,Punjab,Female,1997-10-21,,,,
7614-MBULC,2024-07-10,Paid,2025-07-10,Premium,Annual,,,22.99,390.83,52,0,Aditya,India,West Bengal,Female,1987-05-28,,,,
1498-RWXQA,2024-06-28,Referral,2025-06-28,Premium,Annual,,,22.99,413.82,30,0,Priya,India,West Bengal,Male,1970-09-22,2024-07-17,N,90.0,1.0
9067-DTUFL,2021-03-05,Referral,2022-03-05,Basic,Annual,,,6.99,405.42,34,0,Pooja,India,Delhi,Male,1982-09-04,,,,
0904-CGPOO,2024-11-08,Referral,2025-11-08,Premium,Annual,2026-01-30,Poor streaming quality,22.99,321.86,78,1,Priya,India,Bihar,Male,1967-01-14,,,,
2537-USMFT,2020-07-26,Organic,2021-07-26,Premium,Annual,,,22.99,1517.34,13,0,Nikhil,India,Telangana,Female,1975-04-29,2021-01-13,N,70.0,1.0
4412-WDOUW,2020-12-27,Paid,2021-12-27,Standard,Annual,2022-11-03,Not enough content,14.99,329.78,76,1,Varun,India,Punjab,Male,1989-02-02,,,,
4993-COHRO,2023-04-11,Referral,2024-04-11,Standard,Monthly,2025-07-10,Switched to competitor,14.99,404.73,17,1,Aarav,India,Uttar Pradesh,Male,1966-12-03,2024-03-03,N,70.0,2.0
1514-QXTOM,2021-04-06,Paid,2022-04-06,Basic,Monthly,,,6.99,398.43,28,0,Arjun,India,Delhi,Female,1963-05-03,2024-12-15,N,90.0,2.0
6606-AVABW,2023-07-28,Referral,2024-07-28,Basic,Annual,,,8.99,260.71,51,0,Neha,India,Tamil Nadu,Female,1963-07-24,,,,
0989-YCTLP,2021-11-24,Referral,2022-11-24,Standard,Annual,,,13.99,685.51,31,0,Nikhil,India,Maharashtra,Female,1987-04-14,,,,
6743-BTYRU,2021-02-09,Organic,2022-02-09,Premium,Annual,,,22.99,1356.41,6,0,Neha,India,Kerala,Female,1977-04-01,,,,
4291-ULPNG,2024-09-26,Referral,2025-09-26,Basic,Annual,,,6.99,104.85,33,0,Riya,India,Telangana,Female,1972-03-31,,,,
1572-JVIRV,2023-01-06,Organic,2024-01-06,Standard,Annual,,,13.99,503.64,29,0,Shreya,India,Maharashtra,Male,2004-03-28,,,,
8350-OKLYR,2020-12-20,Organic,2021-12-20,Premium,Monthly,,,23.99,1463.39,55,0,Shreya,India,Maharashtra,Female,1972-03-16,,,,
4623-FMFWT,2019-07-18,Organic,2020-07-18,Basic,Monthly,2020-09-03,Poor streaming quality,6.99,90.87,93,1,Varun,India,Uttar Pradesh,Female,2005-07-25,2019-11-27,Y,60.0,1.0
9023-TVEPB,2020-10-10,Paid,2021-10-10,Basic,Annual,,,6.99,440.37,28,0,Sneha,India,Kerala,Male,1984-08-20,,,,
5290-IMEVC,2023-10-27,Organic,2024-10-27,Basic,Annual,2025-09-26,Switched to competitor,6.99,160.77,66,1,Aditi,India,West Bengal,Male,1984-05-22,2024-03-14,Y,50.0,1.0
8682-JRPHX,2019-04-24,Organic,2020-04-24,Standard,Annual,,,13.99,1133.19,74,0,Nikhil,India,Delhi,Male,1983-02-12,,,,
3617-QQKVC,2020-04-23,Paid,2021-04-23,Basic,Annual,2021-03-13,Poor streaming quality,6.99,69.9,28,1,Rohan,India,Uttar Pradesh,Female,1979-10-21,,,,
7869-PRPBF,2019-02-18,Referral,2020-02-18,Standard,Monthly,2021-05-10,Forgot to cancel trial,13.99,377.73,85,1,Tanvi,India,Karnataka,Male,1986-04-10,,,,
8810-LVZLS,2023-04-09,Paid,2024-04-09,Basic,Monthly,,,6.99,230.67,28,0,Sneha,India,Karnataka,Male,1976-04-16,,,,
6921-OWJEM,2024-10-21,Referral,2025-10-21,Standard,Annual,,,13.99,195.86,29,0,Pooja,India,Punjab,Female,2004-10-22,,,,
9517-HNOXA,2019-01-18,Organic,2020-01-18,Basic,Monthly,,,8.99,755.16,14,0,Sakshi,India,Bihar,Female,2002-02-21,2022-06-13,N,60.0,1.0
1489-WEXUD,2019-02-10,Referral,2020-02-10,Basic,Annual,,,6.99,580.17,51,0,Karan,India,Odisha,Female,1977-09-30,2025-10-30,N,80.0,2.0
0089-ZXJIB,2022-11-05,Paid,2023-11-05,Basic,Annual,,,7.99,303.62,18,0,Karan,India,Uttar Pradesh,Female,1965-01-16,,,,
8318-BDARH,2023-01-23,Organic,2024-01-23,Standard,Monthly,,,13.99,489.65,83,0,Varun,India,Haryana,Female,1970-07-01,,,,
6615-LTGAX,2020-09-06,Paid,2021-09-06,Premium,Monthly,,,24.99,1599.36,56,0,Arjun,India,Maharashtra,Female,1961-02-16,2025-07-16,N,80.0,1.0
0861-BQEOZ,2024-07-19,Organic,2025-07-19,Premium,Annual,,,24.99,424.83,40,0,Nikhil,India,Rajasthan,Male,1997-06-23,,,,
3640-SHGVS,2024-11-05,Organic,2025-11-05,Basic,Annual,,,6.99,97.86,10,0,Nikhil,India,Haryana,Male,1999-08-26,2025-07-15,N,60.0,1.0
5460-NGCKM,2020-09-17,Referral,2021-09-17,Standard,Monthly,,,13.99,895.36,18,0,Tanvi,India,Punjab,Female,2003-01-22,,,,
7639-UHNQH,2019-09-13,Referral,2020-09-13,Standard,Monthly,,,13.99,1063.24,70,0,Akash,India,Rajasthan,Male,1984-08-18,,,,
3468-LDEDV,2019-05-05,Referral,2020-05-05,Premium,Annual,,,24.99,2024.19,4,0,Ananya,India,Kerala,Male,1965-12-04,,,,
6175-JHYNP,2019-04-16,Organic,2020-04-16,Premium,Monthly,,,22.99,1862.19,63,0,Aditya,India,Gujarat,Female,1971-05-05,,,,
3117-AJTMK,2023-06-18,Referral,2024-06-18,Standard,Monthly,2024-05-02,Not enough content,15.99,159.9,92,1,Sneha,India,Haryana,Male,1991-09-16,2023-08-13,N,70.0,1.0
8446-SAAIH,2022-02-27,Referral,2023-02-27,Basic,Annual,,,6.99,321.54,87,0,Varun,India,Karnataka,Female,1992-11-18,,,,
5392-NGLXP,2023-07-12,Referral,2024-07-12,Standard,Annual,,,13.99,419.7,1,0,Mohan,India,Tamil Nadu,Male,1969-11-29,,,,
2674-WIRYC,2021-01-06,Paid,2022-01-06,Premium,Annual,2021-06-27,Too expensive,22.99,114.95,80,1,Rahul,India,Haryana,Male,1968-02-21,,,,
2173-YKALR,2020-09-04,Organic,2021-09-04,Standard,Monthly,,,15.99,1023.36,71,0,Rohan,India,Kerala,Female,1997-10-01,,,,
4136-BXCRG,2019-07-05,Paid,2020-07-05,Basic,Monthly,,,6.99,552.21,52,0,Shreya,India,Madhya Pradesh,Male,1982-03-03,,,,
1171-TQILA,2022-01-16,Referral,2023-01-16,Basic,Monthly,,,6.99,335.52,22,0,Diya,India,Haryana,Female,1963-02-15,,,,
0179-HIGSX,2022-03-01,Paid,2023-03-01,Basic,Monthly,,,6.99,321.54,23,0,Rahul,India,Gujarat,Female,1980-06-28,,,,
6270-ISKRV,2019-07-21,Referral,2020-07-21,Premium,Annual,,,24.99,1949.22,43,0,Rohan,India,Gujarat,Male,1985-04-26,,,,
0844-EXQRL,2024-06-25,Paid,2025-06-25,Basic,Annual,,,8.99,161.82,21,0,Meera,India,Kerala,Female,1989-01-31,,,,
6212-SVBDP,2021-10-04,Organic,2022-10-04,Standard,Annual,,,14.99,764.49,4,0,Karan,India,Uttar Pradesh,Female,1999-04-10,2023-12-29,N,70.0,1.0
9177-CUXNB,2021-05-27,Organic,2022-05-27,Premium,Annual,,,22.99,1264.45,87,0,Karan,India,Maharashtra,Female,1989-03-17,,,,
5016-KQNYJ,2019-09-08,Organic,2020-09-08,Standard,Monthly,,,14.99,1139.24,60,0,Rahul,India,Delhi,Female,1962-06-13,2022-11-07,N,70.0,1.0
1721-WQCVR,2021-11-09,Paid,2022-11-09,Standard,Annual,,,15.99,799.5,15,0,Karan,India,West Bengal,Male,1985-08-16,,,,
4291-HZLIY,2021-05-04,Organic,2022-05-04,Premium,Annual,,,22.99,1287.44,12,0,Aarav,India,Kerala,Female,1993-04-30,,,,
9059-JCOGZ,2021-09-08,Organic,2022-09-08,Standard,Annual,2023-09-01,Too expensive,13.99,335.76,41,1,Priya,India,Tamil Nadu,Female,1974-10-17,,,,
6054-CHRSU,2024-10-22,Organic,2025-10-22,Basic,Annual,,,7.99,111.86,87,0,Rahul,India,Karnataka,Female,2000-05-21,,,,
5267-DIUJT,2020-09-15,Paid,2021-09-15,Basic,Monthly,2021-12-19,Too expensive,6.99,104.85,50,1,Aarav,India,West Bengal,Female,1989-10-29,2021-09-25,N,60.0,1.0
3789-LJWLJ,2020-05-18,Paid,2021-05-18,Basic,Monthly,,,7.99,543.32,32,0,Aditya,India,Maharashtra,Male,1999-06-19,,,,
1479-THZFX,2020-08-15,Paid,2021-08-15,Basic,Annual,,,6.99,454.35,31,0,Neha,India,Tamil Nadu,Female,1971-06-18,,,,
7705-REZPK,2021-12-10,Referral,2022-12-10,Premium,Monthly,,,22.99,1126.51,29,0,Aarav,India,Bihar,Female,1964-04-27,,,,
2068-LRFJT,2020-12-08,Referral,2021-12-08,Basic,Monthly,,,6.99,426.39,17,0,Ananya,India,West Bengal,Female,1968-08-11,,,,
0161-DJZEV,2022-12-11,Referral,2023-12-11,Premium,Annual,,,22.99,850.63,2,0,Vishal,India,Madhya Pradesh,Male,1964-06-09,,,,
8208-HMZOE,2024-12-19,Referral,2025-12-19,Basic,Monthly,,,8.99,107.88,39,0,Meera,India,Rajasthan,Male,2001-12-21,,,,
2313-PVNBC,2020-10-28,Organic,2021-10-28,Standard,Monthly,2021-05-10,Poor streaming quality,15.99,95.94,83,1,Kavya,India,Punjab,Female,1978-03-06,2021-03-22,N,90.0,2.0
3607-JVNYI,2023-02-11,Paid,2024-02-11,Premium,Annual,,,22.99,804.65,29,0,Ananya,India,Odisha,Male,1998-07-09,,,,
8239-HAOHE,2022-03-05,Referral,2023-03-05,Standard,Annual,,,13.99,643.54,70,0,Nikhil,India,West Bengal,Female,1981-02-02,,,,
3848-AOAKX,2023-07-16,Organic,2024-07-16,Basic,Monthly,,,6.99,202.71,4,0,Aditi,India,Tamil Nadu,Female,1964-06-27,,,,
0387-IMRXB,2024-11-11,Organic,2025-11-11,Basic,Monthly,,,6.99,90.87,46,0,Riya,India,Karnataka,Male,1989-07-27,,,,
8547-ITHCT,2023-08-12,Referral,2024-08-12,Premium,Annual,2024-11-15,Switched to competitor,23.99,359.85,75,1,Tanvi,India,Bihar,Female,1996-11-16,,,,
9987-GOTEN,2023-08-13,Organic,2024-08-13,Standard,Monthly,,,13.99,405.71,21,0,Mohan,India,Punjab,Female,1968-01-07,,,,
1693-UQDBQ,2021-12-22,Paid,2022-12-22,Basic,Monthly,,,6.99,342.51,34,0,Ananya,India,Kerala,Female,2002-05-30,,,,
0819-GJUSL,2020-10-06,Organic,2021-10-06,Basic,Monthly,,,6.99,440.37,20,0,Aditi,India,Delhi,Male,1966-08-06,,,,
3043-LNQTR,2020-05-04,Referral,2021-05-04,Standard,Annual,2022-02-04,Poor streaming quality,13.99,293.79,87,1,Diya,India,Rajasthan,Female,2000-05-10,,,,
8380-VNWHS,2020-05-23,Paid,2021-05-23,Basic,Annual,,,6.99,475.32,37,0,Sakshi,India,Gujarat,Male,1964-03-10,,,,
5233-QMMFV,2024-05-16,Organic,2025-05-16,Standard,Monthly,2025-02-23,Not enough content,15.99,143.91,92,1,Meera,India,Uttar Pradesh,Female,1960-02-05,2024-08-03,N,100.0,1.0
4145-FZIUC,2021-03-08,Referral,2022-03-08,Standard,Monthly,,,13.99,811.42,61,0,Aarav,India,Punjab,Female,1999-07-22,,,,
9703-GFKDA,2021-03-23,Organic,2022-03-23,Premium,Monthly,,,22.99,1333.42,86,0,Pooja,India,Rajasthan,Female,1965-07-26,2025-09-24,N,60.0,2.0
3177-CHTOS,2024-03-28,Paid,2025-03-28,Premium,Monthly,,,23.99,503.79,30,0,Priya,India,Odisha,Male,1978-07-04,2024-06-12,N,90.0,1.0
4257-NXJEI,2021-05-25,Paid,2022-05-25,Standard,Monthly,,,15.99,895.44,31,0,Neha,India,West Bengal,Female,1986-09-24,,,,
8340-VBLYD,2019-05-04,Referral,2020-05-04,Premium,Monthly,,,23.99,1943.19,65,0,Nikhil,India,Madhya Pradesh,Female,1987-03-11,2022-01-17,Y,60.0,1.0
6086-JHLIT,2020-08-26,Paid,2021-08-26,Basic,Annual,,,7.99,519.35,81,0,Varun,India,Madhya Pradesh,Male,1991-04-08,,,,
0471-DKNDM,2021-11-28,Organic,2022-11-28,Standard,Annual,,,14.99,734.51,19,0,Sakshi,India,Rajasthan,Male,1993-08-17,,,,
5168-YOPVR,2021-02-28,Organic,2022-02-28,Standard,Monthly,,,15.99,927.42,3,0,Kavya,India,Gujarat,Female,2003-12-24,,,,
6193-WRICZ,2021-04-07,Paid,2022-04-07,Basic,Monthly,,,6.99,398.43,41,0,Varun,India,Uttar Pradesh,Female,1998-07-05,,,,
5134-XLRZJ,2023-04-16,Organic,2024-04-16,Basic,Annual,2024-04-27,Poor streaming quality,7.99,95.88,23,1,Shreya,India,Maharashtra,Male,1972-11-18,,,,
2318-EIHNL,2020-02-27,Organic,2021-02-27,Standard,Annual,,,13.99,993.29,21,0,Ananya,India,Punjab,Female,1997-07-24,,,,
8965-HBCLR,2022-08-04,Paid,2023-08-04,Basic,Monthly,,,6.99,286.59,24,0,Ananya,India,West Bengal,Male,1960-01-07,,,,
6334-ZWKWJ,2020-03-24,Organic,2021-03-24,Standard,Monthly,,,14.99,1049.3,14,0,Pooja,India,Madhya Pradesh,Female,1961-04-29,,,,
4554-BQFKJ,2023-06-28,Organic,2024-06-28,Standard,Monthly,,,13.99,419.7,41,0,Karan,India,Rajasthan,Male,1960-10-20,2024-11-10,N,60.0,2.0
0300-YUVHQ,2022-06-02,Organic,2023-06-02,Standard,Annual,,,13.99,601.57,19,0,Kavya,India,Tamil Nadu,Female,1996-12-29,,,,
9675-WJGAB,2019-09-13,Organic,2020-09-13,Standard,Annual,,,13.99,1063.24,73,0,Arjun,India,Telangana,Female,1969-12-26,,,,
9271-UZMYI,2024-06-14,Paid,2025-06-14,Basic,Monthly,2025-01-25,Forgot to cancel trial,7.99,55.93,28,1,Mohan,India,Odisha,Female,1991-01-13,2024-11-27,N,90.0,1.0
4216-OYDFU,2022-03-01,Paid,2023-03-01,Premium,Annual,,,22.99,1057.54,15,0,Ishaan,India,Punjab,Male,1980-11-01,,,,
5973-FSQHZ,2019-09-07,Organic,2020-09-07,Basic,Annual,,,6.99,531.24,16,0,Aditi,India,Odisha,Male,1975-01-30,,,,
8558-WLACY,2023-09-27,Paid,2024-09-27,Standard,Monthly,,,13.99,377.73,65,0,Shreya,India,Telangana,Female,1975-10-31,2025-06-02,N,100.0,2.0
7721-MFDMX,2021-01-10,Organic,2022-01-10,Standard,Monthly,,,13.99,839.4,57,0,Sneha,India,Maharashtra,Male,1969-11-30,2025-02-09,Y,60.0,1.0
7702-DOAQV,2019-05-10,Organic,2020-05-10,Basic,Monthly,,,7.99,639.2,60,0,Priya,India,Odisha,Male,1976-09-01,,,,
5714-PQHEP,2021-02-04,Organic,2022-02-04,Basic,Monthly,,,6.99,412.41,32,0,Akash,India,Maharashtra,Male,1988-02-12,,,,
6856-IYHOX,2024-05-16,Organic,2025-05-16,Premium,Monthly,,,24.99,474.81,54,0,Tanvi,India,Delhi,Female,1981-05-29,,,,
0230-URZSV,2024-05-15,Organic,2025-05-15,Premium,Monthly,,,24.99,474.81,65,0,Rohan,India,Odisha,Female,1986-11-24,2024-08-16,N,80.0,1.0
6031-LKPQN,2020-10-28,Referral,2021-10-28,Standard,Annual,,,13.99,881.37,27,0,Arjun,India,Haryana,Male,1984-11-29,,,,
3103-QSTPW,2019-05-24,Organic,2020-05-24,Premium,Monthly,2019-07-22,Too expensive,22.99,22.99,71,1,Rahul,India,Tamil Nadu,Female,1980-12-26,2019-06-26,N,90.0,1.0
3951-YSSYZ,2021-07-10,Paid,2022-07-10,Premium,Monthly,,,22.99,1241.46,35,0,Aditya,India,Karnataka,Female,1986-08-14,,,,
1760-CFGFL,2024-06-08,Paid,2025-06-08,Premium,Annual,2025-08-01,Poor streaming quality,24.99,324.87,70,1,Meera,India,Delhi,Male,1965-06-06,,,,
3264-DURUO,2019-10-04,Organic,2020-10-04,Premium,Monthly,,,24.99,1899.24,16,0,Shreya,India,Uttar Pradesh,Male,1962-12-23,,,,
7005-WFEYZ,2020-03-13,Organic,2021-03-13,Premium,Monthly,2021-10-05,Too expensive,22.99,436.81,91,1,Arjun,India,Bihar,Male,1994-09-29,2020-04-12,N,90.0,1.0
5480-RHSJC,2022-11-01,Paid,2023-11-01,Premium,Monthly,,,22.99,873.62,30,0,Sneha,India,Maharashtra,Male,2000-09-17,,,,
6825-RXYSG,2020-03-23,Referral,2021-03-23,Basic,Annual,,,6.99,489.3,15,0,Meera,India,Madhya Pradesh,Male,1976-11-18,,,,
2863-AFFNS,2023-08-12,Paid,2024-08-12,Standard,Annual,,,13.99,405.71,10,0,Neha,India,Rajasthan,Male,2000-10-24,2025-08-26,N,70.0,1.0
5852-NXFLZ,2022-12-13,Paid,2023-12-13,Premium,Annual,,,22.99,850.63,58,0,Riya,India,Uttar Pradesh,Female,1981-04-12,,,,
3681-KOOTW,2023-06-09,Organic,2024-06-09,Premium,Annual,2024-04-07,Switched to competitor,22.99,229.9,67,1,Vishal,India,West Bengal,Female,1962-07-08,2023-10-29,Y,30.0,1.0
7566-RXIKD,2022-02-23,Paid,2023-02-23,Basic,Annual,,,6.99,321.54,85,0,Sneha,India,Madhya Pradesh,Male,1997-12-02,2022-11-28,Y,50.0,1.0
1151-VJBYN,2019-02-08,Organic,2020-02-08,Premium,Monthly,,,24.99,2074.17,70,0,Neha,India,Tamil Nadu,Male,2003-03-28,,,,
9023-CPTGB,2020-06-01,Organic,2021-06-01,Premium,Annual,2022-09-25,Too expensive,22.99,643.72,59,1,Varun,India,Rajasthan,Female,1971-07-09,,,,
6781-QRCMO,2021-02-25,Paid,2022-02-25,Standard,Annual,,,15.99,943.41,2,0,Rohan,India,Odisha,Female,1975-01-08,,,,
9142-WOVVU,2021-11-25,Paid,2022-11-25,Basic,Monthly,,,7.99,391.51,40,0,Shreya,India,Tamil Nadu,Female,1996-03-18,,,,
8907-IALCG,2024-07-10,Referral,2025-07-10,Standard,Annual,,,15.99,271.83,38,0,Arjun,India,Gujarat,Male,1985-01-13,2024-08-01,N,80.0,1.0
1883-NIYQU,2022-04-16,Organic,2023-04-16,Standard,Annual,,,14.99,674.55,60,0,Riya,India,Haryana,Female,1991-04-02,2023-12-08,Y,30.0,1.0
3092-QWJEJ,2022-06-22,Paid,2023-06-22,Standard,Monthly,,,14.99,629.58,49,0,Aditi,India,Telangana,Male,1994-05-11,2024-06-05,N,70.0,1.0
5734-EWISI,2022-04-16,Referral,2023-04-16,Premium,Monthly,,,24.99,1124.55,45,0,Akash,India,Haryana,Male,1990-05-08,,,,
7110-JCHRU,2021-10-13,Organic,2022-10-13,Basic,Annual,,,7.99,407.49,74,0,Kavya,India,Gujarat,Male,1961-03-21,,,,
2481-CHIPD,2021-05-23,Organic,2022-05-23,Basic,Annual,,,6.99,391.44,35,0,Diya,India,Karnataka,Female,1960-04-08,,,,
9736-SHUBB,2021-10-13,Paid,2022-10-13,Basic,Monthly,,,8.99,458.49,58,0,Karan,India,Tamil Nadu,Female,1969-05-25,,,,
6492-NHQCO,2023-06-04,Referral,2024-06-04,Standard,Monthly,,,15.99,495.69,93,0,Pooja,India,Gujarat,Male,1979-05-14,2025-07-11,Y,40.0,2.0
0527-KSRBM,2019-05-25,Referral,2020-05-25,Premium,Annual,,,22.99,1839.2,24,0,Diya,India,Haryana,Female,1963-02-22,,,,
1785-GSPJI,2024-06-24,Organic,2025-06-24,Standard,Monthly,,,13.99,251.82,95,0,Rahul,India,Telangana,Male,1994-07-30,,,,
9976-NZAUP,2022-09-21,Paid,2023-09-21,Premium,Annual,2024-03-15,Too expensive,22.99,413.82,83,1,Pooja,India,Tamil Nadu,Male,1971-04-26,,,,
9102-HXSKR,2024-09-05,Paid,2025-09-05,Standard,Monthly,,,13.99,223.84,32,0,Meera,India,Gujarat,Female,1992-07-19,,,,
1322-BQRJT,2021-05-24,Organic,2022-05-24,Standard,Annual,2022-10-28,Poor streaming quality,14.99,254.83,57,1,Arjun,India,Tamil Nadu,Male,1962-10-03,,,,
2812-BKTSL,2020-02-16,Referral,2021-02-16,Standard,Monthly,,,13.99,993.29,4,0,Karan,India,Bihar,Male,2001-11-17,,,,
3569-NCJQM,2021-06-16,Paid,2022-06-16,Standard,Monthly,,,14.99,824.45,60,0,Shreya,India,Maharashtra,Female,1965-08-26,,,,
7114-MMEWU,2021-09-02,Organic,2022-09-02,Premium,Annual,,,22.99,1195.48,27,0,Kavya,India,Odisha,Male,1965-05-28,,,,
7718-HWNEU,2022-06-14,Referral,2023-06-14,Premium,Monthly,,,24.99,1074.57,7,0,Rahul,India,Delhi,Male,1995-06-07,,,,
9622-XDDXO,2021-08-06,Organic,2022-08-06,Basic,Monthly,,,6.99,370.47,29,0,Neha,India,Kerala,Male,1970-07-02,,,,
1986-ZLHPY,2021-05-11,Organic,2022-05-11,Premium,Monthly,,,22.99,1287.44,67,0,Akash,India,Punjab,Male,1962-05-30,,,,
5867-KMKMY,2019-08-08,Referral,2020-08-08,Standard,Annual,,,13.99,1077.23,2,0,Ananya,India,Gujarat,Male,1977-10-21,,,,
8202-VAJGM,2020-04-17,Referral,2021-04-17,Basic,Monthly,,,6.99,482.31,11,0,Aditya,India,Odisha,Male,1971-01-12,,,,
5882-JVCQK,2021-02-01,Referral,2022-02-01,Standard,Monthly,,,14.99,884.41,9,0,Karan,India,Rajasthan,Female,2004-10-28,,,,
0185-QHUWH,2022-02-12,Referral,2023-02-12,Premium,Annual,,,22.99,1080.53,44,0,Meera,India,Madhya Pradesh,Female,1967-06-20,,,,
3025-JMKMW,2023-12-25,Paid,2024-12-25,Premium,Monthly,,,22.99,551.76,31,0,Nikhil,India,Maharashtra,Male,2003-05-01,2024-04-15,Y,60.0,1.0
0540-VMWAG,2020-01-18,Paid,2021-01-18,Standard,Annual,2021-10-25,Switched to competitor,13.99,293.79,87,1,Akash,India,Karnataka,Male,1987-02-02,2021-06-08,N,80.0,2.0
0612-SUYHK,2020-05-25,Paid,2021-05-25,Premium,Monthly,,,23.99,1631.32,22,0,Aarav,India,Uttar Pradesh,Female,1989-01-02,,,,
8834-ZBXTJ,2020-01-19,Referral,2021-01-19,Basic,Monthly,,,8.99,647.28,8,0,Varun,India,Haryana,Female,1989-05-13,2021-07-31,N,70.0,1.0
0025-IZFBD,2019-10-23,Organic,2020-10-23,Basic,Annual,,,6.99,524.25,30,0,Tanvi,India,Gujarat,Male,1968-02-25,,,,
0248-WLPNT,2020-01-28,Referral,2021-01-28,Basic,Annual,2020-04-30,Forgot to cancel trial,8.99,26.97,77,1,Karan,India,Bihar,Female,1973-01-30,2020-04-07,Y,50.0,2.0
3756-HNUCI,2021-08-25,Referral,2022-08-25,Basic,Monthly,2023-12-29,Forgot to cancel trial,7.99,223.72,81,1,Riya,India,Tamil Nadu,Male,1984-12-18,2023-11-01,Y,10.0,1.0
1960-POIQO,2022-02-08,Referral,2023-02-08,Standard,Annual,2023-10-29,Too expensive,15.99,319.8,81,1,Aditi,India,Telangana,Male,1987-01-25,,,,
8001-YEEZM,2022-11-14,Organic,2023-11-14,Standard,Monthly,,,14.99,569.62,41,0,Priya,India,Odisha,Male,1968-10-31,,,,
7940-ZYYJR,2023-05-20,Organic,2024-05-20,Standard,Monthly,2023-12-12,Forgot to cancel trial,13.99,83.94,90,1,Rahul,India,Maharashtra,Male,1982-12-08,,,,
1355-YMKFI,2024-03-26,Organic,2025-03-26,Standard,Monthly,,,13.99,293.79,33,0,Diya,India,Telangana,Female,2002-03-23,,,,
8126-BIMRL,2021-09-09,Organic,2022-09-09,Premium,Annual,,,22.99,1195.48,46,0,Vishal,India,Telangana,Female,2001-02-11,,,,
5399-DEKPG,2023-08-28,Referral,2024-08-28,Basic,Monthly,,,8.99,251.72,9,0,Neha,India,Rajasthan,Female,1974-02-12,,,,
0385-EEGPV,2023-10-12,Organic,2024-10-12,Premium,Annual,,,22.99,620.73,61,0,Meera,India,Bihar,Female,1992-12-28,2024-05-05,Y,50.0,1.0
2547-UUBQO,2021-12-05,Organic,2022-12-05,Standard,Monthly,,,13.99,685.51,68,0,Sakshi,India,Delhi,Male,2004-02-13,,,,
5884-PDORB,2023-04-28,Referral,2024-04-28,Premium,Annual,,,22.99,735.68,43,0,Arjun,India,Kerala,Female,1971-12-29,,,,
5545-ZIPIO,2024-10-24,Referral,2025-10-24,Standard,Annual,2026-08-24,Switched to competitor,13.99,307.78,75,1,Vishal,India,Karnataka,Male,1992-02-21,2025-02-21,Y,30.0,1.0
9408-XIYJD,2022-11-04,Referral,2023-11-04,Basic,Annual,,,6.99,265.62,32,0,Mohan,India,Delhi,Male,1983-09-24,,,,
1201-HNSZW,2024-07-28,Organic,2025-07-28,Basic,Annual,2026-03-25,Too expensive,6.99,139.8,95,1,Pooja,India,Gujarat,Female,1963-03-08,,,,
6937-LFVGR,2023-01-21,Referral,2024-01-21,Premium,Monthly,,,23.99,839.65,6,0,Aarav,India,Kerala,Male,1981-03-22,,,,
5504-ZQOMG,2021-02-16,Paid,2022-02-16,Basic,Annual,,,8.99,530.41,6,0,Karan,India,Telangana,Female,1988-09-23,,,,
2477-XRFCE,2019-03-17,Organic,2020-03-17,Standard,Annual,2020-11-14,Too expensive,13.99,279.8,76,1,Shreya,India,Odisha,Female,2004-11-23,,,,
3883-JSYYB,2022-04-14,Referral,2023-04-14,Premium,Annual,,,24.99,1124.55,82,0,Rohan,India,Telangana,Female,1967-08-02,2024-06-11,N,70.0,2.0
9710-SDJVU,2019-09-05,Paid,2020-09-05,Standard,Annual,,,13.99,1063.24,71,0,Aditya,India,Haryana,Female,1967-09-27,2023-11-19,N,100.0,1.0
2349-UBRCP,2024-09-22,Referral,2025-09-22,Standard,Monthly,2026-03-27,Too expensive,15.99,287.82,96,1,Mohan,India,Telangana,Female,1960-03-17,2026-01-04,N,80.0,1.0
7227-BRQNJ,2023-05-24,Referral,2024-05-24,Basic,Annual,2024-02-22,Not enough content,7.99,71.91,35,1,Sneha,India,Kerala,Male,1999-03-08,,,,
0590-BDXXJ,2024-01-09,Paid,2025-01-09,Standard,Annual,,,13.99,335.76,4,0,Sneha,India,Bihar,Male,1980-10-21,,,,
4908-IXIAY,2019-10-18,Referral,2020-10-18,Basic,Monthly,2020-01-19,Switched to competitor,8.99,26.97,70,1,Sakshi,India,Karnataka,Female,1971-02-26,,,,
5301-SMBXV,2024-08-08,Paid,2025-08-08,Standard,Annual,,,13.99,237.83,47,0,Aditya,India,Gujarat,Male,1977-04-25,,,,
2860-MHTRI,2019-02-17,Referral,2020-02-17,Premium,Annual,2021-02-10,Poor streaming quality,22.99,551.76,61,1,Mohan,India,Uttar Pradesh,Male,1974-04-21,,,,
2226-NPWMQ,2022-09-13,Paid,2023-09-13,Basic,Monthly,,,6.99,279.6,45,0,Priya,India,Odisha,Female,1987-04-22,,,,
1271-FDXCE,2020-03-22,Referral,2021-03-22,Basic,Monthly,,,6.99,489.3,78,0,Karan,India,Delhi,Female,1964-02-29,2021-01-17,N,80.0,1.0
0287-WBHLX,2022-05-12,Organic,2023-05-12,Basic,Annual,,,6.99,307.56,49,0,Arjun,India,Bihar,Male,1968-04-14,,,,
3419-TTKWK,2024-05-13,Paid,2025-05-13,Standard,Annual,,,15.99,303.81,13,0,Priya,India,Madhya Pradesh,Female,1990-05-27,,,,
9140-DNISX,2023-02-01,Referral,2024-02-01,Basic,Annual,2025-04-15,Forgot to cancel trial,8.99,233.74,57,1,Diya,India,Telangana,Male,1972-11-23,,,,
0977-YAMVO,2019-10-27,Referral,2020-10-27,Standard,Annual,,,13.99,1049.25,56,0,Rohan,India,Rajasthan,Male,1985-01-05,2022-03-25,Y,40.0,1.0
5700-HVJWY,2023-08-24,Paid,2024-08-24,Standard,Monthly,2025-05-02,Switched to competitor,15.99,319.8,66,1,Varun,India,Gujarat,Male,1976-05-17,,,,
3085-JLZPT,2020-03-04,Referral,2021-03-04,Basic,Annual,,,8.99,629.3,79,0,Karan,India,Rajasthan,Male,1980-07-07,,,,
8045-FRHZD,2019-04-26,Organic,2020-04-26,Standard,Annual,,,13.99,1133.19,31,0,Ananya,India,Madhya Pradesh,Female,2004-08-02,,,,
4616-ECNMD,2023-02-19,Paid,2024-02-19,Basic,Monthly,,,8.99,305.66,23,0,Karan,India,Haryana,Male,1972-01-18,,,,
7442-WBDLH,2020-04-06,Organic,2021-04-06,Basic,Annual,,,7.99,551.31,31,0,Aarav,India,Karnataka,Female,2003-01-30,2020-12-21,N,100.0,1.0
1520-FYCEK,2023-03-16,Referral,2024-03-16,Basic,Annual,,,8.99,305.66,95,0,Priya,India,Gujarat,Female,1996-11-06,2023-07-27,Y,10.0,2.0
2392-XAEPY,2024-03-17,Organic,2025-03-17,Standard,Annual,,,13.99,293.79,2,0,Sneha,India,Uttar Pradesh,Male,1990-10-21,,,,
6271-PXNNJ,2024-08-20,Paid,2025-08-20,Standard,Monthly,,,13.99,223.84,77,0,Meera,India,Uttar Pradesh,Female,1990-09-15,,,,
6655-PTMEX,2019-07-08,Organic,2020-07-08,Standard,Monthly,2020-10-18,Forgot to cancel trial,13.99,209.85,84,1,Karan,India,Karnataka,Female,1979-01-25,,,,
8082-PRBEU,2023-05-27,Referral,2024-05-27,Premium,Monthly,,,22.99,712.69,21,0,Sakshi,India,West Bengal,Female,1999-08-07,,,,
5658-RERZQ,2021-10-07,Paid,2022-10-07,Standard,Annual,2023-02-07,Switched to competitor,13.99,223.84,77,1,Diya,India,Uttar Pradesh,Male,1968-07-30,,,,
0907-SOQYA,2023-02-14,Referral,2024-02-14,Basic,Annual,,,6.99,244.65,4,0,Karan,India,Telangana,Male,1968-03-31,,,,
9124-HHOTC,2021-08-25,Referral,2022-08-25,Standard,Annual,,,13.99,727.48,36,0,Sneha,India,Delhi,Female,1976-11-09,,,,
4219-CZRBM,2022-03-25,Organic,2023-03-25,Standard,Annual,,,13.99,629.55,69,0,Arjun,India,Uttar Pradesh,Male,1966-04-15,2023-07-14,N,70.0,1.0
8952-UDYFO,2020-07-12,Organic,2021-07-12,Premium,Monthly,,,22.99,1517.34,72,0,Akash,India,Tamil Nadu,Female,1983-07-10,,,,
4179-FANXX,2022-12-10,Organic,2023-12-10,Premium,Monthly,,,23.99,887.63,70,0,Sakshi,India,Telangana,Male,2004-02-27,,,,
7692-YLLXQ,2021-11-07,Paid,2022-11-07,Basic,Annual,2024-04-22,Poor streaming quality,7.99,231.71,16,1,Riya,India,Punjab,Male,1966-09-28,,,,
1689-KESHQ,2021-04-06,Referral,2022-04-06,Basic,Annual,2021-12-07,Not enough content,7.99,63.92,96,1,Sneha,India,Uttar Pradesh,Female,1986-08-31,2021-10-11,Y,60.0,2.0
7027-WMWLG,2020-12-09,Paid,2021-12-09,Standard,Annual,,,13.99,853.39,9,0,Priya,India,Bihar,Male,1998-02-14,,,,
5920-RMPIN,2019-07-26,Referral,2020-07-26,Standard,Monthly,,,13.99,1091.22,27,0,Aditi,India,Uttar Pradesh,Male,2004-10-07,,,,
9820-GSMNF,2020-02-27,Paid,2021-02-27,Basic,Monthly,2022-01-10,Poor streaming quality,6.99,153.78,83,1,Sakshi,India,Haryana,Male,1994-12-21,2021-01-17,Y,10.0,1.0
7564-OGJHE,2024-03-10,Referral,2025-03-10,Basic,Monthly,2026-05-03,Not enough content,6.99,181.74,86,1,Aarav,India,Karnataka,Female,1967-06-11,2025-11-10,Y,20.0,3.0
4938-MJPQC,2024-07-19,Paid,2025-07-19,Standard,Monthly,,,13.99,237.83,69,0,Rahul,India,Karnataka,Male,1969-09-16,,,,
9683-TWFRA,2023-06-26,Organic,2024-06-26,Premium,Annual,2023-12-20,Poor streaming quality,23.99,119.95,81,1,Diya,India,Telangana,Female,1995-10-06,,,,
9325-ORLNB,2019-09-21,Organic,2020-09-21,Basic,Monthly,2020-08-03,Switched to competitor,6.99,69.9,84,1,Aditi,India,Karnataka,Male,1967-11-12,,,,
3071-PMPLP,2023-01-07,Referral,2024-01-07,Premium,Annual,,,22.99,827.64,84,0,Aditi,India,West Bengal,Male,1993-12-16,2025-01-25,Y,10.0,3.0
0105-YQIZI,2021-05-04,Organic,2022-05-04,Basic,Annual,,,6.99,391.44,59,0,Rohan,India,Gujarat,Female,1984-02-24,,,,
7482-CSTKI,2021-11-18,Organic,2022-11-18,Premium,Monthly,,,24.99,1249.5,47,0,Diya,India,Rajasthan,Female,2005-01-28,,,,
7349-PBZMC,2024-06-23,Paid,2025-06-23,Premium,Monthly,,,22.99,413.82,17,0,Rohan,India,Tamil Nadu,Female,1963-09-16,,,,
7443-MPGVE,2019-07-19,Organic,2020-07-19,Premium,Annual,,,22.99,1793.22,66,0,Aditya,India,Maharashtra,Male,1983-04-21,,,,
8753-GPYZC,2024-03-05,Referral,2025-03-05,Premium,Annual,2025-05-10,Too expensive,23.99,335.86,89,1,Pooja,India,Uttar Pradesh,Female,1986-03-19,2024-06-19,Y,20.0,1.0
8410-WVDIO,2021-08-24,Referral,2022-08-24,Premium,Annual,,,24.99,1324.47,3,0,Mohan,India,Tamil Nadu,Male,1991-03-22,2022-05-10,N,80.0,1.0
0778-BBCWT,2024-07-23,Referral,2025-07-23,Basic,Annual,,,8.99,152.83,67,0,Sneha,India,Punjab,Female,1981-03-20,2025-09-28,Y,10.0,2.0
1079-GAMIL,2024-03-18,Paid,2025-03-18,Basic,Annual,2026-03-11,Switched to competitor,6.99,167.76,81,1,Shreya,India,Madhya Pradesh,Male,1982-01-01,2024-07-13,N,80.0,1.0
7358-WZOAG,2024-08-26,Paid,2025-08-26,Standard,Monthly,2025-09-23,Too expensive,13.99,181.87,98,1,Ishaan,India,Gujarat,Female,1992-07-25,,,,
4093-RGEYW,2022-01-24,Organic,2023-01-24,Standard,Annual,,,13.99,657.53,32,0,Kavya,India,Bihar,Male,1962-05-01,,,,
7486-QQALE,2023-04-24,Paid,2024-04-24,Standard,Monthly,2024-12-03,Switched to competitor,13.99,265.81,94,1,Sakshi,India,Maharashtra,Male,1968-12-24,,,,
1162-DIVOK,2020-10-28,Referral,2021-10-28,Premium,Monthly,,,22.99,1448.37,9,0,Meera,India,Punjab,Male,1997-06-24,,,,
5684-QGXDM,2021-02-07,Paid,2022-02-07,Basic,Monthly,,,6.99,412.41,43,0,Kavya,India,Maharashtra,Male,2004-04-25,,,,
5640-TKRRJ,2021-09-14,Paid,2022-09-14,Standard,Annual,,,13.99,727.48,80,0,Meera,India,Rajasthan,Male,1961-04-05,2024-07-14,Y,60.0,2.0
9976-DLDXE,2023-07-25,Referral,2024-07-25,Basic,Monthly,2025-10-06,Switched to competitor,7.99,207.74,26,1,Kavya,India,Delhi,Male,1979-05-20,,,,
8845-DBNMI,2024-02-11,Organic,2025-02-11,Premium,Annual,,,24.99,549.78,44,0,Pooja,India,Bihar,Female,1972-10-29,,,,
1438-GFNCM,2022-02-11,Organic,2023-02-11,Basic,Monthly,,,6.99,328.53,76,0,Pooja,India,Kerala,Male,1991-05-18,2022-12-31,Y,20.0,1.0
9324-HKODJ,2020-06-25,Paid,2021-06-25,Premium,Annual,2021-02-27,Too expensive,24.99,199.92,90,1,Diya,India,Maharashtra,Female,2005-07-24,2021-01-19,N,90.0,2.0
6009-XWAOQ,2021-09-02,Referral,2022-09-02,Premium,Annual,,,24.99,1299.48,66,0,Vishal,India,Delhi,Male,2003-05-25,,,,
7588-OZQRB,2020-09-18,Paid,2021-09-18,Basic,Monthly,,,8.99,575.36,15,0,Pooja,India,Karnataka,Male,1994-04-19,,,,
8930-MCGLY,2024-01-05,Referral,2025-01-05,Basic,Monthly,2024-12-09,Forgot to cancel trial,6.99,76.89,85,1,Shreya,India,Tamil Nadu,Female,1974-01-07,2024-09-07,Y,60.0,2.0
8797-VFONQ,2019-06-08,Organic,2020-06-08,Standard,Monthly,,,13.99,1105.21,67,0,Ishaan,India,Madhya Pradesh,Male,1992-11-12,2023-12-26,Y,20.0,1.0
3404-XFNBR,2019-02-18,Organic,2020-02-18,Premium,Annual,,,22.99,1908.17,55,0,Aditi,India,Haryana,Female,1992-02-06,,,,
2472-UARTY,2021-01-12,Organic,2022-01-12,Basic,Annual,,,8.99,539.4,10,0,Aarav,India,Kerala,Male,2000-06-15,,,,
5045-PMUPG,2022-03-03,Organic,2023-03-03,Basic,Monthly,,,7.99,367.54,60,0,Karan,India,Delhi,Male,1971-01-22,,,,
8178-OJBCU,2021-01-23,Paid,2022-01-23,Standard,Annual,,,13.99,839.4,25,0,Sneha,India,Karnataka,Male,1991-04-26,,,,
4202-BSYMA,2024-11-23,Paid,2025-11-23,Basic,Monthly,,,6.99,90.87,86,0,Diya,India,Delhi,Female,1995-11-15,2025-08-01,N,80.0,1.0
4104-CVMOI,2021-08-09,Organic,2022-08-09,Standard,Annual,,,13.99,741.47,5,0,Mohan,India,Gujarat,Female,1972-04-17,,,,
0720-NEAUM,2021-05-26,Organic,2022-05-26,Basic,Annual,2023-07-13,Not enough content,8.99,224.75,98,1,Nikhil,India,Telangana,Male,1972-07-10,,,,
2146-DBWZZ,2021-03-18,Organic,2022-03-18,Basic,Annual,,,8.99,521.42,79,0,Sneha,India,Gujarat,Female,2001-12-08,2023-06-25,Y,50.0,1.0
0070-FMVVI,2024-12-25,Paid,2025-12-25,Basic,Annual,,,6.99,83.88,13,0,Ananya,India,Tamil Nadu,Male,1960-01-27,,,,
9826-LNGPS,2019-09-08,Organic,2020-09-08,Standard,Annual,,,13.99,1063.24,32,0,Aditya,India,Tamil Nadu,Female,1992-09-08,,,,
4028-EYHJZ,2019-10-06,Organic,2020-10-06,Basic,Annual,,,6.99,524.25,44,0,Neha,India,Odisha,Male,1998-02-25,2024-05-22,N,90.0,1.0
9030-XWGNR,2019-05-19,Referral,2020-05-19,Premium,Monthly,,,22.99,1839.2,14,0,Meera,India,Uttar Pradesh,Male,2001-07-01,2024-06-02,N,90.0,2.0
4964-ZWBXY,2019-11-13,Referral,2020-11-13,Basic,Annual,,,6.99,517.26,12,0,Ishaan,India,Telangana,Female,1963-05-17,2025-07-06,N,70.0,2.0
0658-QQWET,2020-04-02,Paid,2021-04-02,Premium,Monthly,2022-05-21,Not enough content,22.99,574.75,89,1,Varun,India,Bihar,Male,1979-10-26,,,,
0320-CFYTU,2019-05-11,Organic,2020-05-11,Basic,Annual,,,6.99,559.2,46,0,Mohan,India,Maharashtra,Male,1974-11-07,,,,
0645-PRIEF,2023-03-22,Referral,2024-03-22,Standard,Monthly,,,13.99,461.67,43,0,Shreya,India,West Bengal,Male,1966-09-30,,,,
2942-PYARX,2020-08-12,Organic,2021-08-12,Basic,Annual,,,6.99,454.35,6,0,Nikhil,India,Madhya Pradesh,Male,2004-04-25,2025-03-23,N,100.0,1.0
7949-GPADM,2020-06-13,Referral,2021-06-13,Basic,Annual,2021-01-29,Switched to competitor,7.99,55.93,54,1,Tanvi,India,Tamil Nadu,Female,2001-12-27,,,,
1887-KJJBM,2020-02-20,Organic,2021-02-20,Premium,Monthly,,,22.99,1632.29,52,0,Rohan,India,Odisha,Female,1994-05-08,,,,
8987-VQLZD,2024-06-01,Organic,2025-06-01,Standard,Annual,,,14.99,284.81,46,0,Rohan,India,Kerala,Male,1975-08-13,,,,
3728-ELWPU,2023-05-03,Paid,2024-05-03,Premium,Annual,,,22.99,735.68,93,0,Akash,India,West Bengal,Female,1983-09-22,,,,
6177-CEYAG,2021-07-07,Referral,2022-07-07,Basic,Annual,,,6.99,377.46,64,0,Diya,India,Delhi,Female,1968-08-03,2024-12-31,N,90.0,1.0
2122-QNTQV,2024-07-22,Organic,2025-07-22,Standard,Monthly,2026-04-26,Not enough content,15.99,335.79,90,1,Mohan,India,Punjab,Female,1991-12-26,,,,
4662-JLNHF,2023-07-21,Organic,2024-07-21,Standard,Monthly,2025-06-04,Too expensive,15.99,351.78,72,1,Diya,India,Telangana,Male,1990-07-04,2025-03-22,Y,40.0,1.0
7219-TUNYM,2022-07-05,Organic,2023-07-05,Basic,Annual,2024-05-06,Too expensive,7.99,175.78,62,1,Diya,India,Uttar Pradesh,Female,1982-03-31,,,,
1767-RGZPB,2024-11-11,Paid,2025-11-11,Standard,Monthly,,,15.99,207.87,20,0,Kavya,India,Tamil Nadu,Male,1971-12-26,,,,
0484-WGEUY,2019-06-05,Paid,2020-06-05,Basic,Annual,,,7.99,639.2,36,0,Rohan,India,Uttar Pradesh,Female,1974-04-20,,,,
1579-YJLFY,2024-11-15,Referral,2025-11-15,Standard,Annual,,,15.99,207.87,49,0,Sakshi,India,Bihar,Male,1979-02-12,,,,
5367-XBVRY,2020-12-13,Referral,2021-12-13,Standard,Annual,,,13.99,853.39,26,0,Riya,India,Madhya Pradesh,Male,1978-01-10,,,,
4975-RXGBE,2019-05-07,Referral,2020-05-07,Basic,Annual,,,8.99,728.19,28,0,Arjun,India,Gujarat,Male,1973-10-01,,,,
0862-PPYLR,2021-07-20,Organic,2022-07-20,Premium,Monthly,,,23.99,1295.46,29,0,Rahul,India,Punjab,Female,1964-06-04,,,,
3301-ICNLT,2021-04-20,Organic,2022-04-20,Basic,Annual,,,8.99,512.43,84,0,Ananya,India,West Bengal,Male,1984-11-30,,,,
7283-TMFYY,2020-07-04,Referral,2021-07-04,Basic,Monthly,,,6.99,461.34,30,0,Neha,India,Madhya Pradesh,Female,1989-06-30,,,,
6375-HAUSX,2021-06-23,Referral,2022-06-23,Basic,Annual,,,6.99,384.45,31,0,Aarav,India,Punjab,Male,1986-11-04,2022-08-29,Y,20.0,1.0
5612-UQWRH,2022-06-16,Organic,2023-06-16,Basic,Annual,,,7.99,343.57,4,0,Kavya,India,Madhya Pradesh,Male,2004-09-19,,,,
2024-AVHMR,2023-02-20,Referral,2024-02-20,Premium,Annual,2023-07-26,Not enough content,22.99,114.95,28,1,Neha,India,Delhi,Male,2004-05-31,,,,
7765-CDJXC,2019-06-21,Referral,2020-06-21,Standard,Annual,2019-10-16,Poor streaming quality,13.99,41.97,75,1,Shreya,India,Madhya Pradesh,Female,1970-09-04,2019-07-10,Y,60.0,1.0
9248-YNEGX,2024-10-16,Referral,2025-10-16,Basic,Monthly,2024-12-05,Poor streaming quality,7.99,7.99,29,1,Sakshi,India,Madhya Pradesh,Female,1974-11-17,,,,
0492-BBBUP,2020-02-02,Referral,2021-02-02,Premium,Monthly,,,22.99,1632.29,39,0,Rahul,India,Odisha,Female,1970-11-22,,,,
8286-RTFXO,2020-04-17,Paid,2021-04-17,Premium,Monthly,,,22.99,1586.31,54,0,Nikhil,India,Rajasthan,Female,2004-12-01,,,,
9223-RWYLC,2023-09-19,Organic,2024-09-19,Premium,Monthly,2026-02-10,Not enough content,22.99,666.71,57,1,Arjun,India,Rajasthan,Male,1982-12-30,2025-07-28,N,80.0,1.0
3763-YUKDQ,2023-02-01,Organic,2024-02-01,Basic,Monthly,,,6.99,244.65,26,0,Sakshi,India,Kerala,Male,1980-03-15,,,,
0361-NIZRX,2024-11-09,Organic,2025-11-09,Premium,Annual,2025-02-21,Forgot to cancel trial,22.99,68.97,93,1,Shreya,India,Uttar Pradesh,Male,1975-05-16,2024-12-02,Y,50.0,2.0
5310-ISXQO,2019-08-24,Referral,2020-08-24,Basic,Annual,,,6.99,538.23,62,0,Sneha,India,Delhi,Female,1975-01-04,,,,
7780-XKNEP,2024-06-24,Referral,2025-06-24,Basic,Annual,2026-09-10,Switched to competitor,8.99,233.74,14,1,Rohan,India,Uttar Pradesh,Female,1970-05-02,,,,
5661-VJELG,2024-02-06,Referral,2025-02-06,Basic,Monthly,2024-05-18,Switched to competitor,6.99,20.97,53,1,Sakshi,India,Bihar,Male,1975-05-17,2024-05-02,N,80.0,1.0
4062-INEAB,2023-12-10,Organic,2024-12-10,Premium,Annual,,,24.99,624.75,28,0,Riya,India,Gujarat,Female,1990-07-25,,,,
1489-MYNKJ,2023-10-21,Paid,2024-10-21,Standard,Monthly,,,13.99,363.74,1,0,Ananya,India,Rajasthan,Female,2005-04-22,,,,
4037-VWLBX,2020-05-19,Organic,2021-05-19,Basic,Annual,2020-09-12,Poor streaming quality,6.99,20.97,69,1,Arjun,India,Tamil Nadu,Male,1971-02-18,2020-07-22,N,80.0,1.0
3768-KBVXU,2021-09-14,Organic,2022-09-14,Premium,Monthly,,,22.99,1195.48,45,0,Mohan,India,Maharashtra,Male,2003-03-23,2024-02-24,N,70.0,1.0
4886-HRGSF,2024-11-24,Organic,2025-11-24,Standard,Annual,2027-03-08,Poor streaming quality,14.99,404.73,11,1,Karan,India,Haryana,Male,1969-09-24,,,,
4405-IFNJE,2022-04-14,Paid,2023-04-14,Standard,Annual,,,13.99,629.55,93,0,Ishaan,India,Maharashtra,Male,1967-09-09,2024-05-30,Y,10.0,1.0
2468-KPGMG,2020-01-19,Paid,2021-01-19,Premium,Monthly,,,24.99,1799.28,70,0,Pooja,India,Madhya Pradesh,Male,2003-05-28,2020-04-07,Y,20.0,1.0
0187-JJNRS,2021-04-08,Referral,2022-04-08,Basic,Monthly,,,7.99,455.43,56,0,Mohan,India,Delhi,Male,1995-06-23,2025-03-01,N,70.0,1.0
6460-RVZCF,2022-09-03,Referral,2023-09-03,Standard,Annual,2023-01-10,Switched to competitor,13.99,55.96,22,1,Ishaan,India,Uttar Pradesh,Female,1961-04-16,,,,
5458-NWNEK,2023-09-19,Paid,2024-09-19,Premium,Annual,,,22.99,620.73,62,0,Kavya,India,Haryana,Female,1975-03-20,,,,
1638-BOXRY,2024-04-05,Referral,2025-04-05,Premium,Annual,,,22.99,482.79,38,0,Arjun,India,Haryana,Male,1981-02-26,,,,
4963-ENXOD,2021-12-05,Paid,2022-12-05,Standard,Annual,2023-11-27,Forgot to cancel trial,14.99,359.76,62,1,Kavya,India,Madhya Pradesh,Male,1984-11-18,2023-09-12,N,70.0,2.0
5117-QJTYY,2023-07-24,Referral,2024-07-24,Basic,Monthly,,,6.99,202.71,42,0,Varun,India,Haryana,Male,1977-01-23,,,,
0167-SSRBO,2022-05-05,Paid,2023-05-05,Basic,Annual,2023-04-22,Too expensive,8.99,98.89,90,1,Nikhil,India,Punjab,Male,1989-10-14,2023-01-28,N,100.0,2.0
1006-ETAYO,2023-07-23,Referral,2024-07-23,Premium,Annual,,,22.99,666.71,24,0,Vishal,India,West Bengal,Male,1966-07-24,,,,
2331-LTGON,2024-07-21,Referral,2025-07-21,Standard,Monthly,,,14.99,254.83,54,0,Aditya,India,Karnataka,Male,2001-08-05,,,,
7948-RWNEB,2024-03-11,Organic,2025-03-11,Premium,Monthly,,,22.99,505.78,67,0,Sakshi,India,Gujarat,Male,1971-02-11,2025-08-26,N,80.0,1.0
2933-GHUJQ,2024-10-22,Paid,2025-10-22,Premium,Monthly,,,22.99,321.86,26,0,Karan,India,Telangana,Male,1997-09-28,,,,
0326-SQOOU,2019-05-03,Paid,2020-05-03,Standard,Monthly,2019-12-02,Too expensive,13.99,97.93,29,1,Akash,India,Uttar Pradesh,Male,1980-02-11,,,,
4179-ELXXX,2024-03-10,Organic,2025-03-10,Standard,Monthly,,,13.99,307.78,42,0,Shreya,India,Karnataka,Female,1982-11-05,,,,
1398-DDISF,2021-04-04,Organic,2022-04-04,Premium,Annual,,,24.99,1424.43,23,0,Karan,India,Uttar Pradesh,Male,1973-11-27,,,,
1024-GPXHP,2024-02-09,Referral,2025-02-09,Basic,Monthly,,,8.99,206.77,6,0,Shreya,India,West Bengal,Male,1986-05-19,,,,
5066-OQWJW,2019-09-28,Referral,2020-09-28,Standard,Monthly,,,13.99,1063.24,42,0,Meera,India,Rajasthan,Female,1961-06-13,,,,
1185-LPUDY,2024-10-14,Organic,2025-10-14,Standard,Annual,,,14.99,209.86,71,0,Sakshi,India,Madhya Pradesh,Female,1982-07-31,2024-11-09,Y,40.0,1.0
9272-ESYNX,2024-05-07,Organic,2025-05-07,Standard,Annual,,,13.99,279.8,99,0,Varun,India,Kerala,Male,2000-01-03,2025-11-24,Y,10.0,2.0
2069-GKFRZ,2024-04-03,Referral,2025-04-03,Standard,Annual,2026-04-08,Switched to competitor,13.99,335.76,59,1,Karan,India,Rajasthan,Female,1989-12-31,,,,
5576-LHUIC,2021-02-10,Referral,2022-02-10,Premium,Annual,,,22.99,1356.41,17,0,Kavya,India,Gujarat,Female,1966-08-09,,,,
2521-KQKYA,2020-02-02,Organic,2021-02-02,Standard,Annual,2022-01-04,Poor streaming quality,13.99,321.77,62,1,Tanvi,India,Punjab,Male,1967-08-13,,,,
3336-OFUZV,2020-05-25,Referral,2021-05-25,Basic,Monthly,2020-12-12,Too expensive,6.99,41.94,98,1,Aarav,India,Odisha,Female,1990-10-27,,,,
1994-HEUGV,2022-02-22,Paid,2023-02-22,Basic,Monthly,,,8.99,413.54,45,0,Vishal,India,Odisha,Female,1960-11-28,2024-07-11,N,90.0,1.0
8781-WGGAE,2020-08-22,Paid,2021-08-22,Standard,Monthly,,,13.99,909.35,70,0,Ananya,India,Bihar,Female,1994-10-04,2022-08-11,N,100.0,1.0
0516-SHXAB,2021-01-13,Organic,2022-01-13,Basic,Monthly,2022-12-07,Poor streaming quality,7.99,183.77,77,1,Vishal,India,West Bengal,Female,1974-10-03,2022-05-23,N,70.0,2.0
5197-XZHHU,2023-01-03,Referral,2024-01-03,Standard,Monthly,,,13.99,503.64,24,0,Aarav,India,Haryana,Female,2004-10-20,,,,
8863-QJISV,2019-09-10,Organic,2020-09-10,Premium,Monthly,,,24.99,1899.24,33,0,Pooja,India,Kerala,Male,1962-02-05,,,,
9016-JZGVQ,2019-03-07,Paid,2020-03-07,Standard,Annual,,,13.99,1161.17,93,0,Tanvi,India,Rajasthan,Male,1991-03-07,,,,
2353-ICKBC,2023-09-25,Organic,2024-09-25,Standard,Monthly,2024-10-01,Switched to competitor,13.99,167.88,60,1,Karan,India,Rajasthan,Female,1997-02-13,,,,
3407-XPEMW,2019-12-03,Paid,2020-12-03,Standard,Annual,,,13.99,1035.26,37,0,Aarav,India,Gujarat,Female,1972-09-15,,,,
3318-SEYLM,2024-01-06,Paid,2025-01-06,Premium,Annual,,,23.99,575.76,16,0,Aditi,India,Tamil Nadu,Female,1973-01-09,,,,
3395-MRKIB,2024-06-08,Referral,2025-06-08,Standard,Annual,,,15.99,303.81,19,0,Karan,India,Kerala,Male,1968-08-30,,,,
2419-XSEYO,2019-10-15,Organic,2020-10-15,Premium,Annual,2020-03-26,Forgot to cancel trial,22.99,114.95,72,1,Kavya,India,Madhya Pradesh,Male,1970-11-26,2020-01-06,Y,20.0,1.0
4533-UJQKG,2024-11-05,Organic,2025-11-05,Basic,Monthly,2025-11-21,Forgot to cancel trial,6.99,83.88,96,1,Neha,India,Bihar,Male,1993-09-17,2025-05-21,Y,40.0,2.0
7944-VSSRE,2021-06-18,Paid,2022-06-18,Standard,Annual,,,13.99,769.45,78,0,Karan,India,Odisha,Male,1975-01-12,2025-10-07,Y,10.0,1.0
2096-IBGZT,2022-01-16,Referral,2023-01-16,Premium,Monthly,,,24.99,1199.52,53,0,Karan,India,Punjab,Female,1981-01-12,,,,
0275-NFFGJ,2024-02-27,Paid,2025-02-27,Basic,Monthly,,,8.99,197.78,24,0,Pooja,India,Maharashtra,Male,2001-07-18,,,,
4199-EUIUC,2022-05-01,Referral,2023-05-01,Basic,Monthly,2022-07-26,Not enough content,6.99,13.98,62,1,Priya,India,Haryana,Female,1986-02-26,,,,
6559-FCTTR,2020-10-01,Organic,2021-10-01,Basic,Monthly,,,6.99,440.37,17,0,Tanvi,India,Rajasthan,Female,1995-04-20,,,,
2646-LSQCY,2020-11-06,Paid,2021-11-06,Standard,Monthly,,,13.99,867.38,4,0,Meera,India,Madhya Pradesh,Female,1978-06-11,,,,
0839-FYULU,2021-05-17,Referral,2022-05-17,Standard,Monthly,2022-12-30,Forgot to cancel trial,15.99,303.81,69,1,Sneha,India,Bihar,Male,1960-03-01,2022-04-19,Y,60.0,2.0
5659-KUAQY,2021-06-16,Organic,2022-06-16,Premium,Annual,2022-04-01,Forgot to cancel trial,22.99,206.91,81,1,Arjun,India,Madhya Pradesh,Male,1978-11-20,2022-02-01,N,60.0,3.0
5705-QOVPJ,2022-11-26,Referral,2023-11-26,Premium,Annual,,,22.99,850.63,4,0,Sakshi,India,Gujarat,Male,1962-05-26,,,,
8732-NHRHX,2020-08-18,Paid,2021-08-18,Standard,Monthly,2022-10-08,Switched to competitor,13.99,363.74,80,1,Kavya,India,Madhya Pradesh,Female,1989-12-27,2022-05-09,Y,40.0,1.0
1613-MDDDW,2019-05-08,Referral,2020-05-08,Premium,Annual,,,22.99,1839.2,1,0,Diya,India,Punjab,Female,1978-11-04,,,,
2620-KQTCI,2023-03-01,Paid,2024-03-01,Basic,Annual,,,8.99,305.66,3,0,Karan,India,Maharashtra,Male,1987-08-27,,,,
8396-BRNLQ,2023-04-21,Organic,2024-04-21,Basic,Annual,,,6.99,223.68,38,0,Varun,India,Madhya Pradesh,Female,1999-10-28,2024-10-02,N,80.0,1.0
1238-TYMQF,2022-12-25,Paid,2023-12-25,Basic,Annual,2025-03-02,Forgot to cancel trial,8.99,233.74,68,1,Diya,India,Odisha,Male,2000-04-28,,,,
2935-BKXOQ,2019-07-18,Organic,2020-07-18,Premium,Monthly,2019-10-22,Not enough content,24.99,74.97,69,1,Priya,India,Bihar,Female,1990-08-21,,,,
2676-BYWVU,2020-05-08,Organic,2021-05-08,Basic,Monthly,,,8.99,611.32,60,0,Mohan,India,Bihar,Male,1986-01-10,2024-11-14,Y,10.0,1.0
9103-NRUKG,2024-11-02,Paid,2025-11-02,Basic,Annual,,,6.99,97.86,75,0,Rohan,India,Telangana,Male,1962-05-06,2025-01-22,Y,10.0,2.0
0935-SSUEI,2022-01-24,Organic,2023-01-24,Premium,Monthly,2023-06-11,Not enough content,22.99,367.84,26,1,Tanvi,India,Karnataka,Male,1991-02-04,2022-06-15,N,70.0,1.0
5909-NXBAX,2019-01-12,Organic,2020-01-12,Basic,Annual,2019-12-01,Switched to competitor,6.99,69.9,82,1,Sakshi,India,Rajasthan,Female,2003-11-06,,,,
6385-RWQXI,2022-09-08,Referral,2023-09-08,Basic,Annual,,,6.99,279.6,36,0,Varun,India,West Bengal,Female,1974-04-03,,,,
5391-HBNGV,2024-02-24,Referral,2025-02-24,Standard,Annual,,,14.99,329.78,24,0,Priya,India,West Bengal,Male,1979-08-26,,,,
1252-HORDD,2020-08-14,Paid,2021-08-14,Basic,Annual,,,8.99,584.35,33,0,Aarav,India,Haryana,Female,1976-09-16,,,,
7677-LJCEU,2024-05-13,Referral,2025-05-13,Basic,Annual,2025-01-23,Too expensive,6.99,55.92,58,1,Karan,India,Rajasthan,Male,1994-03-05,2024-11-17,N,80.0,1.0
5321-WDLPY,2019-09-01,Paid,2020-09-01,Premium,Monthly,,,22.99,1770.23,20,0,Diya,India,Uttar Pradesh,Female,2005-02-18,,,,
8278-QHRRR,2023-01-26,Referral,2024-01-26,Premium,Monthly,,,22.99,804.65,26,0,Meera,India,Gujarat,Female,2001-10-23,,,,
1998-UJETI,2022-02-09,Referral,2023-02-09,Standard,Annual,,,13.99,657.53,4,0,Rohan,India,Odisha,Female,1980-09-29,,,,
0257-FOQZD,2023-08-26,Referral,2024-08-26,Basic,Monthly,,,6.99,195.72,15,0,Shreya,India,Punjab,Female,1992-07-20,2025-12-20,Y,10.0,1.0
7679-VYNFV,2019-08-24,Paid,2020-08-24,Basic,Annual,,,6.99,538.23,1,0,Ishaan,India,Madhya Pradesh,Female,2005-02-26,,,,
3344-SJLWK,2021-09-18,Paid,2022-09-18,Premium,Annual,,,22.99,1195.48,85,0,Tanvi,India,Kerala,Female,1978-05-25,,,,
1582-FEHXA,2022-04-07,Referral,2023-04-07,Standard,Monthly,,,13.99,629.55,8,0,Nikhil,India,Telangana,Male,1960-06-10,,,,
2203-JNMWG,2020-01-21,Paid,2021-01-21,Basic,Annual,2021-06-24,Too expensive,6.99,118.83,71,1,Akash,India,Uttar Pradesh,Female,2004-02-26,,,,
4235-MQUKX,2021-09-24,Referral,2022-09-24,Premium,Annual,2021-12-07,Forgot to cancel trial,22.99,45.98,1,1,Akash,India,Tamil Nadu,Female,1987-12-10,,,,
5592-SLMZE,2023-01-05,Paid,2024-01-05,Premium,Annual,,,23.99,863.64,37,0,Ishaan,India,Haryana,Male,1963-12-23,2025-06-28,N,70.0,2.0
1388-YRKEJ,2021-08-13,Organic,2022-08-13,Basic,Annual,,,6.99,370.47,25,0,Sneha,India,Rajasthan,Male,1990-08-06,,,,
3382-SHODM,2019-06-03,Referral,2020-06-03,Standard,Annual,2020-12-29,Switched to competitor,13.99,265.81,72,1,Rohan,India,Telangana,Female,1970-04-20,2020-12-05,N,60.0,2.0
5556-VFYGE,2024-08-10,Referral,2025-08-10,Basic,Monthly,,,6.99,111.84,47,0,Varun,India,Bihar,Male,1994-01-14,2025-02-13,N,60.0,1.0
4786-KZDGV,2021-08-04,Organic,2022-08-04,Premium,Annual,,,22.99,1218.47,13,0,Vishal,India,Bihar,Male,1970-04-23,2024-12-31,N,60.0,1.0
3703-QFKBT,2019-08-08,Organic,2020-08-08,Premium,Monthly,2020-04-20,Forgot to cancel trial,22.99,183.92,50,1,Meera,India,Bihar,Female,1990-01-05,,,,
6366-LRHPT,2022-11-03,Paid,2023-11-03,Basic,Annual,,,7.99,303.62,39,0,Tanvi,India,Haryana,Female,1996-02-23,,,,
3330-AUYGN,2020-02-11,Paid,2021-02-11,Standard,Monthly,,,15.99,1135.29,23,0,Ishaan,India,Karnataka,Female,1995-06-23,,,,
0227-WSBYW,2020-12-07,Referral,2021-12-07,Basic,Monthly,,,8.99,548.39,1,0,Pooja,India,Punjab,Male,1978-12-09,,,,
4164-BSXAJ,2020-04-17,Paid,2021-04-17,Standard,Monthly,,,13.99,965.31,20,0,Kavya,India,Bihar,Female,1976-03-12,,,,
7893-WZXON,2020-09-01,Organic,2021-09-01,Basic,Monthly,2021-01-28,Too expensive,6.99,27.96,78,1,Aditi,India,Rajasthan,Female,1987-03-22,2020-12-12,Y,60.0,3.0
4335-ZOMJT,2020-01-01,Paid,2021-01-01,Basic,Annual,,,8.99,656.27,10,0,Neha,India,Odisha,Male,1998-08-07,,,,
0738-EZWVT,2021-10-01,Organic,2022-10-01,Premium,Annual,,,22.99,1172.49,69,0,Nikhil,India,Odisha,Female,1972-04-19,,,,
8284-ETLVO,2023-03-13,Referral,2024-03-13,Premium,Annual,,,22.99,781.66,19,0,Nikhil,India,Punjab,Male,2001-03-06,,,,
0089-VGLPZ,2021-11-14,Organic,2022-11-14,Basic,Annual,2022-11-26,Poor streaming quality,8.99,107.88,76,1,Tanvi,India,Kerala,Male,1973-11-17,2021-11-17,Y,10.0,1.0
7736-JVBRH,2021-11-11,Paid,2022-11-11,Basic,Monthly,,,6.99,349.5,98,0,Akash,India,Kerala,Female,1997-04-01,2022-10-21,N,70.0,1.0
6803-KZCSN,2021-03-15,Organic,2022-03-15,Basic,Annual,,,8.99,521.42,24,0,Mohan,India,Karnataka,Female,1966-09-01,,,,
4338-PJXCK,2020-05-10,Referral,2021-05-10,Basic,Monthly,,,6.99,475.32,49,0,Kavya,India,West Bengal,Female,1966-05-26,,,,
2879-MBFXP,2022-08-17,Paid,2023-08-17,Standard,Annual,,,13.99,573.59,41,0,Aarav,India,Rajasthan,Female,1984-03-08,,,,
1118-HTYCZ,2020-06-06,Referral,2021-06-06,Standard,Monthly,,,14.99,1004.33,60,0,Diya,India,Rajasthan,Female,2004-07-19,,,,
4128-KAVDY,2023-12-08,Organic,2024-12-08,Standard,Monthly,,,14.99,374.75,8,0,Ishaan,India,Madhya Pradesh,Male,1976-10-23,,,,
7345-PYWFY,2019-11-09,Paid,2020-11-09,Standard,Annual,2021-10-23,Poor streaming quality,13.99,321.77,92,1,Mohan,India,Maharashtra,Female,1990-04-14,,,,
9239-DQFZN,2024-11-07,Organic,2025-11-07,Standard,Annual,2025-04-30,Not enough content,13.99,69.95,59,1,Rohan,India,Tamil Nadu,Female,1991-10-02,2025-03-31,N,60.0,1.0
3062-MPMMI,2019-08-24,Referral,2020-08-24,Standard,Monthly,,,14.99,1154.23,55,0,Arjun,India,Punjab,Male,1991-08-02,,,,
6965-FKBOC,2024-11-16,Paid,2025-11-16,Standard,Annual,,,13.99,181.87,66,0,Tanvi,India,Odisha,Female,1960-09-23,,,,
5029-JQUAA,2023-04-24,Paid,2024-04-24,Basic,Annual,,,6.99,223.68,12,0,Varun,India,Karnataka,Female,1963-05-27,2023-07-20,Y,60.0,1.0
4003-IOVYY,2020-12-04,Paid,2021-12-04,Standard,Annual,,,13.99,853.39,3,0,Sneha,India,Rajasthan,Male,2004-03-19,,,,
6835-VEEWG,2023-09-13,Paid,2024-09-13,Standard,Monthly,2024-12-13,Too expensive,15.99,239.85,78,1,Riya,India,Karnataka,Female,1987-03-12,,,,
2734-PAAEA,2023-02-02,Paid,2024-02-02,Basic,Monthly,,,7.99,279.65,73,0,Meera,India,Madhya Pradesh,Female,1989-07-01,2023-03-19,N,90.0,1.0
0665-WOEXA,2021-01-18,Organic,2022-01-18,Standard,Monthly,,,13.99,839.4,17,0,Aditi,India,Odisha,Male,1964-02-05,,,,
9664-RCSPU,2021-04-28,Paid,2022-04-28,Basic,Monthly,,,8.99,503.44,7,0,Rohan,India,Gujarat,Female,1984-02-17,,,,
3095-UADDZ,2021-12-11,Organic,2022-12-11,Standard,Monthly,2024-03-15,Forgot to cancel trial,15.99,431.73,86,1,Ishaan,India,Bihar,Male,1962-04-27,2022-04-08,N,60.0,1.0
5627-EBLSI,2022-06-13,Paid,2023-06-13,Basic,Monthly,,,6.99,300.57,72,0,Aditya,India,Haryana,Female,1990-08-03,,,,
3054-USGAF,2023-04-21,Organic,2024-04-21,Premium,Monthly,,,22.99,735.68,67,0,Vishal,India,Kerala,Male,1993-12-25,2025-02-14,N,60.0,2.0
0491-MJDNO,2019-07-23,Referral,2020-07-23,Standard,Monthly,,,13.99,1091.22,74,0,Aarav,India,Rajasthan,Male,1960-03-24,,,,
6921-WQSOD,2020-12-12,Paid,2021-12-12,Premium,Monthly,,,22.99,1402.39,66,0,Tanvi,India,West Bengal,Female,2002-05-06,2025-06-04,N,70.0,1.0
3646-GSKYY,2020-11-13,Organic,2021-11-13,Basic,Monthly,2022-11-09,Switched to competitor,6.99,167.76,75,1,Shreya,India,Bihar,Male,1978-10-20,,,,
1372-BSRAR,2023-01-25,Referral,2024-01-25,Premium,Annual,,,22.99,804.65,94,0,Mohan,India,Uttar Pradesh,Female,2000-06-09,2025-04-26,Y,60.0,2.0
9222-SEXTO,2024-03-03,Organic,2025-03-03,Premium,Annual,,,22.99,505.78,47,0,Meera,India,Haryana,Male,2001-10-26,,,,
8046-TJRQX,2022-01-01,Referral,2023-01-01,Basic,Monthly,2023-01-28,Switched to competitor,6.99,90.87,85,1,Arjun,India,Karnataka,Male,1960-11-12,,,,
8995-MCVKL,2022-03-27,Referral,2023-03-27,Premium,Monthly,2022-09-29,Not enough content,22.99,137.94,99,1,Aarav,India,West Bengal,Female,1960-02-23,,,,
0934-YLSFH,2024-05-14,Paid,2025-05-14,Premium,Monthly,,,22.99,436.81,49,0,Meera,India,Gujarat,Male,1976-10-30,,,,
0283-UBGFP,2020-09-10,Referral,2021-09-10,Standard,Annual,,,13.99,895.36,65,0,Ananya,India,Madhya Pradesh,Female,2003-10-18,2021-03-30,N,90.0,1.0
9411-CZRCG,2024-09-22,Paid,2025-09-22,Premium,Monthly,,,24.99,374.85,94,0,Sneha,India,West Bengal,Female,1994-11-14,,,,
0453-CVKWI,2020-06-06,Referral,2021-06-06,Basic,Annual,2022-03-26,Not enough content,6.99,146.79,91,1,Arjun,India,Karnataka,Male,1975-09-04,,,,
1880-WGTUJ,2019-09-27,Paid,2020-09-27,Premium,Annual,2020-08-04,Too expensive,24.99,249.9,73,1,Diya,India,Odisha,Male,1991-02-21,,,,
4836-AAQBN,2019-10-17,Paid,2020-10-17,Basic,Monthly,,,6.99,524.25,6,0,Meera,India,Telangana,Male,1979-07-02,,,,
8492-DLGTF,2023-07-05,Referral,2024-07-05,Standard,Monthly,,,15.99,479.7,77,0,Aarav,India,Delhi,Male,1989-01-17,2025-04-13,Y,30.0,1.0
3305-AGZXE,2020-09-20,Referral,2021-09-20,Premium,Monthly,,,24.99,1599.36,83,0,Diya,India,Punjab,Male,1965-10-06,,,,
8520-JPPXK,2021-11-11,Referral,2022-11-11,Premium,Monthly,,,24.99,1249.5,79,0,Riya,India,Delhi,Male,1993-06-24,2025-01-15,N,100.0,3.0
9077-UFGNL,2022-01-07,Organic,2023-01-07,Basic,Monthly,2022-07-30,Forgot to cancel trial,6.99,41.94,31,1,Kavya,India,Rajasthan,Female,1969-09-01,,,,
2599-ZRSGK,2019-08-05,Referral,2020-08-05,Premium,Monthly,,,23.99,1871.22,14,0,Riya,India,Karnataka,Male,1986-02-20,,,,
2745-ZZUYB,2023-05-08,Referral,2024-05-08,Basic,Monthly,,,6.99,223.68,6,0,Shreya,India,Odisha,Female,1996-11-10,,,,
7150-UFPKM,2023-06-16,Paid,2024-06-16,Basic,Annual,,,6.99,209.7,15,0,Shreya,India,Madhya Pradesh,Male,1967-07-27,,,,
1485-NYFKK,2024-06-12,Referral,2025-06-12,Premium,Monthly,,,22.99,413.82,48,0,Aditya,India,Punjab,Male,1967-01-24,2025-06-11,N,80.0,1.0
2681-HMLKT,2020-04-02,Referral,2021-04-02,Basic,Monthly,,,6.99,482.31,59,0,Sneha,India,Kerala,Female,2002-05-14,2021-05-09,N,70.0,1.0
4231-JKKIV,2019-05-18,Paid,2020-05-18,Standard,Annual,,,13.99,1119.2,20,0,Riya,India,Madhya Pradesh,Female,1982-04-09,,,,
9251-KUDPI,2023-10-16,Referral,2024-10-16,Standard,Monthly,,,15.99,415.74,88,0,Mohan,India,Maharashtra,Female,1980-09-29,,,,
6824-SEFCZ,2023-11-11,Paid,2024-11-11,Premium,Monthly,,,23.99,623.74,77,0,Rohan,India,Delhi,Male,1972-10-24,2025-11-12,N,60.0,2.0
0601-DCDAZ,2021-09-04,Paid,2022-09-04,Premium,Annual,,,22.99,1195.48,42,0,Riya,India,Karnataka,Female,2005-10-17,,,,
9131-JNDVX,2022-08-09,Organic,2023-08-09,Premium,Annual,,,22.99,942.59,47,0,Aditya,India,Gujarat,Female,1966-08-13,2023-08-03,N,80.0,1.0
2343-PILYR,2024-09-07,Organic,2025-09-07,Standard,Monthly,2025-09-19,Too expensive,14.99,179.88,89,1,Aditya,India,Punjab,Male,1994-01-09,2024-11-13,Y,30.0,1.0
8690-MUJWS,2022-07-28,Paid,2023-07-28,Premium,Monthly,,,22.99,942.59,42,0,Sneha,India,Uttar Pradesh,Male,1992-12-22,,,,
1025-QXNCQ,2019-10-08,Organic,2020-10-08,Basic,Annual,2020-12-03,Too expensive,6.99,97.86,6,1,Kavya,India,Rajasthan,Male,1984-08-06,,,,
9581-EEZXT,2020-01-04,Paid,2021-01-04,Premium,Monthly,,,22.99,1655.28,38,0,Mohan,India,Karnataka,Female,1969-11-09,2023-02-25,N,100.0,1.0
1286-PXYMK,2023-04-08,Referral,2024-04-08,Basic,Monthly,,,6.99,230.67,18,0,Akash,India,Delhi,Female,1976-05-07,,,,
5735-NHUJW,2024-01-10,Organic,2025-01-10,Premium,Annual,,,24.99,599.76,13,0,Aditya,India,Punjab,Female,1980-01-25,2024-09-21,Y,10.0,2.0
9678-YEUAU,2024-03-17,Paid,2025-03-17,Basic,Monthly,2024-10-11,Too expensive,6.99,41.94,81,1,Mohan,India,Kerala,Female,1973-05-30,,,,
8692-JAWOD,2024-01-23,Organic,2025-01-23,Basic,Annual,2026-04-21,Not enough content,8.99,242.73,24,1,Priya,India,Rajasthan,Female,2004-07-21,,,,
1780-DNKIM,2020-12-22,Paid,2021-12-22,Basic,Annual,,,6.99,426.39,11,0,Vishal,India,Madhya Pradesh,Male,1965-02-14,2021-03-28,N,80.0,1.0
7910-XDOEI,2023-06-15,Referral,2024-06-15,Basic,Annual,,,7.99,247.69,51,0,Neha,India,Karnataka,Male,1997-11-11,,,,
0178-RRWSN,2020-01-22,Referral,2021-01-22,Premium,Annual,2021-05-05,Not enough content,23.99,359.85,95,1,Meera,India,Uttar Pradesh,Male,1977-05-12,,,,
9141-SKMKL,2019-02-16,Organic,2020-02-16,Standard,Monthly,,,15.99,1327.17,8,0,Ishaan,India,Punjab,Male,1969-11-26,,,,
1405-VXYKY,2020-06-16,Paid,2021-06-16,Premium,Monthly,,,22.99,1540.33,42,0,Meera,India,Telangana,Male,1980-01-25,,,,
8120-YRSAA,2019-02-09,Referral,2020-02-09,Standard,Monthly,,,13.99,1161.17,10,0,Sakshi,India,West Bengal,Female,1966-02-19,,,,
8971-WHIJY,2024-04-18,Paid,2025-04-18,Basic,Monthly,,,6.99,139.8,29,0,Mohan,India,Rajasthan,Male,1963-05-30,,,,
5942-TFEZA,2019-06-17,Referral,2020-06-17,Standard,Annual,,,13.99,1105.21,38,0,Aarav,India,Odisha,Male,1979-08-07,,,,
6338-KVZEI,2023-07-04,Organic,2024-07-04,Premium,Annual,2024-06-29,Too expensive,23.99,287.88,72,1,Tanvi,India,Karnataka,Male,1968-10-03,2023-08-13,N,60.0,1.0
8329-SNDIU,2021-10-09,Referral,2022-10-09,Basic,Annual,2022-09-15,Not enough content,7.99,87.89,95,1,Riya,India,Uttar Pradesh,Male,1972-04-10,2021-11-06,Y,50.0,1.0
2592-AQFUC,2019-07-08,Paid,2020-07-08,Standard,Annual,2021-02-15,Not enough content,13.99,265.81,58,1,Aditya,India,Rajasthan,Female,2003-03-23,2019-12-19,N,70.0,1.0
8189-COVTW,2023-07-15,Organic,2024-07-15,Premium,Annual,,,23.99,719.7,88,0,Karan,India,Rajasthan,Male,1969-03-26,2023-12-06,Y,50.0,2.0
9327-VTYRD,2023-01-15,Paid,2024-01-15,Premium,Annual,,,24.99,899.64,27,0,Neha,India,Odisha,Female,1961-09-13,2023-03-20,N,70.0,1.0
8140-CQOCW,2020-10-03,Referral,2021-10-03,Premium,Monthly,,,24.99,1574.37,3,0,Karan,India,Uttar Pradesh,Male,2004-02-24,,,,
4853-ESYEV,2024-09-25,Organic,2025-09-25,Standard,Monthly,2025-05-07,Poor streaming quality,15.99,111.93,52,1,Aarav,India,Maharashtra,Female,1969-05-18,2024-11-01,N,80.0,1.0
7287-YDDVK,2019-05-26,Paid,2020-05-26,Premium,Monthly,2021-02-10,Too expensive,22.99,459.8,78,1,Rahul,India,Telangana,Female,2002-01-28,2020-07-08,N,60.0,1.0
8048-OHZZB,2021-12-23,Organic,2022-12-23,Basic,Annual,,,8.99,431.52,32,0,Aditya,India,Gujarat,Male,1977-12-21,,,,
0211-LADDM,2022-12-19,Referral,2023-12-19,Standard,Annual,,,13.99,503.64,61,0,Tanvi,India,Haryana,Male,1982-09-29,,,,
0855-DAXXW,2022-07-10,Referral,2023-07-10,Standard,Annual,,,15.99,671.58,32,0,Priya,India,Haryana,Male,1960-11-21,2025-10-14,N,60.0,1.0
1575-HFKVQ,2023-05-09,Referral,2024-05-09,Standard,Annual,,,14.99,479.68,70,0,Riya,India,Madhya Pradesh,Female,1995-07-28,2024-07-14,N,90.0,1.0
2992-AZSFM,2020-05-09,Referral,2021-05-09,Premium,Monthly,,,22.99,1563.32,74,0,Aditya,India,Karnataka,Female,2004-04-06,2021-09-06,N,60.0,1.0
1119-WATEO,2023-11-01,Organic,2024-11-01,Premium,Monthly,2026-02-04,Switched to competitor,24.99,674.73,55,1,Ananya,India,West Bengal,Female,1980-11-12,,,,
9689-EUTCM,2019-05-27,Paid,2020-05-27,Premium,Monthly,,,22.99,1839.2,68,0,Vishal,India,Punjab,Male,1968-12-06,2023-01-26,N,70.0,1.0
9342-QYNKP,2024-04-27,Paid,2025-04-27,Basic,Monthly,2024-07-03,Not enough content,6.99,13.98,87,1,Aditya,India,Kerala,Male,1986-06-25,2024-05-31,Y,50.0,1.0
4543-GQNOO,2019-03-24,Organic,2020-03-24,Basic,Annual,,,8.99,737.18,24,0,Sakshi,India,Madhya Pradesh,Female,1964-09-17,,,,
6846-LKFCX,2019-10-10,Paid,2020-10-10,Premium,Monthly,,,22.99,1724.25,1,0,Rohan,India,West Bengal,Male,1974-03-15,,,,
4041-KFDRM,2020-10-07,Paid,2021-10-07,Premium,Annual,2021-05-06,Forgot to cancel trial,23.99,167.93,70,1,Diya,India,Haryana,Female,1998-06-21,2021-03-07,Y,20.0,1.0
9563-LEDPD,2024-09-07,Organic,2025-09-07,Standard,Monthly,,,15.99,255.84,9,0,Varun,India,Uttar Pradesh,Male,1964-01-29,,,,
1827-ZZRAC,2020-09-15,Organic,2021-09-15,Premium,Monthly,,,22.99,1471.36,67,0,Aarav,India,Rajasthan,Male,1960-01-19,,,,
5636-KHZUF,2023-02-28,Organic,2024-02-28,Basic,Monthly,,,7.99,271.66,31,0,Tanvi,India,Haryana,Female,1962-04-29,,,,
3269-CLVPT,2022-11-12,Referral,2023-11-12,Standard,Monthly,,,13.99,531.62,53,0,Aditya,India,Maharashtra,Female,1997-07-15,2024-08-02,N,60.0,1.0
4785-ZBGID,2022-06-20,Paid,2023-06-20,Premium,Annual,,,22.99,988.57,63,0,Riya,India,Madhya Pradesh,Male,1978-01-05,2024-12-14,Y,40.0,1.0
6010-YKZAH,2021-05-09,Referral,2022-05-09,Basic,Monthly,,,6.99,391.44,27,0,Meera,India,Delhi,Female,1962-03-14,,,,
5692-SRDMP,2021-06-20,Referral,2022-06-20,Basic,Annual,,,6.99,384.45,18,0,Meera,India,Rajasthan,Female,2002-03-26,,,,
5797-DIXPA,2022-01-24,Organic,2023-01-24,Basic,Annual,,,6.99,328.53,70,0,Rahul,India,Madhya Pradesh,Male,1977-02-14,2025-01-19,Y,60.0,2.0
8172-ZIEZV,2024-04-03,Referral,2025-04-03,Basic,Annual,,,6.99,146.79,50,0,Tanvi,India,Tamil Nadu,Male,1974-09-07,2025-03-23,Y,30.0,2.0
5967-FTNOB,2020-02-07,Organic,2021-02-07,Premium,Annual,,,22.99,1632.29,56,0,Aditi,India,Maharashtra,Male,1987-02-06,2025-04-14,N,70.0,1.0
2471-LFGZZ,2020-05-17,Paid,2021-05-17,Basic,Annual,,,8.99,611.32,2,0,Ananya,India,Madhya Pradesh,Female,1993-08-14,,,,
9377-VATPH,2024-06-06,Organic,2025-06-06,Basic,Annual,,,6.99,132.81,61,0,Aditya,India,Madhya Pradesh,Female,2003-04-17,2024-08-14,N,70.0,1.0
5628-DRDAJ,2023-10-03,Organic,2024-10-03,Basic,Annual,2025-10-23,Not enough content,6.99,174.75,55,1,Sakshi,India,West Bengal,Male,1971-11-07,2025-09-22,Y,60.0,1.0
6528-PIEOL,2019-10-09,Paid,2020-10-09,Standard,Annual,2020-06-16,Switched to competitor,13.99,111.92,86,1,Nikhil,India,West Bengal,Male,1979-12-11,,,,
8576-ICXDK,2023-01-16,Referral,2024-01-16,Premium,Annual,,,22.99,827.64,28,0,Riya,India,West Bengal,Female,1996-04-16,2024-03-07,N,70.0,1.0
6018-NNBQW,2024-03-06,Paid,2025-03-06,Basic,Monthly,,,7.99,175.78,51,0,Rohan,India,Madhya Pradesh,Male,1972-02-24,,,,
7055-QXGEJ,2024-02-28,Paid,2025-02-28,Standard,Annual,2026-03-27,Forgot to cancel trial,13.99,349.75,64,1,Varun,India,Gujarat,Male,1998-03-17,,,,
6542-SSGUN,2020-09-10,Organic,2021-09-10,Standard,Annual,,,13.99,895.36,35,0,Aditi,India,Maharashtra,Male,1987-08-30,,,,
2911-BXDEE,2019-05-20,Paid,2020-05-20,Basic,Annual,,,6.99,559.2,4,0,Neha,India,Rajasthan,Female,1961-09-08,,,,
1508-FENNX,2023-04-25,Paid,2024-04-25,Standard,Monthly,,,13.99,447.68,49,0,Vishal,India,Maharashtra,Female,1976-08-05,,,,
0769-TPMUD,2019-12-02,Paid,2020-12-02,Basic,Monthly,,,6.99,517.26,44,0,Shreya,India,Haryana,Male,1982-01-02,,,,
9889-IVPSH,2020-11-05,Paid,2021-11-05,Basic,Annual,2021-05-21,Not enough content,7.99,47.94,92,1,Vishal,India,Odisha,Male,1966-02-16,2021-04-20,Y,10.0,1.0
3818-MOYFS,2020-02-10,Paid,2021-02-10,Basic,Annual,,,8.99,638.29,16,0,Tanvi,India,Punjab,Female,1963-02-27,,,,
5603-IBHVX,2024-11-14,Referral,2025-11-14,Standard,Annual,,,13.99,181.87,41,0,Rohan,India,Gujarat,Female,1975-09-29,,,,
4388-JPBHK,2024-07-28,Paid,2025-07-28,Premium,Monthly,2026-05-26,Not enough content,22.99,505.78,81,1,Diya,India,Rajasthan,Female,2004-11-27,2026-04-26,N,100.0,1.0
1985-MKNWW,2024-12-20,Referral,2025-12-20,Basic,Annual,,,7.99,95.88,66,0,Nikhil,India,Maharashtra,Female,1962-04-04,2025-12-07,Y,30.0,1.0
4622-ARTXE,2024-01-26,Paid,2025-01-26,Premium,Annual,,,24.99,574.77,6,0,Priya,India,Madhya Pradesh,Female,1989-09-18,,,,
7094-LUYFM,2023-06-16,Referral,2024-06-16,Standard,Annual,,,13.99,419.7,67,0,Kavya,India,Haryana,Male,1997-10-29,,,,
5061-SVCOX,2022-01-22,Paid,2023-01-22,Basic,Annual,,,8.99,422.53,37,0,Varun,India,Gujarat,Male,1977-07-19,,,,
1114-QXOBS,2019-03-05,Paid,2020-03-05,Premium,Annual,2019-08-12,Switched to competitor,24.99,124.95,87,1,Aditi,India,Haryana,Female,1997-04-03,,,,
1669-OTAFN,2023-03-20,Referral,2024-03-20,Premium,Monthly,,,22.99,758.67,75,0,Aditya,India,Telangana,Female,1999-04-19,2024-09-16,Y,40.0,3.0
7080-OFYVU,2022-04-26,Organic,2023-04-26,Premium,Annual,,,23.99,1055.56,69,0,Ishaan,India,Tamil Nadu,Female,1987-12-31,2023-03-02,Y,20.0,1.0
9139-QVZHV,2023-08-09,Paid,2024-08-09,Standard,Annual,,,13.99,405.71,4,0,Aditi,India,Odisha,Male,1993-08-20,,,,
9907-IVLPR,2020-07-20,Paid,2021-07-20,Standard,Monthly,,,13.99,923.34,49,0,Sneha,India,Kerala,Female,1987-12-14,,,,
1618-UQRZM,2020-05-19,Paid,2021-05-19,Premium,Monthly,,,24.99,1699.32,39,0,Neha,India,Haryana,Male,1970-05-30,,,,
0804-HFWRD,2023-10-21,Referral,2024-10-21,Basic,Annual,2024-01-27,Poor streaming quality,6.99,20.97,92,1,Ananya,India,Maharashtra,Male,1978-11-21,2023-12-16,Y,10.0,1.0
5715-SUCIN,2021-08-24,Paid,2022-08-24,Basic,Annual,,,6.99,370.47,73,0,Rohan,India,Bihar,Male,1964-11-22,,,,
6619-QDQWR,2022-02-27,Paid,2023-02-27,Basic,Monthly,,,8.99,413.54,25,0,Kavya,India,West Bengal,Male,1999-09-05,2022-11-26,N,70.0,1.0
9994-BVRHZ,2023-10-12,Referral,2024-10-12,Premium,Annual,2025-01-22,Forgot to cancel trial,22.99,344.85,72,1,Nikhil,India,Delhi,Female,1967-10-25,2024-04-02,Y,10.0,1.0
5720-HIGOV,2020-10-22,Paid,2021-10-22,Basic,Monthly,,,8.99,566.37,45,0,Varun,India,Kerala,Female,1962-01-30,,,,
0411-SULZE,2022-03-24,Referral,2023-03-24,Premium,Annual,,,22.99,1034.55,24,0,Priya,India,Gujarat,Female,1977-07-15,,,,
8699-NEQLU,2022-05-26,Referral,2023-05-26,Basic,Monthly,,,8.99,386.57,40,0,Tanvi,India,Punjab,Male,1990-08-08,,,,
3742-ZIIUG,2022-02-26,Organic,2023-02-26,Basic,Annual,2022-04-23,Forgot to cancel trial,8.99,8.99,93,1,Tanvi,India,Rajasthan,Female,2005-07-25,2022-03-23,Y,10.0,2.0
7524-QLGJE,2021-09-21,Paid,2022-09-21,Basic,Monthly,2024-03-07,Too expensive,6.99,202.71,99,1,Shreya,India,Odisha,Male,1994-01-18,2023-12-25,Y,40.0,2.0
3522-GJLUZ,2021-12-10,Referral,2022-12-10,Basic,Monthly,2023-09-08,Too expensive,8.99,188.79,89,1,Rahul,India,Rajasthan,Female,1980-02-17,2022-04-18,Y,60.0,1.0
0392-CWZTG,2023-02-12,Organic,2024-02-12,Basic,Annual,,,6.99,244.65,93,0,Varun,India,Karnataka,Female,1989-03-16,2024-08-27,Y,50.0,2.0
0230-JRRXJ,2020-12-07,Paid,2021-12-07,Standard,Monthly,,,13.99,853.39,58,0,Priya,India,Rajasthan,Female,1999-12-11,,,,
3929-EQFHT,2019-10-22,Paid,2020-10-22,Premium,Annual,,,24.99,1874.25,60,0,Kavya,India,Haryana,Female,1984-02-12,,,,
0117-TJJNJ,2020-09-03,Paid,2021-09-03,Premium,Monthly,,,22.99,1471.36,79,0,Sakshi,India,Rajasthan,Male,1962-04-01,2025-09-08,N,80.0,2.0
3190-YAGZL,2021-03-12,Referral,2022-03-12,Basic,Monthly,2022-03-07,Switched to competitor,6.99,83.88,94,1,Arjun,India,Haryana,Female,2005-11-03,2021-04-01,Y,50.0,2.0
5339-HFFJW,2021-05-16,Organic,2022-05-16,Premium,Annual,,,22.99,1287.44,43,0,Neha,India,Tamil Nadu,Female,1982-03-06,,,,
1072-CZAYG,2020-03-24,Organic,2021-03-24,Standard,Annual,,,13.99,979.3,80,0,Aditya,India,West Bengal,Female,1965-10-15,2023-12-28,N,90.0,2.0
2341-PWOOE,2023-09-03,Organic,2024-09-03,Premium,Annual,,,23.99,671.72,44,0,Varun,India,Haryana,Female,1990-03-27,,,,
7453-WJKIZ,2020-03-02,Organic,2021-03-02,Standard,Monthly,2021-11-13,Too expensive,14.99,299.8,93,1,Diya,India,Telangana,Male,1983-11-21,2021-10-21,Y,30.0,2.0
4529-ZXSVE,2024-03-13,Paid,2025-03-13,Basic,Monthly,,,6.99,146.79,37,0,Akash,India,Tamil Nadu,Female,1974-11-01,,,,
8177-SRUTO,2022-10-07,Organic,2023-10-07,Basic,Annual,,,8.99,350.61,19,0,Nikhil,India,Gujarat,Male,1993-05-24,,,,
5460-YEPXD,2022-03-01,Organic,2023-03-01,Standard,Annual,,,13.99,643.54,58,0,Vishal,India,Tamil Nadu,Female,1968-08-04,,,,
7332-NOLNH,2023-03-24,Referral,2024-03-24,Standard,Monthly,2024-06-29,Switched to competitor,14.99,224.85,87,1,Varun,India,Madhya Pradesh,Female,1971-06-02,2023-12-02,N,70.0,2.0
0982-JHELH,2021-04-08,Paid,2022-04-08,Basic,Monthly,2022-10-29,Forgot to cancel trial,6.99,125.82,1,1,Aarav,India,Odisha,Male,2002-12-23,,,,
6354-CXZDA,2021-02-22,Referral,2022-02-22,Basic,Monthly,,,6.99,412.41,58,0,Shreya,India,Gujarat,Female,1961-12-11,,,,
9750-OOBHI,2024-09-19,Organic,2025-09-19,Standard,Monthly,,,13.99,209.85,40,0,Arjun,India,West Bengal,Female,1993-02-12,,,,
6587-TOSWZ,2024-08-17,Organic,2025-08-17,Standard,Annual,,,14.99,239.84,19,0,Shreya,India,Madhya Pradesh,Male,1990-08-25,,,,
3684-QEWHF,2024-09-19,Referral,2025-09-19,Standard,Monthly,,,14.99,224.85,30,0,Shreya,India,Rajasthan,Male,2001-03-10,2025-09-17,Y,10.0,1.0
0395-PGSIS,2019-10-01,Organic,2020-10-01,Premium,Monthly,,,23.99,1823.24,14,0,Sneha,India,West Bengal,Female,1996-01-02,,,,
9645-MMYBI,2020-05-02,Paid,2021-05-02,Basic,Monthly,2020-06-24,Poor streaming quality,6.99,6.99,50,1,Rahul,India,Tamil Nadu,Male,1976-03-10,2020-06-04,N,90.0,1.0
0051-BMOHX,2021-02-05,Organic,2022-02-05,Basic,Monthly,,,7.99,471.41,55,0,Akash,India,Gujarat,Male,1970-11-14,,,,
8473-RZNFC,2021-10-04,Referral,2022-10-04,Premium,Monthly,,,22.99,1172.49,73,0,Meera,India,Delhi,Male,1997-04-06,,,,
8055-BRLRI,2021-09-01,Paid,2022-09-01,Premium,Annual,,,22.99,1195.48,62,0,Nikhil,India,Tamil Nadu,Male,1991-06-21,,,,
0112-JMOXA,2023-11-26,Paid,2024-11-26,Premium,Annual,2026-02-24,Too expensive,22.99,620.73,90,1,Sneha,India,Maharashtra,Female,1997-03-22,,,,
8642-HNTPO,2022-08-27,Organic,2023-08-27,Basic,Monthly,,,6.99,279.6,56,0,Karan,India,Telangana,Female,1988-10-08,,,,
7334-MYLBY,2023-09-28,Paid,2024-09-28,Basic,Monthly,,,7.99,215.73,65,0,Rahul,India,Karnataka,Female,1981-08-21,,,,
4455-SIKDV,2024-11-27,Paid,2025-11-27,Basic,Monthly,,,7.99,103.87,92,0,Karan,India,Rajasthan,Male,1975-03-07,2025-07-13,Y,20.0,2.0
0549-PYBFX,2023-07-04,Paid,2024-07-04,Standard,Annual,,,13.99,419.7,72,0,Ananya,India,Uttar Pradesh,Female,1963-04-23,2025-10-28,Y,20.0,1.0
9879-LLSBU,2020-11-24,Referral,2021-11-24,Basic,Annual,,,8.99,557.38,41,0,Varun,India,Telangana,Female,1969-06-04,,,,
9399-DGSXG,2024-09-07,Organic,2025-09-07,Premium,Annual,2026-03-30,Forgot to cancel trial,24.99,449.82,98,1,Akash,India,Karnataka,Female,1985-07-21,,,,
0649-SSSYX,2023-02-24,Paid,2024-02-24,Standard,Annual,,,13.99,475.66,40,0,Mohan,India,Haryana,Male,1996-05-24,,,,
6426-AMWYL,2022-08-26,Referral,2023-08-26,Basic,Annual,2024-07-25,Poor streaming quality,6.99,160.77,98,1,Priya,India,Gujarat,Male,1974-01-04,2023-06-12,N,100.0,1.0
8181-MJYST,2021-08-11,Paid,2022-08-11,Standard,Annual,,,14.99,794.47,42,0,Kavya,India,Maharashtra,Female,1965-01-21,,,,
5012-NCAOA,2021-02-01,Referral,2022-02-01,Premium,Annual,,,23.99,1415.41,72,0,Mohan,India,Punjab,Female,1988-03-18,2024-12-31,N,60.0,2.0
5290-WVMKA,2023-07-11,Organic,2024-07-11,Premium,Annual,2025-07-28,Poor streaming quality,23.99,575.76,26,1,Rahul,India,Odisha,Female,1969-11-02,2024-08-01,Y,40.0,1.0
2544-MVSEJ,2024-03-27,Organic,2025-03-27,Standard,Monthly,,,13.99,293.79,23,0,Rohan,India,Punjab,Female,1981-05-22,2025-08-10,Y,40.0,1.0
0481-PQQVC,2024-05-10,Paid,2025-05-10,Standard,Monthly,,,13.99,279.8,23,0,Rahul,India,Punjab,Male,1994-07-17,,,,
3057-TWXWV,2021-11-08,Referral,2022-11-08,Standard,Annual,,,13.99,699.5,21,0,Pooja,India,Delhi,Female,1992-02-27,,,,
3905-GBKXK,2023-03-08,Organic,2024-03-08,Premium,Monthly,2024-06-24,Not enough content,22.99,344.85,87,1,Priya,India,Punjab,Female,1969-12-03,2023-08-05,N,90.0,2.0
2251-ZOEET,2023-03-20,Organic,2024-03-20,Basic,Monthly,,,6.99,230.67,21,0,Arjun,India,Haryana,Female,1964-04-05,,,,
0807-HGUFF,2021-07-23,Paid,2022-07-23,Standard,Annual,,,13.99,755.46,10,0,Riya,India,Gujarat,Male,1996-06-10,,,,
1989-AYVRS,2021-06-13,Organic,2022-06-13,Standard,Annual,2023-01-29,Switched to competitor,14.99,284.81,82,1,Neha,India,Tamil Nadu,Female,1989-04-17,2022-12-25,N,100.0,2.0
3217-FQNQM,2022-07-02,Referral,2023-07-02,Standard,Monthly,2024-09-11,Too expensive,13.99,363.74,84,1,Nikhil,India,Maharashtra,Male,1978-05-13,2024-05-22,Y,10.0,1.0
5351-EWBWY,2023-09-10,Organic,2024-09-10,Premium,Annual,,,22.99,643.72,4,0,Shreya,India,Haryana,Male,1974-02-13,,,,
3404-JWDIW,2020-01-15,Referral,2021-01-15,Basic,Annual,,,7.99,575.28,24,0,Varun,India,Tamil Nadu,Male,1989-07-23,2022-04-06,Y,20.0,1.0
6725-UCBBS,2023-12-02,Organic,2024-12-02,Standard,Monthly,,,15.99,399.75,23,0,Kavya,India,Odisha,Male,1976-12-18,,,,
3711-UBSZJ,2021-04-10,Organic,2022-04-10,Premium,Annual,,,23.99,1367.43,23,0,Rahul,India,Maharashtra,Female,2002-11-12,,,,
9998-AWUGK,2023-01-15,Referral,2024-01-15,Basic,Annual,2024-12-17,Not enough content,8.99,206.77,86,1,Riya,India,Delhi,Female,1976-07-01,2023-11-09,N,70.0,1.0
3846-RSXJS,2023-06-18,Referral,2024-06-18,Premium,Monthly,,,24.99,749.7,3,0,Kavya,India,Gujarat,Male,1980-06-08,,,,
0260-GQMTH,2022-06-02,Organic,2023-06-02,Basic,Annual,,,8.99,386.57,29,0,Vishal,India,Bihar,Male,1991-05-05,,,,
2715-KIRZI,2023-02-02,Referral,2024-02-02,Standard,Monthly,2024-10-18,Forgot to cancel trial,13.99,279.8,76,1,Akash,India,West Bengal,Male,1962-07-22,,,,
4531-NPNPZ,2019-02-09,Referral,2020-02-09,Basic,Annual,,,7.99,663.17,20,0,Ishaan,India,Karnataka,Female,1973-07-03,,,,
8563-ORIFE,2021-05-24,Referral,2022-05-24,Standard,Annual,,,15.99,895.44,37,0,Kavya,India,Rajasthan,Female,1960-12-09,,,,
8874-ZNLZK,2019-02-14,Referral,2020-02-14,Basic,Monthly,,,6.99,580.17,6,0,Nikhil,India,West Bengal,Male,1982-11-25,2020-04-22,Y,50.0,1.0
4036-VYUBD,2021-01-05,Paid,2022-01-05,Premium,Annual,,,23.99,1439.4,11,0,Priya,India,Haryana,Female,1980-11-30,,,,
4872-FUGMG,2021-02-17,Organic,2022-02-17,Standard,Annual,,,13.99,825.41,2,0,Sakshi,India,Bihar,Female,1997-04-30,,,,
7023-THICS,2023-08-16,Paid,2024-08-16,Standard,Annual,2024-07-12,Too expensive,15.99,175.89,8,1,Riya,India,Telangana,Male,2000-11-19,,,,
4654-VXKXS,2022-10-13,Organic,2023-10-13,Basic,Annual,,,8.99,350.61,4,0,Ananya,India,Odisha,Female,1985-12-21,,,,
5195-IZIPE,2023-11-06,Referral,2024-11-06,Premium,Annual,2025-09-09,Too expensive,22.99,505.78,57,1,Vishal,India,Tamil Nadu,Male,1979-12-09,2025-07-08,Y,30.0,1.0
0643-MBREF,2024-05-04,Organic,2025-05-04,Standard,Annual,,,13.99,279.8,89,0,Aditi,India,Telangana,Female,1971-03-23,2024-07-16,Y,10.0,1.0
8648-PKDYR,2019-01-01,Referral,2020-01-01,Basic,Monthly,,,6.99,594.15,75,0,Priya,India,Maharashtra,Male,1979-06-04,,,,
6218-CCJFP,2019-01-08,Referral,2020-01-08,Standard,Annual,,,15.99,1343.16,76,0,Ananya,India,Bihar,Female,1993-12-02,2024-03-11,N,90.0,1.0
6543-EQVHU,2020-07-06,Organic,2021-07-06,Basic,Monthly,,,6.99,461.34,32,0,Arjun,India,Punjab,Female,1992-02-27,,,,
3555-KULEL,2022-08-07,Organic,2023-08-07,Standard,Annual,,,14.99,614.59,7,0,Ananya,India,Kerala,Male,1989-08-31,,,,
3563-ZMDEH,2021-06-22,Organic,2022-06-22,Basic,Annual,,,6.99,384.45,5,0,Varun,India,Tamil Nadu,Female,1979-09-06,,,,
0703-WDIJI,2022-11-11,Paid,2023-11-11,Premium,Monthly,,,22.99,873.62,48,0,Shreya,India,Odisha,Female,2000-11-23,2024-05-20,N,100.0,1.0
0993-AZPWV,2019-06-18,Organic,2020-06-18,Premium,Monthly,2021-05-28,Too expensive,24.99,574.77,99,1,Akash,India,Uttar Pradesh,Male,2001-03-29,2020-03-03,Y,50.0,2.0
4107-UXUKJ,2021-12-07,Paid,2022-12-07,Basic,Annual,,,6.99,342.51,37,0,Neha,India,Uttar Pradesh,Female,2004-01-24,,,,
7434-TQHEN,2019-04-09,Organic,2020-04-09,Basic,Monthly,,,6.99,566.19,6,0,Nikhil,India,Odisha,Female,1976-06-20,,,,
9423-SZFMP,2019-02-05,Paid,2020-02-05,Standard,Annual,2020-11-17,Forgot to cancel trial,13.99,293.79,81,1,Varun,India,Telangana,Female,1993-11-13,2020-10-15,Y,30.0,3.0
2008-ANRKY,2019-05-22,Organic,2020-05-22,Premium,Monthly,,,23.99,1919.2,53,0,Priya,India,Karnataka,Male,1972-10-24,,,,
2850-ULDCD,2019-12-16,Organic,2020-12-16,Basic,Annual,,,6.99,510.27,7,0,Priya,India,Bihar,Male,1996-01-21,,,,
6599-JOVCQ,2021-10-07,Referral,2022-10-07,Standard,Annual,,,13.99,713.49,93,0,Vishal,India,West Bengal,Female,1960-06-04,2024-09-03,N,60.0,2.0
8932-BUBLO,2023-03-10,Paid,2024-03-10,Standard,Monthly,,,15.99,543.66,47,0,Akash,India,Kerala,Male,1969-02-25,,,,
1404-AMHNN,2022-04-19,Paid,2023-04-19,Standard,Annual,,,13.99,629.55,83,0,Priya,India,Delhi,Female,1974-03-18,2025-06-23,N,80.0,2.0
4267-EBUPW,2022-02-27,Organic,2023-02-27,Standard,Annual,,,15.99,735.54,25,0,Shreya,India,Haryana,Male,1963-05-20,2025-01-28,N,80.0,1.0
0330-BJPWB,2020-01-15,Paid,2021-01-15,Basic,Annual,,,7.99,575.28,33,0,Rahul,India,Kerala,Female,1993-01-14,,,,
9759-ELVGN,2020-12-24,Paid,2021-12-24,Standard,Monthly,2023-03-21,Switched to competitor,14.99,404.73,92,1,Sakshi,India,Rajasthan,Female,1963-06-16,,,,
9088-JGVJB,2024-12-04,Referral,2025-12-04,Standard,Monthly,,,13.99,181.87,58,0,Akash,India,Punjab,Female,1986-08-09,2025-03-03,N,100.0,1.0
4993-JDGVZ,2019-07-19,Referral,2020-07-19,Standard,Monthly,,,15.99,1247.22,14,0,Diya,India,Kerala,Male,2005-07-02,,,,
1523-RKENU,2022-05-04,Organic,2023-05-04,Standard,Monthly,2024-01-08,Too expensive,15.99,319.8,27,1,Rohan,India,Uttar Pradesh,Male,1990-12-26,2022-10-28,N,100.0,1.0
8851-ODCDL,2021-10-11,Paid,2022-10-11,Basic,Annual,2022-07-05,Not enough content,6.99,55.92,75,1,Meera,India,Tamil Nadu,Female,1963-07-30,,,,
0708-NCNXZ,2024-05-03,Paid,2025-05-03,Basic,Annual,,,7.99,159.8,79,0,Vishal,India,Punjab,Male,1982-05-02,,,,
0270-VHPQN,2023-12-19,Organic,2024-12-19,Basic,Annual,,,8.99,215.76,21,0,Akash,India,West Bengal,Male,1988-03-17,,,,
2097-OPEDD,2024-01-24,Referral,2025-01-24,Basic,Monthly,,,6.99,160.77,1,0,Tanvi,India,Karnataka,Female,2003-11-19,,,,
5160-FLKZD,2022-02-11,Paid,2023-02-11,Premium,Monthly,,,23.99,1127.53,91,0,Aditi,India,Rajasthan,Female,1985-07-15,,,,
2151-QXIDM,2020-07-25,Referral,2021-07-25,Basic,Annual,2021-12-08,Too expensive,6.99,111.84,79,1,Aditi,India,Bihar,Female,1978-02-03,,,,
1148-IQVIB,2020-08-01,Organic,2021-08-01,Basic,Monthly,2020-11-27,Not enough content,6.99,20.97,98,1,Mohan,India,Madhya Pradesh,Male,1960-04-24,2020-08-22,Y,60.0,1.0
2380-SRCPQ,2024-04-19,Referral,2025-04-19,Standard,Annual,,,15.99,319.8,37,0,Karan,India,Uttar Pradesh,Female,1967-02-02,,,,
9415-SXJCO,2019-12-17,Paid,2020-12-17,Standard,Annual,2020-12-15,Poor streaming quality,13.99,167.88,15,1,Ishaan,India,West Bengal,Male,1970-09-06,2020-09-20,N,70.0,1.0
2348-JIYPU,2023-06-07,Referral,2024-06-07,Premium,Annual,2025-04-05,Too expensive,22.99,505.78,79,1,Rohan,India,Tamil Nadu,Female,1979-05-26,,,,
5242-XZREJ,2023-12-13,Paid,2024-12-13,Basic,Annual,,,6.99,167.76,1,0,Rahul,India,Odisha,Female,2003-02-25,,,,
1688-OAPMV,2021-04-20,Referral,2022-04-20,Premium,Annual,2023-04-24,Forgot to cancel trial,22.99,551.76,92,1,Tanvi,India,Odisha,Female,1964-02-27,2022-12-15,Y,60.0,1.0
4644-YOLJX,2021-11-21,Paid,2022-11-21,Standard,Monthly,,,14.99,749.5,14,0,Arjun,India,Punjab,Female,1991-11-22,,,,
0127-HVFGF,2022-08-22,Paid,2023-08-22,Standard,Monthly,,,13.99,559.6,7,0,Karan,India,Tamil Nadu,Female,1976-04-22,2025-02-27,N,100.0,1.0
0615-NLMZX,2023-07-09,Organic,2024-07-09,Standard,Annual,,,14.99,449.7,68,0,Rohan,India,Gujarat,Male,1985-10-31,2025-03-10,N,70.0,1.0
2893-FHXIZ,2019-04-07,Paid,2020-04-07,Standard,Annual,,,15.99,1311.18,47,0,Rahul,India,Tamil Nadu,Male,1969-03-26,,,,
6781-ATIMZ,2021-06-03,Paid,2022-06-03,Standard,Annual,,,13.99,769.45,24,0,Diya,India,Uttar Pradesh,Male,1984-05-20,,,,
2921-FQLUJ,2021-02-25,Organic,2022-02-25,Premium,Annual,,,22.99,1356.41,98,0,Kavya,India,Delhi,Male,1978-05-20,,,,
2012-REPQX,2024-02-22,Referral,2025-02-22,Basic,Annual,,,6.99,153.78,2,0,Tanvi,India,Bihar,Male,1988-05-26,,,,
0142-BDMZW,2019-06-18,Paid,2020-06-18,Premium,Monthly,,,22.99,1816.21,67,0,Meera,India,Kerala,Female,1965-04-29,,,,
8754-BEWIF,2020-12-21,Organic,2021-12-21,Premium,Annual,2023-05-14,Switched to competitor,22.99,666.71,84,1,Vishal,India,Telangana,Female,1990-12-12,,,,
3541-LMNNA,2020-09-27,Paid,2021-09-27,Basic,Monthly,,,6.99,447.36,69,0,Kavya,India,Punjab,Male,2004-10-16,,,,
5926-GZAXH,2021-03-12,Organic,2022-03-12,Standard,Monthly,,,13.99,811.42,97,0,Mohan,India,Madhya Pradesh,Male,1973-05-07,,,,
6760-XVIUG,2023-03-20,Paid,2024-03-20,Standard,Annual,2025-04-09,Too expensive,15.99,399.75,79,1,Priya,India,Maharashtra,Female,1974-05-14,2023-04-07,Y,10.0,1.0
2956-NNNGU,2020-01-13,Referral,2021-01-13,Premium,Monthly,,,22.99,1655.28,33,0,Pooja,India,Punjab,Female,1984-11-21,,,,
2235-YDCLC,2023-07-06,Paid,2024-07-06,Standard,Monthly,,,13.99,419.7,72,0,Ishaan,India,Haryana,Male,1986-05-17,2025-06-22,N,60.0,1.0
8973-AFBUP,2023-02-01,Referral,2024-02-01,Standard,Annual,,,13.99,489.65,77,0,Tanvi,India,Odisha,Male,1967-11-08,2025-01-02,Y,30.0,1.0
0428-XIYVL,2020-12-22,Organic,2021-12-22,Standard,Annual,,,15.99,975.39,52,0,Tanvi,India,Uttar Pradesh,Female,1988-02-26,2024-12-16,N,80.0,1.0
2657-WXFUK,2024-09-09,Organic,2025-09-09,Basic,Annual,,,6.99,104.85,17,0,Varun,India,Punjab,Female,1985-09-19,,,,
6461-WZNDJ,2020-05-07,Referral,2021-05-07,Standard,Monthly,2020-12-09,Switched to competitor,14.99,104.93,85,1,Meera,India,Odisha,Female,1975-12-06,,,,
3582-KSJCD,2022-12-27,Organic,2023-12-27,Basic,Monthly,,,6.99,251.64,8,0,Sneha,India,Punjab,Male,1970-02-16,2025-10-31,N,70.0,1.0
3471-FWHWL,2020-07-28,Referral,2021-07-28,Standard,Monthly,,,13.99,923.34,5,0,Rahul,India,Karnataka,Male,1960-10-20,,,,
6273-AICGU,2021-09-03,Organic,2022-09-03,Premium,Monthly,2023-10-15,Poor streaming quality,23.99,599.75,87,1,Varun,India,Telangana,Female,1998-12-31,,,,
3423-VAUDH,2021-06-24,Referral,2022-06-24,Standard,Monthly,2021-08-30,Not enough content,13.99,27.98,87,1,Karan,India,Karnataka,Female,1980-10-11,2021-07-01,Y,60.0,1.0
8183-LPKEF,2020-03-28,Referral,2021-03-28,Premium,Annual,,,22.99,1609.3,49,0,Pooja,India,Uttar Pradesh,Female,1974-05-24,2025-09-03,N,60.0,2.0
9731-ZCJGR,2022-06-28,Organic,2023-06-28,Premium,Monthly,,,22.99,965.58,54,0,Rahul,India,Karnataka,Female,1999-08-03,2023-11-25,N,100.0,1.0
9409-JONKW,2021-03-07,Referral,2022-03-07,Standard,Monthly,,,13.99,811.42,49,0,Ishaan,India,Odisha,Male,1982-06-05,,,,
3183-HSRZL,2022-02-04,Paid,2023-02-04,Standard,Annual,,,15.99,751.53,1,0,Rohan,India,Odisha,Female,1996-12-06,,,,
2355-NGLHG,2020-04-19,Organic,2021-04-19,Basic,Monthly,,,6.99,482.31,92,0,Neha,India,Rajasthan,Female,1965-05-27,2025-11-21,N,60.0,3.0
3475-PAFTG,2024-04-08,Referral,2025-04-08,Basic,Annual,,,8.99,188.79,57,0,Vishal,India,Punjab,Female,2003-04-11,,,,
0020-CZFXX,2022-06-16,Paid,2023-06-16,Premium,Annual,,,24.99,1074.57,22,0,Priya,India,Bihar,Male,1964-01-31,,,,
3020-MCXUQ,2021-03-05,Referral,2022-03-05,Standard,Annual,2021-09-18,Switched to competitor,13.99,83.94,79,1,Rahul,India,Delhi,Male,2002-02-23,2021-07-17,N,90.0,2.0
9963-VGVLM,2024-08-07,Referral,2025-08-07,Standard,Annual,,,13.99,237.83,53,0,Karan,India,Kerala,Male,1972-07-25,2024-12-28,N,70.0,2.0
2790-JMMFV,2024-03-27,Organic,2025-03-27,Premium,Annual,,,23.99,503.79,17,0,Akash,India,Haryana,Female,1980-11-16,,,,
3620-VMGXN,2024-07-17,Referral,2025-07-17,Premium,Monthly,2025-03-31,Poor streaming quality,22.99,183.92,88,1,Neha,India,Rajasthan,Female,1999-09-03,2024-09-27,N,80.0,1.0
9381-AXBDW,2022-07-27,Referral,2023-07-27,Basic,Annual,,,8.99,368.59,12,0,Karan,India,Punjab,Female,1969-06-30,,,,
6552-QWKRM,2021-09-06,Organic,2022-09-06,Basic,Annual,,,8.99,467.48,81,0,Akash,India,Madhya Pradesh,Male,1972-10-02,,,,
1584-DLPKX,2020-11-12,Referral,2021-11-12,Basic,Monthly,,,6.99,433.38,50,0,Tanvi,India,Uttar Pradesh,Male,1989-11-20,,,,
5801-ERPWC,2024-04-11,Referral,2025-04-11,Basic,Monthly,2026-01-14,Poor streaming quality,6.99,146.79,21,1,Mohan,India,Karnataka,Male,1989-05-13,2024-10-03,N,80.0,1.0
1620-PAJWB,2019-03-11,Referral,2020-03-11,Premium,Annual,,,23.99,1967.18,99,0,Mohan,India,Rajasthan,Female,1963-01-04,2024-08-13,Y,30.0,2.0
0222-VYZVK,2020-05-19,Referral,2021-05-19,Basic,Monthly,2020-11-21,Not enough content,7.99,47.94,78,1,Mohan,India,Gujarat,Male,1993-10-05,2020-07-22,Y,20.0,1.0
1442-ROCUY,2022-08-10,Organic,2023-08-10,Basic,Annual,2023-12-02,Too expensive,8.99,134.85,69,1,Riya,India,Odisha,Female,1996-12-20,,,,
8010-XABZQ,2024-06-05,Paid,2025-06-05,Basic,Monthly,,,6.99,132.81,65,0,Sakshi,India,Kerala,Male,1982-04-28,,,,
9507-LESFW,2023-07-10,Referral,2024-07-10,Basic,Annual,,,6.99,209.7,15,0,Vishal,India,Uttar Pradesh,Male,2000-04-01,,,,
2847-PUVGY,2024-04-26,Referral,2025-04-26,Basic,Monthly,,,6.99,139.8,25,0,Varun,India,Haryana,Female,1991-03-30,2024-07-27,N,90.0,1.0
5047-LDCJY,2021-04-20,Organic,2022-04-20,Basic,Annual,,,6.99,398.43,44,0,Sakshi,India,West Bengal,Female,1967-05-20,,,,
6119-WORKZ,2023-09-02,Referral,2024-09-02,Basic,Annual,2024-06-02,Forgot to cancel trial,8.99,80.91,58,1,Ishaan,India,Madhya Pradesh,Female,1971-04-15,,,,
3613-KRIHP,2021-12-07,Paid,2022-12-07,Premium,Annual,,,24.99,1224.51,66,0,Akash,India,Kerala,Female,1986-07-20,2022-07-02,Y,50.0,1.0
8010-KHHGS,2023-12-04,Referral,2024-12-04,Standard,Annual,,,14.99,374.75,41,0,Karan,India,Telangana,Male,1985-01-28,,,,
5021-GOBWI,2022-04-27,Paid,2023-04-27,Premium,Annual,,,22.99,1011.56,55,0,Pooja,India,Punjab,Female,1965-10-11,2024-10-05,N,100.0,2.0
0845-EMUUX,2019-05-05,Referral,2020-05-05,Premium,Annual,2020-06-14,Poor streaming quality,24.99,324.87,68,1,Riya,India,Madhya Pradesh,Female,1987-04-29,2019-10-22,Y,30.0,1.0
5185-WLOMN,2024-02-24,Paid,2025-02-24,Premium,Monthly,,,22.99,505.78,70,0,Aditya,India,Madhya Pradesh,Male,2005-04-07,,,,
5840-INZJV,2024-07-15,Paid,2025-07-15,Premium,Monthly,2024-09-01,Poor streaming quality,22.99,22.99,68,1,Sneha,India,Madhya Pradesh,Female,1962-07-05,,,,
8749-ZBISP,2024-03-07,Paid,2025-03-07,Standard,Monthly,,,15.99,351.78,65,0,Kavya,India,Bihar,Male,1968-05-28,,,,
5921-JLZUV,2022-09-07,Organic,2023-09-07,Standard,Monthly,,,13.99,559.6,12,0,Rohan,India,West Bengal,Male,1979-12-05,,,,
3979-QEXGX,2022-08-03,Organic,2023-08-03,Premium,Annual,2023-09-04,Not enough content,22.99,298.87,55,1,Diya,India,Maharashtra,Male,2001-06-22,,,,
2851-XEKNM,2019-11-23,Paid,2020-11-23,Standard,Monthly,,,15.99,1183.26,60,0,Sneha,India,Punjab,Male,1991-07-13,,,,
2565-FIQTR,2024-07-02,Referral,2025-07-02,Premium,Annual,,,22.99,413.82,19,0,Diya,India,Gujarat,Male,2003-10-14,,,,
4717-NAFUR,2020-09-22,Referral,2021-09-22,Standard,Annual,,,15.99,1023.36,4,0,Nikhil,India,Odisha,Female,1960-03-27,,,,
7323-WITYF,2024-12-03,Referral,2025-12-03,Premium,Monthly,2027-03-11,Poor streaming quality,22.99,620.73,70,1,Mohan,India,Tamil Nadu,Male,1960-02-01,,,,
5105-KLPVY,2024-01-13,Paid,2025-01-13,Premium,Monthly,2025-11-16,Poor streaming quality,22.99,505.78,89,1,Sneha,India,Tamil Nadu,Female,1989-06-23,2024-06-17,Y,40.0,1.0
1913-LHOHH,2022-08-20,Organic,2023-08-20,Premium,Annual,2024-10-05,Switched to competitor,22.99,574.75,99,1,Mohan,India,Haryana,Female,1984-03-09,,,,
6645-EBDJB,2024-05-25,Paid,2025-05-25,Basic,Annual,,,6.99,132.81,21,0,Shreya,India,Telangana,Male,1980-10-23,,,,
0948-KHXEU,2021-11-28,Referral,2022-11-28,Premium,Monthly,,,24.99,1224.51,30,0,Sneha,India,Delhi,Male,1996-10-21,,,,
7489-YTLVK,2020-07-25,Organic,2021-07-25,Standard,Monthly,2022-02-25,Too expensive,13.99,265.81,76,1,Mohan,India,Tamil Nadu,Male,2005-10-12,,,,
3860-UPWQH,2024-01-13,Organic,2025-01-13,Basic,Annual,,,6.99,160.77,56,0,Sneha,India,Karnataka,Male,1972-11-05,2025-08-11,N,80.0,1.0
6136-MTCYB,2021-09-11,Referral,2022-09-11,Standard,Monthly,,,13.99,727.48,45,0,Rahul,India,Madhya Pradesh,Male,1987-01-13,,,,
3281-IACPD,2019-03-23,Referral,2020-03-23,Basic,Monthly,2020-01-22,Poor streaming quality,6.99,69.9,74,1,Aditya,India,Haryana,Female,1985-07-26,2019-10-12,N,90.0,1.0
7903-JOBNZ,2023-03-03,Paid,2024-03-03,Standard,Annual,,,15.99,543.66,5,0,Varun,India,Uttar Pradesh,Female,1972-10-06,,,,
3918-VTEYD,2021-12-28,Paid,2022-12-28,Premium,Monthly,2022-05-28,Poor streaming quality,22.99,114.95,35,1,Aditi,India,Delhi,Male,1971-05-28,2022-01-28,N,70.0,1.0
7798-IHNWU,2024-03-02,Referral,2025-03-02,Standard,Annual,,,15.99,351.78,29,0,Neha,India,Gujarat,Male,1969-02-11,,,,
1942-MSVCE,2020-09-14,Referral,2021-09-14,Premium,Annual,,,22.99,1471.36,64,0,Kavya,India,Tamil Nadu,Male,1964-09-20,,,,
2403-PIDRQ,2024-10-25,Paid,2025-10-25,Premium,Monthly,2025-04-04,Not enough content,22.99,114.95,12,1,Diya,India,Karnataka,Male,1984-06-01,,,,
2900-MRUTS,2024-11-07,Paid,2025-11-07,Basic,Annual,,,6.99,90.87,45,0,Sneha,India,Bihar,Male,1988-12-11,2025-03-31,N,60.0,1.0
6029-GQDHZ,2019-12-27,Referral,2020-12-27,Standard,Monthly,2022-05-18,Not enough content,13.99,405.71,91,1,Ananya,India,Telangana,Male,1960-07-16,2022-01-19,Y,10.0,3.0
5637-AXQGF,2021-11-02,Referral,2022-11-02,Premium,Monthly,,,24.99,1249.5,4,0,Nikhil,India,West Bengal,Female,1962-04-30,2021-11-09,N,100.0,1.0
8208-LSAOI,2019-02-06,Referral,2020-02-06,Basic,Annual,,,7.99,671.16,76,0,Rahul,India,Maharashtra,Female,1977-06-24,2021-09-12,N,90.0,2.0
0901-ZVBBT,2019-09-12,Referral,2020-09-12,Standard,Monthly,2021-12-20,Poor streaming quality,13.99,377.73,83,1,Varun,India,Haryana,Female,1965-02-02,2021-03-29,Y,40.0,2.0
1938-YOTRZ,2020-11-06,Referral,2021-11-06,Premium,Annual,,,22.99,1425.38,34,0,Karan,India,Rajasthan,Male,1966-05-13,,,,
3075-OMRAE,2024-06-10,Paid,2025-06-10,Standard,Annual,,,14.99,269.82,9,0,Tanvi,India,Bihar,Female,1962-11-16,,,,
1648-YASDH,2020-11-10,Referral,2021-11-10,Premium,Monthly,2022-07-22,Forgot to cancel trial,22.99,459.8,73,1,Ishaan,India,Odisha,Female,1967-02-03,2021-12-06,N,70.0,1.0
1692-LLAYW,2019-09-25,Organic,2020-09-25,Premium,Annual,,,22.99,1747.24,44,0,Diya,India,West Bengal,Female,2004-11-25,,,,
6806-QUTJF,2022-08-24,Referral,2023-08-24,Basic,Monthly,,,6.99,279.6,71,0,Kavya,India,Madhya Pradesh,Female,1973-11-14,2024-06-06,N,80.0,1.0
1781-FQJGT,2021-01-16,Paid,2022-01-16,Standard,Annual,,,15.99,959.4,36,0,Rohan,India,Punjab,Female,1999-05-10,,,,
4978-EHEBT,2023-08-09,Organic,2024-08-09,Standard,Annual,,,13.99,405.71,30,0,Varun,India,Punjab,Male,1979-04-02,,,,
5909-VUKQM,2021-10-16,Organic,2022-10-16,Standard,Annual,,,13.99,713.49,72,0,Pooja,India,Telangana,Female,1967-09-27,,,,
0111-ASOFR,2024-11-26,Paid,2025-11-26,Basic,Monthly,2026-09-29,Not enough content,7.99,175.78,85,1,Aditya,India,Telangana,Male,2000-02-19,2026-07-10,N,100.0,1.0
4263-IIFQL,2021-01-09,Paid,2022-01-09,Premium,Monthly,,,23.99,1439.4,32,0,Riya,India,Haryana,Male,1997-10-19,,,,
1084-BTOIH,2024-12-10,Referral,2025-12-10,Standard,Monthly,,,14.99,179.88,4,0,Nikhil,India,Karnataka,Male,1982-02-20,,,,
4335-CTHQZ,2024-02-03,Organic,2025-02-03,Premium,Monthly,,,22.99,528.77,47,0,Sakshi,India,Tamil Nadu,Female,1979-04-27,,,,
1220-KEJAM,2024-02-23,Organic,2025-02-23,Standard,Monthly,,,13.99,307.78,13,0,Ananya,India,Madhya Pradesh,Female,1983-12-05,,,,
4763-UVSTQ,2024-05-02,Referral,2025-05-02,Basic,Monthly,2025-03-20,Poor streaming quality,6.99,69.9,91,1,Vishal,India,Maharashtra,Female,1984-05-08,2024-08-24,Y,20.0,1.0
6588-AJBMB,2019-11-26,Paid,2020-11-26,Standard,Annual,2022-02-14,Not enough content,13.99,377.73,74,1,Sneha,India,Kerala,Female,1966-09-10,,,,
7685-XTFIN,2022-10-22,Referral,2023-10-22,Basic,Annual,2024-04-20,Not enough content,8.99,161.82,84,1,Aarav,India,Tamil Nadu,Male,1984-09-27,2024-02-29,N,60.0,1.0
0773-TVMZE,2023-12-09,Organic,2024-12-09,Standard,Monthly,,,13.99,349.75,25,0,Sneha,India,Haryana,Female,1998-05-25,,,,
9536-FVLDE,2023-07-24,Organic,2024-07-24,Premium,Monthly,,,22.99,666.71,54,0,Aditya,India,Delhi,Male,1966-01-27,,,,
1563-AMKWR,2022-04-09,Referral,2023-04-09,Standard,Annual,,,14.99,674.55,63,0,Karan,India,Haryana,Female,2003-08-31,,,,
7672-JXYHV,2020-04-09,Paid,2021-04-09,Premium,Annual,2020-12-18,Not enough content,22.99,183.92,66,1,Sneha,India,Kerala,Female,1972-08-29,,,,
7851-LOLAC,2020-07-18,Organic,2021-07-18,Premium,Annual,,,24.99,1649.34,20,0,Aditya,India,Rajasthan,Female,1985-11-04,,,,
8976-NHJKA,2023-12-03,Organic,2024-12-03,Basic,Monthly,2024-01-26,Forgot to cancel trial,7.99,7.99,78,1,Vishal,India,Odisha,Female,1974-10-29,2024-01-11,N,60.0,2.0
5238-BFFLP,2022-10-25,Referral,2023-10-25,Premium,Monthly,,,22.99,873.62,40,0,Sakshi,India,Punjab,Male,1973-06-26,,,,
9881-AXQHX,2022-08-08,Organic,2023-08-08,Standard,Monthly,2024-09-20,Switched to competitor,15.99,399.75,64,1,Aditya,India,Odisha,Female,1974-03-03,,,,
8457-GWYVQ,2019-12-12,Organic,2020-12-12,Premium,Annual,,,22.99,1678.27,73,0,Pooja,India,Telangana,Female,1981-06-02,,,,
2487-RHGSM,2023-07-14,Paid,2024-07-14,Premium,Monthly,2024-10-13,Forgot to cancel trial,22.99,344.85,57,1,Neha,India,West Bengal,Male,1960-03-29,2023-12-28,Y,30.0,1.0
9819-SPPFB,2024-05-27,Organic,2025-05-27,Basic,Monthly,,,6.99,132.81,9,0,Aditya,India,Madhya Pradesh,Female,2001-05-18,,,,
4306-BFIQT,2022-12-08,Paid,2023-12-08,Basic,Annual,,,8.99,332.63,66,0,Ananya,India,Kerala,Female,1978-12-17,,,,
1365-DPDJW,2019-09-18,Referral,2020-09-18,Standard,Annual,,,14.99,1139.24,60,0,Shreya,India,Odisha,Female,1973-02-24,,,,
6973-XGVHC,2021-07-05,Organic,2022-07-05,Standard,Annual,,,13.99,755.46,54,0,Karan,India,Kerala,Female,1980-04-14,2025-03-03,N,70.0,1.0
1570-XIOSZ,2019-02-26,Paid,2020-02-26,Premium,Annual,2020-06-19,Switched to competitor,22.99,344.85,97,1,Aarav,India,Kerala,Female,1982-07-04,2019-04-16,Y,50.0,1.0
8292-WXYVV,2022-05-16,Referral,2023-05-16,Standard,Monthly,,,13.99,615.56,65,0,Sakshi,India,Telangana,Female,1975-04-09,2025-06-02,N,70.0,2.0
4053-SKGJE,2020-07-16,Referral,2021-07-16,Standard,Monthly,,,13.99,923.34,70,0,Mohan,India,Rajasthan,Male,1975-01-24,2022-09-19,N,80.0,1.0
8186-GQKCG,2023-09-24,Paid,2024-09-24,Premium,Annual,2025-03-16,Not enough content,22.99,390.83,80,1,Sneha,India,Bihar,Female,1963-11-29,,,,
6425-XFKBS,2022-08-22,Organic,2023-08-22,Premium,Monthly,2024-01-11,Forgot to cancel trial,22.99,367.84,56,1,Riya,India,Karnataka,Female,1965-02-17,2023-01-15,N,70.0,1.0
7394-INNAH,2019-03-11,Paid,2020-03-11,Basic,Annual,,,8.99,737.18,20,0,Meera,India,Madhya Pradesh,Male,1987-05-02,2022-01-04,N,80.0,1.0
4626-JZZKN,2023-04-03,Referral,2024-04-03,Premium,Annual,,,22.99,758.67,11,0,Mohan,India,West Bengal,Male,1983-03-14,,,,
0203-KWFXL,2021-10-16,Referral,2022-10-16,Premium,Monthly,2021-12-20,Switched to competitor,24.99,49.98,23,1,Akash,India,Rajasthan,Female,1997-06-05,,,,
0643-UBMNM,2019-08-19,Paid,2020-08-19,Basic,Annual,2020-10-07,Switched to competitor,6.99,90.87,41,1,Ishaan,India,Tamil Nadu,Male,1977-08-28,,,,
6338-KXQKU,2023-09-23,Organic,2024-09-23,Basic,Monthly,,,7.99,215.73,40,0,Aditi,India,Madhya Pradesh,Female,1970-05-07,2024-06-20,N,60.0,1.0
0610-MUKDQ,2020-01-18,Referral,2021-01-18,Basic,Annual,2020-11-25,Poor streaming quality,7.99,79.9,90,1,Aditya,India,Haryana,Male,1964-01-14,2020-10-19,N,70.0,2.0
7732-MIRXW,2022-08-04,Organic,2023-08-04,Basic,Monthly,,,6.99,286.59,24,0,Ishaan,India,Uttar Pradesh,Female,1973-10-12,,,,
3559-NMTYJ,2021-12-18,Organic,2022-12-18,Standard,Monthly,2022-04-28,Switched to competitor,13.99,55.96,56,1,Priya,India,Rajasthan,Male,2002-05-16,,,,
4319-GFMPY,2023-11-17,Referral,2024-11-17,Standard,Annual,,,15.99,399.75,37,0,Ananya,India,Maharashtra,Female,1968-05-06,,,,
0684-AEFBX,2022-02-15,Referral,2023-02-15,Premium,Monthly,,,22.99,1080.53,6,0,Aarav,India,West Bengal,Male,1968-05-01,2022-04-08,N,80.0,1.0
3805-DAOWV,2023-04-15,Organic,2024-04-15,Premium,Annual,,,23.99,791.67,32,0,Tanvi,India,Odisha,Female,1976-11-29,,,,
7601-ZISJV,2019-12-25,Paid,2020-12-25,Basic,Monthly,,,6.99,510.27,10,0,Tanvi,India,Karnataka,Female,1962-10-19,,,,
6702-MWUVH,2024-03-22,Organic,2025-03-22,Basic,Monthly,,,6.99,146.79,51,0,Arjun,India,Tamil Nadu,Male,1979-06-17,,,,
2320-FSTKX,2022-05-25,Paid,2023-05-25,Premium,Annual,,,23.99,1031.57,73,0,Riya,India,Karnataka,Female,1965-03-25,2024-06-29,N,90.0,1.0
0875-KIUOA,2021-07-11,Referral,2022-07-11,Standard,Annual,,,13.99,755.46,47,0,Neha,India,Odisha,Female,1984-06-28,,,,
6494-GOMZL,2022-05-23,Referral,2023-05-23,Basic,Annual,2024-04-04,Too expensive,6.99,153.78,52,1,Aarav,India,Maharashtra,Male,1986-03-18,2023-10-06,N,60.0,1.0
1247-BIXQF,2021-03-13,Organic,2022-03-13,Standard,Annual,,,14.99,869.42,48,0,Sakshi,India,Kerala,Male,1979-09-05,2021-06-06,N,70.0,1.0
0737-CUQGF,2024-05-04,Organic,2025-05-04,Standard,Annual,,,13.99,279.8,48,0,Sakshi,India,Rajasthan,Female,1977-04-16,,,,
4411-RCXOE,2024-08-18,Organic,2025-08-18,Basic,Annual,,,8.99,143.84,94,0,Shreya,India,Maharashtra,Male,1964-11-16,2025-08-05,Y,10.0,1.0
2562-QBNUP,2021-02-07,Referral,2022-02-07,Standard,Annual,,,13.99,825.41,43,0,Akash,India,Maharashtra,Male,1962-11-25,,,,
1919-WQEQA,2023-01-06,Organic,2024-01-06,Premium,Annual,,,22.99,827.64,15,0,Rahul,India,Kerala,Male,1989-08-27,,,,
9107-NJIEH,2020-01-19,Referral,2021-01-19,Basic,Annual,,,6.99,503.28,57,0,Aditya,India,Haryana,Female,2005-05-25,,,,
9157-THUMC,2023-07-09,Referral,2024-07-09,Standard,Annual,,,14.99,449.7,10,0,Karan,India,Maharashtra,Female,1995-03-15,,,,
3606-RVHNI,2020-06-21,Paid,2021-06-21,Standard,Monthly,,,15.99,1071.33,5,0,Neha,India,Kerala,Female,1997-04-28,,,,
7369-WTYQK,2021-08-04,Organic,2022-08-04,Standard,Monthly,2022-08-22,Forgot to cancel trial,15.99,191.88,78,1,Aditya,India,Odisha,Male,1996-02-10,,,,
8642-OLAHH,2023-11-04,Organic,2024-11-04,Basic,Monthly,,,6.99,181.74,13,0,Akash,India,Punjab,Male,1966-01-29,,,,
5513-BRYDW,2022-10-13,Paid,2023-10-13,Standard,Annual,,,13.99,545.61,20,0,Aditi,India,Maharashtra,Male,1991-12-17,,,,
7716-OHGXJ,2021-09-11,Paid,2022-09-11,Basic,Monthly,,,7.99,415.48,96,0,Rohan,India,Karnataka,Male,1992-07-22,,,,
0498-TEFEL,2023-08-20,Organic,2024-08-20,Premium,Annual,,,22.99,643.72,46,0,Nikhil,India,West Bengal,Female,1963-08-01,2025-01-16,N,90.0,1.0
1335-NJAJR,2020-06-11,Paid,2021-06-11,Standard,Monthly,,,13.99,937.33,98,0,Sakshi,India,Haryana,Female,1996-01-22,2025-08-22,N,70.0,1.0
1062-RWCAL,2020-03-05,Organic,2021-03-05,Premium,Annual,,,22.99,1609.3,30,0,Arjun,India,Gujarat,Male,1985-04-15,,,,
2416-LRBDX,2019-10-15,Referral,2020-10-15,Basic,Annual,2020-04-11,Switched to competitor,6.99,34.95,31,1,Aditya,India,Punjab,Male,1988-11-17,,,,
4306-NGPXX,2023-06-05,Referral,2024-06-05,Premium,Annual,,,23.99,743.69,14,0,Sakshi,India,Tamil Nadu,Male,1983-01-27,,,,
5111-GYURK,2023-05-01,Paid,2024-05-01,Premium,Annual,,,22.99,735.68,39,0,Arjun,India,Rajasthan,Male,1978-04-27,,,,
9366-FWPGF,2022-03-06,Paid,2023-03-06,Standard,Annual,,,13.99,643.54,44,0,Priya,India,Madhya Pradesh,Male,1961-01-16,2024-08-24,Y,20.0,2.0
9449-INDMI,2024-02-13,Organic,2025-02-13,Standard,Monthly,,,15.99,351.78,27,0,Diya,India,Haryana,Female,1993-03-23,,,,
3463-DLILJ,2021-07-17,Organic,2022-07-17,Premium,Annual,,,22.99,1241.46,23,0,Priya,India,Gujarat,Male,1974-10-02,2025-05-06,N,100.0,1.0
2258-MAVFR,2022-01-20,Referral,2023-01-20,Basic,Monthly,2023-09-22,Not enough content,8.99,179.8,80,1,Sneha,India,Haryana,Female,1973-11-03,2023-02-26,N,100.0,2.0
9606-FKOFT,2020-06-21,Organic,2021-06-21,Basic,Annual,,,8.99,602.33,58,0,Priya,India,Bihar,Male,2001-11-15,,,,
3664-KECME,2023-11-21,Paid,2024-11-21,Basic,Annual,,,7.99,199.75,25,0,Sakshi,India,Maharashtra,Female,2005-05-22,,,,
5305-UGLRD,2020-01-16,Paid,2021-01-16,Premium,Monthly,,,24.99,1799.28,32,0,Mohan,India,West Bengal,Male,1975-04-26,,,,
2009-SULPM,2019-01-03,Paid,2020-01-03,Premium,Annual,,,24.99,2124.15,86,0,Shreya,India,Madhya Pradesh,Male,1960-05-05,2024-05-30,Y,30.0,2.0
0857-LILKA,2020-08-09,Referral,2021-08-09,Premium,Annual,,,22.99,1494.35,10,0,Kavya,India,Gujarat,Male,1960-05-08,,,,
2871-GYIYE,2020-04-11,Paid,2021-04-11,Basic,Monthly,,,7.99,551.31,27,0,Riya,India,Tamil Nadu,Male,1976-06-06,,,,
4461-NUOOL,2021-04-07,Organic,2022-04-07,Premium,Monthly,,,22.99,1310.43,87,0,Ananya,India,Maharashtra,Male,1990-01-20,2023-12-23,N,80.0,1.0
4335-WLFFK,2023-07-07,Organic,2024-07-07,Basic,Annual,2025-04-24,Forgot to cancel trial,6.99,146.79,99,1,Varun,India,Punjab,Female,1996-08-08,2024-06-10,Y,20.0,2.0
6585-ZMXMM,2022-12-24,Paid,2023-12-24,Standard,Annual,,,15.99,575.64,84,0,Aarav,India,Haryana,Female,1984-08-29,2023-09-29,Y,20.0,1.0
1786-FLIYY,2024-08-20,Paid,2025-08-20,Standard,Annual,,,15.99,255.84,11,0,Ishaan,India,Tamil Nadu,Female,1991-12-09,,,,
1539-TMUGX,2023-11-27,Referral,2024-11-27,Basic,Monthly,,,6.99,174.75,9,0,Priya,India,Madhya Pradesh,Male,1985-07-10,,,,
3187-FIISJ,2020-11-05,Referral,2021-11-05,Basic,Annual,,,6.99,433.38,43,0,Ishaan,India,Kerala,Female,1991-09-27,,,,
0990-LZJNP,2022-05-28,Referral,2023-05-28,Basic,Annual,,,6.99,300.57,56,0,Meera,India,Gujarat,Female,1964-10-27,,,,
4359-LOUHY,2023-09-03,Paid,2024-09-03,Standard,Annual,,,14.99,419.72,55,0,Pooja,India,Odisha,Female,1994-01-11,,,,
7030-KIJLR,2022-12-02,Paid,2023-12-02,Basic,Annual,,,6.99,258.63,29,0,Meera,India,West Bengal,Male,2002-07-31,,,,
6578-NCPFY,2021-10-21,Referral,2022-10-21,Standard,Annual,,,13.99,713.49,2,0,Neha,India,Kerala,Female,1979-10-11,2024-07-26,N,90.0,1.0
6529-DUABI,2024-10-07,Organic,2025-10-07,Standard,Annual,,,13.99,209.85,70,0,Meera,India,Maharashtra,Female,1973-01-26,,,,
5792-OFJBD,2024-10-14,Referral,2025-10-14,Standard,Monthly,,,14.99,209.86,26,0,Arjun,India,Kerala,Female,1983-05-16,2024-12-05,N,90.0,1.0
8928-QPGHK,2019-12-12,Referral,2020-12-12,Standard,Monthly,2021-09-02,Poor streaming quality,14.99,314.79,99,1,Aditya,India,Kerala,Male,1970-09-03,,,,
0508-CPKVV,2023-10-25,Organic,2024-10-25,Standard,Annual,,,13.99,363.74,57,0,Sakshi,India,Telangana,Male,1999-11-28,2024-06-22,Y,10.0,1.0
5124-UWIWB,2024-11-25,Referral,2025-11-25,Basic,Annual,,,6.99,90.87,15,0,Aditya,India,Odisha,Male,1970-06-22,,,,
5143-QRFHK,2022-12-15,Paid,2023-12-15,Standard,Annual,2024-12-28,Poor streaming quality,14.99,359.76,64,1,Rohan,India,Uttar Pradesh,Male,1965-05-05,,,,
6100-JVFPJ,2021-07-03,Referral,2022-07-03,Standard,Annual,,,13.99,755.46,39,0,Kavya,India,Rajasthan,Female,1971-02-23,2023-11-08,N,80.0,1.0
6386-YDVDX,2021-09-15,Organic,2022-09-15,Basic,Annual,,,6.99,363.48,31,0,Aditi,India,Delhi,Female,1995-12-02,,,,
4166-KWLNN,2019-12-24,Organic,2020-12-24,Premium,Monthly,2021-07-01,Too expensive,22.99,413.82,58,1,Rahul,India,Telangana,Male,1986-01-12,2020-11-04,N,70.0,1.0
0439-NGPDO,2021-02-28,Referral,2022-02-28,Premium,Monthly,2022-09-20,Forgot to cancel trial,22.99,413.82,28,1,Aditya,India,Tamil Nadu,Female,1969-11-11,,,,
8822-MITLA,2020-09-13,Paid,2021-09-13,Premium,Annual,,,22.99,1471.36,35,0,Sneha,India,Odisha,Female,1977-12-25,,,,
3701-XQUBW,2020-09-22,Referral,2021-09-22,Premium,Annual,,,23.99,1535.36,74,0,Aditya,India,Maharashtra,Female,1994-08-10,,,,
5773-BPGCZ,2022-03-08,Paid,2023-03-08,Premium,Annual,2022-10-15,Forgot to cancel trial,24.99,174.93,52,1,Arjun,India,Kerala,Female,1962-03-12,,,,
8120-IMVVP,2022-01-05,Paid,2023-01-05,Standard,Monthly,,,14.99,719.52,22,0,Aditya,India,Uttar Pradesh,Female,1999-04-14,,,,
9209-KIKNY,2020-07-24,Organic,2021-07-24,Premium,Monthly,,,24.99,1649.34,42,0,Pooja,India,Karnataka,Female,1991-05-29,,,,
3413-TVAEU,2019-01-21,Paid,2020-01-21,Premium,Monthly,2021-02-23,Too expensive,22.99,574.75,76,1,Vishal,India,Uttar Pradesh,Male,1975-06-14,2020-01-02,Y,50.0,2.0
3794-NDJXW,2019-03-23,Referral,2020-03-23,Standard,Annual,,,13.99,1147.18,32,0,Aarav,India,Gujarat,Male,2002-01-26,,,,
6677-SUTIW,2024-05-13,Referral,2025-05-13,Standard,Annual,,,13.99,265.81,40,0,Meera,India,Haryana,Female,1968-09-30,,,,
3440-HFLYB,2024-09-08,Organic,2025-09-08,Standard,Monthly,,,13.99,209.85,60,0,Riya,India,Karnataka,Male,1993-03-07,2025-01-17,Y,20.0,1.0
2541-GPRGS,2020-03-20,Organic,2021-03-20,Standard,Annual,,,14.99,1049.3,62,0,Priya,India,Kerala,Male,1997-01-08,,,,
7912-AGECZ,2021-01-15,Referral,2022-01-15,Standard,Monthly,,,15.99,959.4,16,0,Sneha,India,Kerala,Male,2004-03-14,,,,
1599-YCVZR,2021-06-06,Paid,2022-06-06,Premium,Monthly,,,23.99,1319.45,11,0,Aditya,India,Tamil Nadu,Male,1988-03-10,2024-12-03,N,70.0,1.0
6915-ZAOUF,2024-12-16,Organic,2025-12-16,Standard,Annual,,,13.99,167.88,68,0,Akash,India,Delhi,Female,2002-01-08,2025-03-22,Y,60.0,1.0
7390-RZQRI,2024-06-28,Paid,2025-06-28,Standard,Annual,2024-10-30,Poor streaming quality,14.99,59.96,79,1,Neha,India,Telangana,Male,1975-03-14,2024-08-17,N,80.0,3.0
1803-RPGOB,2024-04-19,Organic,2025-04-19,Basic,Monthly,2025-12-06,Poor streaming quality,6.99,132.81,91,1,Vishal,India,Delhi,Female,1999-02-09,2024-09-20,Y,60.0,1.0
5722-EVEEK,2021-09-21,Referral,2022-09-21,Basic,Monthly,,,6.99,363.48,16,0,Rohan,India,Telangana,Female,1981-09-04,,,,
3589-MUHXP,2019-03-13,Paid,2020-03-13,Basic,Annual,2021-04-13,Poor streaming quality,6.99,174.75,50,1,Shreya,India,Punjab,Female,1989-10-09,2020-11-22,N,90.0,1.0
4721-UAZMK,2021-08-23,Organic,2022-08-23,Standard,Monthly,,,15.99,847.47,87,0,Rohan,India,Rajasthan,Female,1985-02-15,,,,
1493-DANGQ,2020-05-21,Referral,2021-05-21,Standard,Monthly,,,13.99,951.32,78,0,Arjun,India,Delhi,Female,2005-06-29,2024-04-20,Y,10.0,1.0
9015-SBGYE,2022-05-08,Paid,2023-05-08,Basic,Monthly,,,6.99,307.56,72,0,Karan,India,Delhi,Male,2005-07-28,2023-12-19,Y,30.0,1.0
7861-YKTPA,2022-11-01,Referral,2023-11-01,Basic,Monthly,2023-05-03,Switched to competitor,8.99,53.94,84,1,Sneha,India,Punjab,Male,1995-07-25,,,,
0205-DBCJN,2021-04-24,Referral,2022-04-24,Premium,Monthly,,,22.99,1310.43,59,0,Neha,India,Rajasthan,Female,1978-08-08,2023-01-27,N,60.0,1.0
9671-IYMRU,2019-01-03,Organic,2020-01-03,Premium,Annual,,,24.99,2124.15,22,0,Sakshi,India,Rajasthan,Male,1991-10-24,2022-01-14,Y,30.0,1.0
0653-MWVCO,2023-12-15,Paid,2024-12-15,Basic,Annual,,,6.99,167.76,30,0,Akash,India,Maharashtra,Female,2002-10-27,,,,
8071-YFCGL,2020-12-18,Referral,2021-12-18,Premium,Annual,2022-07-08,Too expensive,22.99,413.82,79,1,Arjun,India,Punjab,Female,1981-01-25,2022-05-13,N,60.0,1.0
6205-VEWPN,2023-07-21,Paid,2024-07-21,Premium,Annual,,,24.99,724.71,85,0,Kavya,India,Haryana,Female,1974-08-08,,,,
8532-FBZUZ,2020-04-19,Referral,2021-04-19,Standard,Monthly,,,13.99,965.31,10,0,Aditi,India,Kerala,Female,1976-04-15,,,,
0465-CZOGK,2022-07-22,Paid,2023-07-22,Premium,Monthly,,,22.99,942.59,35,0,Diya,India,Rajasthan,Female,1995-05-13,,,,
6825-WJENB,2023-03-19,Referral,2024-03-19,Basic,Monthly,,,8.99,296.67,47,0,Aditya,India,Haryana,Male,1970-01-14,,,,
6221-HHPEJ,2022-04-14,Organic,2023-04-14,Basic,Monthly,2023-05-25,Too expensive,6.99,90.87,31,1,Nikhil,India,Telangana,Female,1962-02-06,,,,
0652-KQFLO,2019-11-04,Paid,2020-11-04,Premium,Annual,2021-11-27,Poor streaming quality,24.99,624.75,89,1,Aditi,India,Madhya Pradesh,Female,1977-09-02,2021-11-22,Y,40.0,1.0
1186-VZHVZ,2021-01-05,Paid,2022-01-05,Premium,Monthly,2022-03-22,Poor streaming quality,24.99,349.86,99,1,Rahul,India,Odisha,Male,1970-09-16,,,,
2090-BULQH,2024-01-11,Referral,2025-01-11,Premium,Annual,,,23.99,575.76,93,0,Mohan,India,Uttar Pradesh,Male,1982-08-16,2024-07-06,Y,10.0,1.0
8917-IXIOR,2024-12-17,Referral,2025-12-17,Premium,Annual,,,22.99,275.88,22,0,Kavya,India,West Bengal,Female,2004-02-24,,,,
8957-ATZOU,2022-07-21,Paid,2023-07-21,Premium,Annual,,,23.99,983.59,36,0,Meera,India,Odisha,Female,1966-07-23,,,,
9701-PNWDY,2022-02-28,Referral,2023-02-28,Standard,Annual,,,15.99,735.54,45,0,Mohan,India,Maharashtra,Male,1998-06-23,,,,
9114-RZNEW,2024-01-05,Paid,2025-01-05,Standard,Monthly,,,14.99,359.76,24,0,Meera,India,Telangana,Female,1982-10-23,2025-03-13,N,90.0,2.0
5915-GJIKK,2021-03-05,Referral,2022-03-05,Premium,Annual,2021-04-15,Too expensive,22.99,22.99,83,1,Rohan,India,Karnataka,Female,2001-12-29,2021-04-02,N,80.0,1.0
1551-UNKBF,2020-09-28,Organic,2021-09-28,Basic,Monthly,,,6.99,447.36,18,0,Sneha,India,Madhya Pradesh,Female,1980-05-30,,,,
7147-TAWVT,2020-05-04,Referral,2021-05-04,Basic,Annual,2022-07-11,Poor streaming quality,6.99,181.74,28,1,Kavya,India,Madhya Pradesh,Female,2005-10-21,,,,
4732-NNPWE,2023-11-07,Paid,2024-11-07,Premium,Monthly,2025-11-17,Not enough content,24.99,599.76,96,1,Aarav,India,Karnataka,Male,1971-06-09,2025-11-04,Y,10.0,1.0
3146-TXGVM,2023-03-25,Referral,2024-03-25,Premium,Monthly,,,22.99,758.67,29,0,Shreya,India,Delhi,Female,2001-10-30,,,,
3223-DNCCC,2023-02-02,Paid,2024-02-02,Standard,Monthly,2024-07-04,Forgot to cancel trial,13.99,237.83,98,1,Vishal,India,Delhi,Male,2004-07-24,2023-06-08,N,80.0,1.0
9171-IDPOJ,2023-03-14,Paid,2024-03-14,Standard,Annual,,,13.99,475.66,26,0,Shreya,India,Haryana,Female,2004-06-23,2023-10-17,N,60.0,1.0
3314-DAAGC,2022-02-24,Organic,2023-02-24,Premium,Annual,,,22.99,1057.54,32,0,Neha,India,Madhya Pradesh,Male,1962-06-07,,,,
4429-JTOUW,2023-08-28,Paid,2024-08-28,Basic,Annual,,,6.99,195.72,3,0,Ananya,India,Uttar Pradesh,Female,1979-10-17,,,,
9043-LLWHZ,2022-07-04,Organic,2023-07-04,Premium,Annual,,,22.99,965.58,25,0,Priya,India,Haryana,Male,2005-01-26,,,,
2556-DTWAO,2024-09-03,Referral,2025-09-03,Standard,Monthly,2026-03-13,Forgot to cancel trial,13.99,251.82,25,1,Riya,India,Kerala,Female,1973-06-06,,,,
1530-ZTQUF,2024-06-04,Referral,2025-06-04,Standard,Monthly,2026-05-08,Too expensive,13.99,321.77,70,1,Rahul,India,Tamil Nadu,Female,1967-11-23,2024-06-05,N,90.0,1.0
6185-YDPYA,2023-07-18,Paid,2024-07-18,Basic,Monthly,2024-11-26,Not enough content,6.99,111.84,79,1,Riya,India,Madhya Pradesh,Female,2002-07-18,2024-06-06,Y,50.0,1.0
5120-VNSHP,2023-11-24,Referral,2024-11-24,Standard,Annual,,,15.99,399.75,55,0,Ananya,India,Bihar,Male,1974-01-31,2024-01-14,N,70.0,1.0
2770-DWEUH,2019-07-19,Referral,2020-07-19,Standard,Annual,,,13.99,1091.22,43,0,Kavya,India,Odisha,Female,1984-01-28,,,,
5399-JNBMC,2024-10-10,Organic,2025-10-10,Standard,Monthly,2025-10-03,Switched to competitor,13.99,153.89,91,1,Arjun,India,Uttar Pradesh,Male,1996-03-23,2025-03-20,Y,60.0,1.0
7127-MYMOG,2021-05-23,Paid,2022-05-23,Basic,Monthly,2021-06-30,Switched to competitor,6.99,6.99,84,1,Varun,India,Rajasthan,Female,1975-01-01,,,,
9435-KEAEU,2023-02-18,Paid,2024-02-18,Basic,Annual,,,8.99,305.66,20,0,Rahul,India,Haryana,Male,1984-03-31,,,,
2805-GNOYM,2019-09-26,Paid,2020-09-26,Standard,Annual,,,13.99,1063.24,71,0,Ananya,India,Gujarat,Female,1988-01-31,,,,
7083-XJAVL,2019-06-04,Paid,2020-06-04,Premium,Monthly,,,23.99,1919.2,1,0,Riya,India,West Bengal,Male,2002-05-23,,,,
9054-ALTRZ,2021-05-27,Organic,2022-05-27,Basic,Annual,2023-06-25,Switched to competitor,8.99,224.75,84,1,Diya,India,Delhi,Female,1982-02-01,2022-11-14,N,80.0,3.0
8990-HNBMS,2020-04-16,Referral,2021-04-16,Premium,Annual,,,22.99,1586.31,24,0,Aarav,India,Odisha,Female,1982-06-17,,,,
1556-RLVRN,2019-09-05,Referral,2020-09-05,Premium,Monthly,,,22.99,1747.24,57,0,Shreya,India,Tamil Nadu,Female,1981-12-23,,,,
7926-OJTTK,2024-12-22,Paid,2025-12-22,Premium,Monthly,,,22.99,275.88,26,0,Rahul,India,Madhya Pradesh,Male,1995-10-10,,,,
8348-ZNWWK,2023-01-25,Paid,2024-01-25,Premium,Annual,,,22.99,804.65,74,0,Rahul,India,Madhya Pradesh,Male,2001-03-05,,,,
5526-YTBYH,2024-06-05,Paid,2025-06-05,Premium,Annual,,,23.99,455.81,57,0,Rahul,India,Rajasthan,Male,1991-06-01,2024-12-11,Y,20.0,1.0
2588-KPYMG,2024-06-11,Referral,2025-06-11,Standard,Annual,,,13.99,251.82,30,0,Karan,India,West Bengal,Female,1991-08-22,,,,
9890-AMVKC,2021-09-04,Paid,2022-09-04,Basic,Monthly,,,6.99,363.48,1,0,Meera,India,Madhya Pradesh,Male,1962-12-14,,,,
7201-PTXBE,2020-01-04,Organic,2021-01-04,Basic,Monthly,,,6.99,503.28,63,0,Varun,India,West Bengal,Male,1982-03-04,,,,
1451-MLPCA,2023-01-25,Organic,2024-01-25,Basic,Annual,,,7.99,279.65,19,0,Nikhil,India,West Bengal,Male,1976-08-21,,,,
1443-BRHVI,2023-03-14,Paid,2024-03-14,Basic,Annual,,,6.99,237.66,30,0,Rahul,India,Haryana,Male,1986-11-23,2023-08-04,N,100.0,1.0
3292-HPJUI,2022-11-20,Organic,2023-11-20,Basic,Monthly,,,7.99,295.63,32,0,Rahul,India,Delhi,Male,1983-06-04,,,,
1044-CXLKQ,2024-11-17,Organic,2025-11-17,Premium,Annual,,,22.99,298.87,61,0,Aarav,India,Kerala,Female,1999-12-14,2024-12-08,N,90.0,1.0
1477-FOMAF,2019-02-23,Organic,2020-02-23,Premium,Annual,2020-02-14,Not enough content,23.99,263.89,50,1,Kavya,India,Maharashtra,Female,1994-12-13,,,,
4035-MZWDS,2022-02-01,Paid,2023-02-01,Premium,Monthly,2023-12-20,Too expensive,23.99,527.78,78,1,Aditya,India,Tamil Nadu,Male,1971-10-05,2022-09-04,N,90.0,1.0
4433-NLMWB,2020-05-14,Organic,2021-05-14,Standard,Monthly,2022-03-28,Forgot to cancel trial,13.99,307.78,53,1,Pooja,India,Rajasthan,Female,1971-09-25,2020-12-29,Y,10.0,1.0
4398-RDPPI,2019-09-13,Organic,2020-09-13,Premium,Monthly,2020-09-10,Forgot to cancel trial,22.99,275.88,86,1,Ananya,India,Madhya Pradesh,Female,1973-05-19,2020-05-11,Y,40.0,2.0
7392-QOMMV,2022-04-02,Organic,2023-04-02,Premium,Annual,,,22.99,1034.55,63,0,Arjun,India,West Bengal,Female,1978-09-16,,,,
1155-XGGKN,2023-04-06,Referral,2024-04-06,Standard,Monthly,2024-04-02,Not enough content,13.99,167.88,89,1,Priya,India,Gujarat,Female,1980-08-09,,,,
6342-AHOEN,2020-05-19,Referral,2021-05-19,Standard,Monthly,,,14.99,1019.32,68,0,Tanvi,India,Maharashtra,Female,1997-08-09,,,,
3003-MOZSD,2023-03-14,Organic,2024-03-14,Standard,Annual,,,15.99,543.66,3,0,Tanvi,India,Tamil Nadu,Female,1976-01-31,,,,
1264-MKFBU,2020-11-19,Paid,2021-11-19,Basic,Annual,,,6.99,433.38,56,0,Nikhil,India,Rajasthan,Female,1971-04-30,2021-10-28,N,60.0,1.0
7302-JDNQY,2023-06-25,Paid,2024-06-25,Basic,Monthly,,,8.99,269.7,32,0,Arjun,India,Maharashtra,Male,1961-01-16,,,,
3890-CJHIX,2020-04-05,Paid,2021-04-05,Standard,Annual,2020-05-22,Not enough content,15.99,15.99,74,1,Pooja,India,Gujarat,Male,1991-11-20,,,,
2097-ZUMTT,2022-11-13,Referral,2023-11-13,Standard,Monthly,2024-04-29,Switched to competitor,15.99,271.83,54,1,Aditya,India,Punjab,Female,1978-11-19,,,,
9263-AKYWD,2019-02-10,Paid,2020-02-10,Premium,Annual,2020-09-22,Poor streaming quality,24.99,474.81,98,1,Ishaan,India,Uttar Pradesh,Female,2000-01-15,2020-07-19,N,90.0,2.0
5256-OWUEC,2023-11-18,Paid,2024-11-18,Basic,Monthly,,,7.99,199.75,98,0,Priya,India,Gujarat,Female,1985-11-24,2024-07-10,Y,60.0,1.0
8405-PZOJM,2023-04-07,Referral,2024-04-07,Premium,Annual,,,22.99,758.67,84,0,Sneha,India,Tamil Nadu,Female,2000-07-23,,,,
5665-MLFHQ,2021-04-13,Referral,2022-04-13,Premium,Monthly,,,22.99,1310.43,9,0,Riya,India,Maharashtra,Female,2005-09-12,,,,
6181-FXGOH,2022-08-02,Referral,2023-08-02,Premium,Monthly,,,24.99,1024.59,17,0,Vishal,India,Punjab,Male,1977-12-27,,,,
5779-DGKET,2022-12-15,Organic,2023-12-15,Basic,Annual,,,7.99,295.63,12,0,Sneha,India,Tamil Nadu,Female,1969-06-02,,,,
3439-DHWKG,2023-04-08,Organic,2024-04-08,Standard,Annual,,,14.99,494.67,6,0,Aditi,India,Gujarat,Male,1960-06-03,,,,
1842-QSNEV,2019-02-11,Paid,2020-02-11,Basic,Annual,2021-05-10,Too expensive,6.99,188.73,57,1,Nikhil,India,Odisha,Male,1984-05-04,,,,
4807-MFEZA,2019-11-07,Organic,2020-11-07,Basic,Monthly,,,7.99,591.26,98,0,Aditi,India,Madhya Pradesh,Female,1967-12-21,,,,
2611-ZWCBX,2023-12-20,Paid,2024-12-20,Standard,Monthly,,,13.99,335.76,37,0,Diya,India,Kerala,Male,1988-08-06,,,,
5658-PKDOL,2023-11-23,Referral,2024-11-23,Premium,Annual,2024-12-13,Not enough content,24.99,299.88,81,1,Nikhil,India,Maharashtra,Female,2001-03-15,2024-01-09,Y,20.0,1.0
7508-XFHLV,2023-10-22,Referral,2024-10-22,Premium,Monthly,,,22.99,597.74,47,0,Mohan,India,Telangana,Male,1974-11-23,2025-10-07,N,60.0,2.0
9038-XDAGD,2021-07-14,Referral,2022-07-14,Basic,Monthly,,,6.99,377.46,50,0,Diya,India,Telangana,Male,1991-02-20,,,,
1772-REEVU,2024-06-20,Referral,2025-06-20,Basic,Monthly,2025-02-18,Switched to competitor,6.99,55.92,97,1,Priya,India,Tamil Nadu,Male,1962-02-15,2025-01-29,Y,10.0,1.0
7988-QXUKF,2023-05-20,Organic,2024-05-20,Premium,Annual,,,22.99,712.69,42,0,Mohan,India,Delhi,Male,1994-11-13,,,,
2671-QYMVF,2022-06-11,Paid,2023-06-11,Basic,Monthly,,,6.99,300.57,2,0,Rahul,India,Madhya Pradesh,Male,1975-03-30,,,,
9194-FENDD,2022-10-22,Referral,2023-10-22,Basic,Annual,,,6.99,265.62,29,0,Rahul,India,Delhi,Female,1976-12-11,,,,
9471-GZLVY,2023-08-05,Paid,2024-08-05,Premium,Annual,2023-09-22,Not enough content,22.99,22.99,80,1,Ishaan,India,Karnataka,Female,2003-04-03,,,,
3546-WVIHQ,2020-11-19,Paid,2021-11-19,Premium,Monthly,,,23.99,1487.38,89,0,Meera,India,Rajasthan,Female,1966-05-11,,,,
0037-RBMUA,2023-07-19,Organic,2024-07-19,Basic,Annual,,,6.99,202.71,45,0,Priya,India,Tamil Nadu,Male,1965-05-31,,,,
8835-PTMRT,2024-09-19,Paid,2025-09-19,Basic,Monthly,2026-07-29,Too expensive,6.99,153.78,57,1,Akash,India,West Bengal,Male,1980-11-15,,,,
7231-CUOZL,2022-05-20,Referral,2023-05-20,Basic,Monthly,,,6.99,307.56,2,0,Arjun,India,Uttar Pradesh,Male,1976-06-24,,,,
0550-MUJAB,2020-01-13,Paid,2021-01-13,Premium,Annual,,,22.99,1655.28,89,0,Rohan,India,Delhi,Male,1984-10-15,2023-12-15,Y,10.0,2.0
6953-TSCOE,2023-10-28,Organic,2024-10-28,Standard,Annual,,,13.99,363.74,1,0,Sneha,India,West Bengal,Female,1969-12-27,,,,
7657-APIUG,2023-01-21,Referral,2024-01-21,Standard,Monthly,,,13.99,489.65,72,0,Pooja,India,West Bengal,Female,2002-06-03,2024-06-18,N,100.0,1.0
0633-DLLJL,2024-06-23,Referral,2025-06-23,Standard,Monthly,,,13.99,251.82,42,0,Karan,India,Gujarat,Female,1971-03-06,,,,
0736-UUSMU,2023-05-09,Paid,2024-05-09,Standard,Monthly,,,13.99,447.68,29,0,Sneha,India,Odisha,Male,1996-03-03,,,,
1310-JLYDC,2019-10-13,Paid,2020-10-13,Premium,Annual,,,22.99,1724.25,42,0,Karan,India,Punjab,Male,1981-01-08,,,,
4017-EUKMY,2024-07-08,Referral,2025-07-08,Standard,Monthly,,,14.99,269.82,52,0,Neha,India,Bihar,Male,1979-08-09,2025-10-04,N,60.0,2.0
7993-KKPIG,2021-12-25,Referral,2022-12-25,Standard,Monthly,,,13.99,671.52,20,0,Sneha,India,Madhya Pradesh,Male,1969-11-02,,,,
0838-BZJBI,2020-01-13,Paid,2021-01-13,Premium,Annual,,,24.99,1799.28,23,0,Priya,India,Kerala,Male,1966-08-06,,,,
8113-PUKPO,2021-10-23,Referral,2022-10-23,Standard,Annual,,,13.99,713.49,21,0,Aarav,India,Gujarat,Male,1997-06-14,,,,
8305-WBDRD,2019-05-15,Paid,2020-05-15,Standard,Annual,,,13.99,1119.2,11,0,Pooja,India,Kerala,Female,1995-06-03,2021-10-21,N,90.0,2.0
4717-TOMCE,2019-11-17,Referral,2020-11-17,Basic,Annual,2021-06-28,Poor streaming quality,7.99,151.81,88,1,Riya,India,Gujarat,Male,1998-12-05,2020-06-25,Y,20.0,1.0
7308-ZYKEL,2020-03-12,Referral,2021-03-12,Standard,Annual,2021-12-15,Not enough content,13.99,293.79,78,1,Riya,India,Delhi,Male,1973-01-08,,,,
2508-PJPPB,2019-06-02,Referral,2020-06-02,Premium,Monthly,,,22.99,1839.2,80,0,Aditya,India,Odisha,Male,2002-10-04,2023-10-11,Y,60.0,1.0
7994-TJVYM,2024-12-15,Paid,2025-12-15,Basic,Annual,2025-03-16,Forgot to cancel trial,6.99,20.97,85,1,Tanvi,India,Uttar Pradesh,Female,1994-09-18,,,,
3407-DQNBU,2020-04-21,Paid,2021-04-21,Premium,Annual,2022-06-03,Forgot to cancel trial,24.99,624.75,55,1,Rohan,India,Haryana,Female,1969-05-11,,,,
9888-NBDHM,2020-09-06,Paid,2021-09-06,Premium,Monthly,2020-11-10,Too expensive,22.99,45.98,7,1,Rohan,India,Tamil Nadu,Male,1982-12-05,,,,
8056-OSWQA,2021-01-20,Referral,2022-01-20,Premium,Annual,2021-08-31,Not enough content,23.99,167.93,70,1,Tanvi,India,Madhya Pradesh,Female,2000-07-31,,,,
6657-AEQQG,2023-04-11,Organic,2024-04-11,Standard,Annual,,,14.99,494.67,9,0,Rohan,India,Maharashtra,Male,2003-11-11,2023-05-05,N,100.0,1.0
1913-XQEWT,2021-01-03,Organic,2022-01-03,Premium,Annual,,,22.99,1379.4,30,0,Priya,India,Gujarat,Female,1993-12-15,,,,
9658-XBNEF,2022-09-07,Referral,2023-09-07,Basic,Annual,2025-01-24,Poor streaming quality,7.99,231.71,37,1,Nikhil,India,Karnataka,Female,2000-03-31,,,,
7268-HVATS,2019-01-12,Organic,2020-01-12,Premium,Annual,,,22.99,1931.16,84,0,Varun,India,Gujarat,Female,1977-06-06,,,,
0287-BHXAN,2024-06-16,Paid,2025-06-16,Premium,Annual,2026-08-20,Not enough content,23.99,623.74,87,1,Vishal,India,Odisha,Male,1973-08-25,2025-06-11,N,80.0,1.0
1735-KUWCW,2022-11-07,Organic,2023-11-07,Premium,Monthly,,,23.99,911.62,2,0,Karan,India,Rajasthan,Female,1995-04-12,,,,
4541-IMEJI,2024-09-28,Paid,2025-09-28,Premium,Monthly,2025-10-25,Switched to competitor,24.99,324.87,51,1,Kavya,India,Tamil Nadu,Male,2004-08-22,2024-10-21,N,90.0,1.0
6031-DKMLE,2024-03-26,Referral,2025-03-26,Premium,Monthly,,,22.99,482.79,70,0,Nikhil,India,Kerala,Female,1974-09-27,2025-08-27,Y,40.0,2.0
6998-SKWLO,2022-01-09,Paid,2023-01-09,Basic,Monthly,2023-10-23,Switched to competitor,8.99,188.79,81,1,Shreya,India,Odisha,Male,1967-08-02,2022-04-13,Y,30.0,1.0
6411-VXUZD,2023-03-21,Referral,2024-03-21,Standard,Annual,2024-10-24,Too expensive,13.99,265.81,77,1,Mohan,India,Maharashtra,Male,1998-04-28,2024-04-11,N,100.0,1.0
8587-DLOMR,2021-07-22,Referral,2022-07-22,Premium,Annual,2023-04-09,Switched to competitor,22.99,459.8,70,1,Ishaan,India,Maharashtra,Female,1999-12-07,,,,
2033-RLVXO,2020-05-05,Referral,2021-05-05,Standard,Annual,,,15.99,1087.32,49,0,Ananya,India,Rajasthan,Female,1985-09-29,,,,
7071-YELEX,2021-07-28,Referral,2022-07-28,Premium,Annual,2023-11-26,Poor streaming quality,22.99,643.72,80,1,Nikhil,India,Karnataka,Female,1967-08-19,2023-07-13,Y,20.0,1.0
6468-NABKJ,2021-12-21,Referral,2022-12-21,Basic,Annual,,,6.99,342.51,50,0,Ananya,India,West Bengal,Male,1963-03-20,,,,
7298-ECQFJ,2023-02-06,Referral,2024-02-06,Premium,Monthly,2023-03-19,Poor streaming quality,22.99,22.99,95,1,Ananya,India,Uttar Pradesh,Male,1983-12-09,2023-03-07,N,80.0,1.0
9016-KIOBI,2024-03-06,Referral,2025-03-06,Standard,Monthly,,,15.99,351.78,57,0,Varun,India,Odisha,Female,2001-12-16,2025-09-08,N,100.0,2.0
1387-SJBWZ,2019-03-27,Organic,2020-03-27,Basic,Monthly,,,6.99,573.18,32,0,Vishal,India,Maharashtra,Female,1970-12-08,2020-03-15,N,60.0,1.0
5312-VDKTU,2022-03-09,Paid,2023-03-09,Basic,Monthly,,,6.99,321.54,11,0,Arjun,India,Bihar,Female,1998-08-11,,,,
5843-JFIRD,2022-12-23,Organic,2023-12-23,Standard,Monthly,,,13.99,503.64,4,0,Aditya,India,Madhya Pradesh,Female,1982-03-19,,,,
2418-CUSGY,2024-01-21,Referral,2025-01-21,Standard,Monthly,2025-07-28,Poor streaming quality,14.99,269.82,88,1,Sneha,India,Gujarat,Female,1985-03-26,,,,
9931-XYCOJ,2023-03-04,Organic,2024-03-04,Premium,Monthly,,,23.99,815.66,46,0,Rohan,India,Rajasthan,Female,1961-01-24,,,,
4738-HKMHU,2021-04-19,Organic,2022-04-19,Basic,Monthly,,,6.99,398.43,56,0,Shreya,India,West Bengal,Male,1980-10-27,,,,
8453-LRNAL,2023-11-06,Paid,2024-11-06,Standard,Annual,,,13.99,363.74,22,0,Riya,India,Kerala,Female,1978-12-31,,,,
9962-PELSL,2024-10-07,Referral,2025-10-07,Premium,Annual,2025-01-23,Switched to competitor,22.99,68.97,77,1,Tanvi,India,Delhi,Female,2005-09-10,,,,
0280-NSVOV,2024-09-25,Organic,2025-09-25,Standard,Annual,,,14.99,224.85,48,0,Riya,India,Odisha,Female,1986-12-21,,,,
6172-BKZAH,2023-02-07,Paid,2024-02-07,Basic,Annual,,,6.99,244.65,35,0,Diya,India,Telangana,Male,2004-02-05,,,,
3562-PHHEG,2021-05-08,Organic,2022-05-08,Standard,Annual,,,15.99,895.44,6,0,Akash,India,Karnataka,Female,2005-01-17,,,,
3559-WVLQG,2021-06-03,Paid,2022-06-03,Basic,Monthly,,,8.99,494.45,65,0,Meera,India,Odisha,Female,1977-09-12,,,,
2485-TPTTF,2019-09-22,Organic,2020-09-22,Standard,Annual,,,14.99,1139.24,62,0,Ishaan,India,Odisha,Female,1966-07-20,2021-12-18,N,80.0,1.0
2378-JPWDL,2020-06-17,Organic,2021-06-17,Standard,Monthly,2021-07-25,Forgot to cancel trial,15.99,207.87,19,1,Sneha,India,Rajasthan,Male,1979-02-06,2020-09-06,N,60.0,1.0
7315-QSQHD,2019-06-04,Paid,2020-06-04,Premium,Monthly,,,23.99,1919.2,94,0,Mohan,India,Uttar Pradesh,Female,1970-01-08,2021-04-24,N,80.0,1.0
7819-NZZKH,2024-03-05,Referral,2025-03-05,Premium,Monthly,2025-12-07,Not enough content,22.99,482.79,56,1,Varun,India,Odisha,Female,1997-01-28,2025-09-21,N,100.0,2.0
8984-GJVFC,2023-09-13,Referral,2024-09-13,Standard,Annual,,,15.99,447.72,48,0,Diya,India,Maharashtra,Male,2005-11-07,,,,
0662-HVSRV,2024-07-13,Referral,2025-07-13,Premium,Monthly,,,22.99,390.83,3,0,Shreya,India,Maharashtra,Male,1987-02-15,,,,
8472-LKHSU,2022-10-23,Referral,2023-10-23,Standard,Monthly,2024-11-05,Forgot to cancel trial,13.99,335.76,72,1,Rahul,India,Kerala,Female,1967-06-27,,,,
8001-DPUHK,2021-04-07,Paid,2022-04-07,Standard,Annual,,,15.99,911.43,28,0,Sakshi,India,Tamil Nadu,Male,1969-04-29,2023-01-15,N,60.0,2.0
9622-OQHGO,2020-03-13,Paid,2021-03-13,Basic,Annual,,,6.99,489.3,17,0,Rahul,India,West Bengal,Male,1982-10-24,,,,
1991-WATMF,2019-11-02,Referral,2020-11-02,Standard,Monthly,2022-01-16,Forgot to cancel trial,13.99,363.74,98,1,Varun,India,Punjab,Male,1978-12-27,2020-09-03,Y,20.0,2.0
5896-IIBHK,2020-12-12,Paid,2021-12-12,Basic,Annual,,,6.99,426.39,60,0,Tanvi,India,Madhya Pradesh,Female,2004-04-08,2025-05-06,N,60.0,2.0
1773-KGHMB,2022-09-23,Paid,2023-09-23,Basic,Annual,,,6.99,272.61,15,0,Riya,India,Delhi,Female,1985-11-15,,,,
4645-HKFYD,2022-01-01,Referral,2023-01-01,Basic,Annual,2024-04-26,Switched to competitor,6.99,195.72,95,1,Aditi,India,Telangana,Male,1975-03-21,2023-09-12,Y,40.0,1.0
4480-YSRCT,2024-01-11,Referral,2025-01-11,Basic,Annual,,,6.99,167.76,1,0,Tanvi,India,Uttar Pradesh,Female,1970-11-13,,,,
1179-SHTNA,2024-06-15,Organic,2025-06-15,Premium,Monthly,2024-11-23,Not enough content,22.99,114.95,84,1,Arjun,India,Karnataka,Female,1964-12-03,2024-07-18,Y,30.0,1.0
5440-HDOGP,2022-09-19,Paid,2023-09-19,Premium,Annual,,,22.99,896.61,58,0,Nikhil,India,Gujarat,Male,1969-11-23,2024-07-03,N,60.0,1.0
5790-DIROC,2023-06-09,Paid,2024-06-09,Basic,Monthly,2025-08-30,Forgot to cancel trial,7.99,215.73,93,1,Sneha,India,Rajasthan,Male,1980-03-23,,,,
3959-ZIMPQ,2024-06-09,Organic,2025-06-09,Basic,Monthly,2026-01-12,Switched to competitor,6.99,132.81,6,1,Neha,India,Punjab,Female,1992-05-10,2025-01-31,N,60.0,1.0
2248-CZBNE,2022-05-12,Organic,2023-05-12,Standard,Monthly,,,14.99,659.56,51,0,Mohan,India,Rajasthan,Male,2001-06-23,2025-11-01,N,60.0,2.0
1253-CDPYR,2023-03-21,Referral,2024-03-21,Premium,Annual,,,22.99,758.67,33,0,Mohan,India,Haryana,Male,1990-08-28,,,,
1466-BLMLP,2020-11-08,Referral,2021-11-08,Basic,Monthly,2022-05-24,Switched to competitor,6.99,125.82,59,1,Shreya,India,Rajasthan,Female,1965-03-10,2021-01-15,N,100.0,1.0
8536-VDNNR,2023-11-06,Organic,2024-11-06,Premium,Annual,,,22.99,597.74,36,0,Aarav,India,Kerala,Female,1973-09-09,,,,
8469-JCJSN,2020-02-16,Referral,2021-02-16,Basic,Monthly,2021-09-02,Poor streaming quality,8.99,161.82,77,1,Sneha,India,Gujarat,Female,1972-04-29,,,,
4337-ELNEM,2021-12-14,Paid,2022-12-14,Standard,Monthly,,,14.99,734.51,33,0,Arjun,India,Gujarat,Female,1962-12-04,2022-10-23,Y,40.0,1.0
4710-OODHF,2021-07-21,Referral,2022-07-21,Premium,Annual,2023-09-22,Switched to competitor,23.99,623.74,54,1,Shreya,India,Bihar,Female,1976-10-22,,,,
3777-XPEGC,2019-03-04,Paid,2020-03-04,Standard,Monthly,2020-06-24,Switched to competitor,15.99,239.85,69,1,Aarav,India,Tamil Nadu,Male,1980-02-04,,,,
7080-CEFIE,2019-05-10,Paid,2020-05-10,Standard,Annual,,,15.99,1279.2,12,0,Ananya,India,Maharashtra,Female,1994-05-31,,,,
6872-AOLHR,2019-10-01,Referral,2020-10-01,Premium,Monthly,2020-09-04,Poor streaming quality,22.99,252.89,88,1,Sakshi,India,Maharashtra,Female,1984-11-14,2020-07-04,Y,20.0,2.0
4789-UYRCX,2019-03-27,Organic,2020-03-27,Basic,Annual,2019-06-02,Too expensive,7.99,15.98,70,1,Karan,India,Madhya Pradesh,Male,1995-04-01,,,,
5543-CLRCP,2021-03-10,Paid,2022-03-10,Standard,Annual,2022-05-17,Poor streaming quality,14.99,209.86,15,1,Arjun,India,Telangana,Female,1977-02-25,,,,
7241-SITCK,2021-04-11,Paid,2022-04-11,Standard,Annual,,,13.99,797.43,21,0,Sneha,India,Odisha,Male,1968-03-26,,,,
4968-CMVKT,2019-04-01,Organic,2020-04-01,Premium,Monthly,,,22.99,1885.18,37,0,Shreya,India,Rajasthan,Male,1975-04-08,,,,
2436-NZIHC,2020-01-08,Paid,2021-01-08,Standard,Monthly,,,14.99,1079.28,19,0,Aditya,India,Haryana,Female,1976-11-04,,,,
8570-YVXQR,2022-05-04,Organic,2023-05-04,Premium,Annual,,,22.99,1011.56,19,0,Karan,India,Madhya Pradesh,Female,1998-02-25,2022-10-03,N,80.0,1.0
6382-RHTCT,2021-04-06,Referral,2022-04-06,Basic,Monthly,,,8.99,512.43,16,0,Aditya,India,Madhya Pradesh,Female,1962-09-14,,,,
0251-SNUUB,2024-10-05,Organic,2025-10-05,Premium,Annual,,,22.99,344.85,49,0,Kavya,India,Delhi,Male,1963-12-29,2025-09-13,N,60.0,1.0
6131-CVNEA,2020-04-08,Organic,2021-04-08,Standard,Annual,2021-07-05,Too expensive,13.99,209.85,78,1,Mohan,India,Kerala,Male,1968-08-15,2021-03-29,Y,20.0,1.0
1015-RPRKT,2022-04-01,Paid,2023-04-01,Premium,Monthly,,,23.99,1079.55,10,0,Vishal,India,Telangana,Male,1968-10-10,,,,
3746-OXUJI,2024-06-03,Organic,2025-06-03,Standard,Monthly,2026-09-12,Poor streaming quality,14.99,404.73,98,1,Varun,India,West Bengal,Male,1976-09-22,2024-06-26,N,90.0,1.0
5555-WCVXN,2022-12-14,Organic,2023-12-14,Basic,Monthly,,,6.99,258.63,36,0,Rohan,India,Telangana,Female,1990-08-20,2024-12-23,N,100.0,1.0
6884-HOYQJ,2023-01-26,Organic,2024-01-26,Standard,Monthly,,,13.99,489.65,38,0,Arjun,India,Tamil Nadu,Female,1960-11-25,,,,
9748-AMELJ,2019-11-03,Organic,2020-11-03,Basic,Monthly,,,7.99,599.25,41,0,Meera,India,Bihar,Female,1973-05-12,,,,
2337-ZYKBE,2022-10-25,Organic,2023-10-25,Basic,Monthly,2023-12-09,Poor streaming quality,6.99,90.87,40,1,Sneha,India,Kerala,Male,1976-06-21,2023-01-21,N,100.0,1.0
2765-YBJTN,2019-12-22,Organic,2020-12-22,Basic,Monthly,,,6.99,510.27,17,0,Tanvi,India,Madhya Pradesh,Female,1992-05-10,,,,
1044-KIJEW,2021-08-24,Referral,2022-08-24,Premium,Monthly,,,23.99,1271.47,10,0,Neha,India,Rajasthan,Male,1992-11-21,2024-10-07,Y,30.0,1.0
7121-UCMLG,2019-02-12,Referral,2020-02-12,Premium,Annual,,,24.99,2074.17,27,0,Sneha,India,Tamil Nadu,Male,1979-05-06,,,,
5774-DQGYB,2020-11-02,Organic,2021-11-02,Premium,Monthly,,,22.99,1425.38,47,0,Rohan,India,Rajasthan,Male,1990-10-28,,,,
9409-QZZRR,2023-04-03,Paid,2024-04-03,Premium,Annual,,,24.99,824.67,70,0,Karan,India,Karnataka,Female,1997-06-22,,,,
0959-MXFGF,2023-02-07,Paid,2024-02-07,Standard,Monthly,,,13.99,489.65,50,0,Shreya,India,Tamil Nadu,Male,1972-02-01,2025-12-29,N,70.0,1.0
5228-MGRKI,2022-04-16,Paid,2023-04-16,Premium,Annual,,,23.99,1079.55,15,0,Aditi,India,Tamil Nadu,Male,2000-01-13,,,,
9287-IMDFA,2019-02-05,Organic,2020-02-05,Premium,Annual,,,22.99,1931.16,13,0,Arjun,India,Telangana,Female,1966-08-19,,,,
1626-LEKGM,2021-09-16,Organic,2022-09-16,Premium,Annual,2023-09-06,Not enough content,23.99,575.76,68,1,Priya,India,Bihar,Male,1997-01-30,,,,
9176-UKXER,2020-03-28,Referral,2021-03-28,Standard,Annual,2021-11-02,Switched to competitor,13.99,265.81,86,1,Pooja,India,Uttar Pradesh,Female,1998-12-05,2021-01-05,Y,20.0,1.0
6894-UDYGL,2020-12-07,Paid,2021-12-07,Basic,Monthly,2022-02-14,Switched to competitor,6.99,97.86,53,1,Priya,India,Rajasthan,Male,1983-02-18,,,,
6769-BQQXX,2021-03-16,Organic,2022-03-16,Premium,Annual,,,24.99,1449.42,25,0,Varun,India,Karnataka,Female,1975-12-26,,,,
6659-BLKTB,2021-01-12,Referral,2022-01-12,Standard,Annual,2022-05-24,Forgot to cancel trial,13.99,223.84,65,1,Priya,India,Odisha,Male,1994-07-10,2021-07-23,Y,20.0,1.0
6223-HBTYR,2021-06-10,Paid,2022-06-10,Basic,Monthly,2022-01-02,Switched to competitor,6.99,41.94,50,1,Kavya,India,Haryana,Male,1989-04-16,,,,
3314-GTDHN,2021-10-27,Paid,2022-10-27,Basic,Annual,,,6.99,349.5,31,0,Vishal,India,Maharashtra,Male,1993-12-05,,,,
6499-QRCFQ,2019-06-27,Organic,2020-06-27,Standard,Monthly,2019-12-17,Poor streaming quality,15.99,79.95,20,1,Tanvi,India,Bihar,Male,1983-08-17,2019-09-05,N,90.0,1.0
0127-SVEKU,2019-02-09,Referral,2020-02-09,Standard,Monthly,,,13.99,1161.17,10,0,Aditi,India,Uttar Pradesh,Female,1992-02-18,,,,
8763-VDNAW,2022-01-06,Paid,2023-01-06,Premium,Monthly,2022-07-06,Forgot to cancel trial,24.99,149.94,40,1,Tanvi,India,Bihar,Female,1992-05-09,,,,
0449-RTECD,2021-04-14,Paid,2022-04-14,Standard,Monthly,,,14.99,854.43,20,0,Neha,India,Haryana,Male,1996-12-31,,,,
4462-MVTAS,2024-04-17,Paid,2025-04-17,Basic,Annual,2026-02-08,Not enough content,6.99,153.78,99,1,Pooja,India,Haryana,Male,1997-08-26,2025-09-22,Y,60.0,2.0
6358-JRBJC,2024-03-22,Organic,2025-03-22,Standard,Annual,,,13.99,293.79,28,0,Aditi,India,West Bengal,Female,2003-04-25,,,,
1503-SNRJC,2024-03-15,Organic,2025-03-15,Standard,Monthly,,,13.99,293.79,50,0,Arjun,India,Rajasthan,Female,2002-10-04,2024-08-14,N,90.0,1.0
4326-KENCP,2020-05-25,Organic,2021-05-25,Standard,Monthly,,,13.99,951.32,6,0,Arjun,India,Madhya Pradesh,Female,1979-05-27,,,,
3608-UGKOG,2020-04-12,Referral,2021-04-12,Standard,Monthly,,,14.99,1034.31,26,0,Ishaan,India,Punjab,Female,1978-01-12,,,,
5195-HXEEE,2019-12-14,Paid,2020-12-14,Premium,Monthly,,,22.99,1678.27,45,0,Rahul,India,Tamil Nadu,Male,1985-04-15,,,,
2197-QQGSC,2022-05-10,Organic,2023-05-10,Basic,Monthly,2024-04-01,Switched to competitor,8.99,206.77,77,1,Varun,India,Rajasthan,Female,1991-11-29,,,,
5133-TFAFH,2022-02-06,Organic,2023-02-06,Basic,Annual,2022-06-12,Forgot to cancel trial,6.99,27.96,96,1,Vishal,India,Bihar,Female,1975-07-07,2022-06-05,N,60.0,2.0
1286-PKRMS,2020-06-02,Paid,2021-06-02,Standard,Annual,,,15.99,1071.33,7,0,Varun,India,Tamil Nadu,Male,1966-05-20,,,,
1289-CYVJY,2019-06-10,Referral,2020-06-10,Basic,Monthly,,,6.99,552.21,29,0,Akash,India,Haryana,Male,1993-11-18,2019-11-18,N,100.0,1.0
4912-NUCSV,2024-06-01,Organic,2025-06-01,Basic,Monthly,,,6.99,132.81,37,0,Neha,India,Haryana,Male,1982-07-17,,,,
5767-LTCXW,2021-10-08,Referral,2022-10-08,Premium,Annual,,,22.99,1172.49,22,0,Ishaan,India,Rajasthan,Male,1991-09-13,,,,
7171-KDJSW,2022-07-17,Referral,2023-07-17,Standard,Annual,,,13.99,587.58,87,0,Shreya,India,Bihar,Female,1979-01-20,2023-12-15,N,60.0,2.0
3470-ZGLTP,2020-05-04,Organic,2021-05-04,Standard,Monthly,2020-11-03,Switched to competitor,13.99,83.94,75,1,Aarav,India,Telangana,Male,2005-10-22,,,,
2858-RTZGH,2023-04-23,Paid,2024-04-23,Basic,Annual,2024-10-10,Too expensive,8.99,152.83,73,1,Meera,India,Telangana,Female,1986-01-26,2024-06-23,Y,60.0,2.0
6031-NPDIW,2020-05-05,Organic,2021-05-05,Basic,Annual,2021-01-12,Switched to competitor,7.99,63.92,99,1,Shreya,India,Odisha,Female,1967-03-08,,,,
5172-SIUOS,2023-11-01,Referral,2024-11-01,Premium,Annual,,,24.99,649.74,39,0,Ananya,India,Bihar,Male,1986-04-09,,,,
0250-XUSHU,2021-01-20,Organic,2022-01-20,Basic,Annual,,,6.99,419.4,74,0,Meera,India,Maharashtra,Male,2005-04-01,2022-11-07,N,100.0,1.0
8978-WTFJU,2021-03-06,Organic,2022-03-06,Premium,Annual,,,22.99,1333.42,47,0,Rohan,India,Maharashtra,Male,1992-10-20,,,,
2845-NBKBR,2022-04-28,Paid,2023-04-28,Basic,Monthly,,,6.99,307.56,88,0,Aarav,India,Uttar Pradesh,Male,1989-07-15,2024-02-16,N,70.0,1.0
9067-POZQM,2021-04-13,Referral,2022-04-13,Standard,Monthly,,,15.99,911.43,31,0,Pooja,India,Uttar Pradesh,Male,1998-10-16,,,,
2258-HBJBY,2020-06-20,Referral,2021-06-20,Premium,Monthly,,,23.99,1607.33,86,0,Ishaan,India,Tamil Nadu,Female,2001-07-16,,,,
8204-HHMKZ,2022-02-04,Organic,2023-02-04,Premium,Monthly,,,22.99,1080.53,2,0,Shreya,India,Rajasthan,Male,1982-04-23,,,,
5066-XYVBM,2020-10-28,Referral,2021-10-28,Premium,Monthly,,,22.99,1448.37,41,0,Kavya,India,Rajasthan,Male,2003-09-27,,,,
9812-UMAFQ,2020-12-01,Paid,2021-12-01,Basic,Monthly,,,6.99,426.39,14,0,Neha,India,Telangana,Male,2005-12-12,,,,
5675-BZWRP,2024-01-11,Referral,2025-01-11,Premium,Annual,2024-09-25,Forgot to cancel trial,23.99,191.92,73,1,Mohan,India,Madhya Pradesh,Female,1983-07-27,,,,
2910-EHQIZ,2023-12-14,Referral,2024-12-14,Standard,Monthly,,,14.99,359.76,2,0,Aditya,India,Telangana,Female,1983-08-18,,,,
3537-JERVJ,2019-04-22,Referral,2020-04-22,Basic,Annual,,,6.99,566.19,46,0,Aditya,India,Delhi,Male,1978-05-30,,,,
6963-BGHYG,2021-04-11,Organic,2022-04-11,Premium,Monthly,,,22.99,1310.43,16,0,Mohan,India,Uttar Pradesh,Male,1981-08-14,,,,
8710-SCCUD,2021-09-21,Organic,2022-09-21,Basic,Monthly,,,6.99,363.48,57,0,Tanvi,India,West Bengal,Male,1968-03-15,2022-08-26,N,60.0,1.0
4059-MKEHC,2020-06-26,Organic,2021-06-26,Premium,Monthly,,,22.99,1540.33,41,0,Akash,India,Uttar Pradesh,Female,2001-04-09,2021-11-17,N,70.0,2.0
0881-LWSNS,2022-06-24,Paid,2023-06-24,Premium,Annual,,,23.99,1007.58,80,0,Mohan,India,Bihar,Male,2003-09-19,,,,
6543-XRBUI,2023-10-24,Referral,2024-10-24,Premium,Monthly,,,23.99,623.74,49,0,Akash,India,Telangana,Male,1983-12-02,,,,
9776-YJCGP,2023-01-05,Referral,2024-01-05,Standard,Annual,,,13.99,503.64,48,0,Arjun,India,Madhya Pradesh,Male,1980-09-04,,,,
9480-SPLCP,2023-09-11,Organic,2024-09-11,Standard,Monthly,,,15.99,447.72,32,0,Sneha,India,Bihar,Male,2003-11-16,,,,
2016-VLGVI,2019-09-22,Paid,2020-09-22,Standard,Annual,2019-12-16,Poor streaming quality,13.99,27.98,74,1,Ananya,India,Gujarat,Male,1993-03-16,,,,
9982-RBQYO,2021-08-25,Paid,2022-08-25,Premium,Annual,,,24.99,1299.48,26,0,Sakshi,India,West Bengal,Female,1996-03-17,,,,
4244-EYMLP,2024-06-28,Referral,2025-06-28,Basic,Annual,,,7.99,143.82,93,0,Kavya,India,Tamil Nadu,Female,1997-01-03,,,,
1632-VEIHB,2021-09-15,Organic,2022-09-15,Premium,Monthly,,,22.99,1195.48,19,0,Priya,India,Haryana,Female,1978-07-09,,,,
3982-PYFDZ,2021-06-06,Referral,2022-06-06,Premium,Monthly,2022-01-16,Not enough content,22.99,160.93,90,1,Ishaan,India,Telangana,Male,1981-09-27,2022-01-06,Y,40.0,1.0
1896-LVKNO,2020-05-01,Paid,2021-05-01,Standard,Monthly,,,13.99,965.31,89,0,Karan,India,Rajasthan,Male,1989-11-09,,,,
8228-APRTN,2022-07-16,Organic,2023-07-16,Premium,Annual,,,22.99,965.58,25,0,Pooja,India,Telangana,Female,1981-01-04,,,,
2477-DLHDE,2023-04-27,Referral,2024-04-27,Basic,Monthly,,,6.99,223.68,10,0,Diya,India,Gujarat,Female,1991-05-01,,,,
0165-KFNGI,2019-06-28,Organic,2020-06-28,Standard,Annual,,,13.99,1105.21,4,0,Kavya,India,Telangana,Female,1990-03-30,,,,
7343-ISMNG,2019-05-24,Referral,2020-05-24,Premium,Monthly,,,22.99,1839.2,54,0,Shreya,India,Tamil Nadu,Male,1967-07-17,,,,
6690-CMTOR,2021-08-15,Paid,2022-08-15,Standard,Annual,,,13.99,741.47,44,0,Aarav,India,Kerala,Male,1988-06-30,,,,
3711-EXLUR,2020-11-08,Organic,2021-11-08,Premium,Monthly,,,22.99,1425.38,13,0,Sakshi,India,Bihar,Male,1983-09-28,,,,
9566-QLHAL,2019-06-20,Referral,2020-06-20,Basic,Monthly,,,6.99,552.21,59,0,Rahul,India,Haryana,Male,1988-03-15,2023-12-17,N,70.0,2.0
0137-EDXQB,2021-12-19,Paid,2022-12-19,Premium,Annual,2023-03-24,Switched to competitor,22.99,344.85,86,1,Aarav,India,Odisha,Female,2005-10-15,,,,
4542-AFQAA,2022-06-14,Paid,2023-06-14,Basic,Monthly,2022-10-28,Not enough content,6.99,27.96,56,1,Neha,India,Punjab,Female,1988-02-22,,,,
4384-ZNJXX,2019-07-24,Referral,2020-07-24,Standard,Annual,,,14.99,1169.22,21,0,Riya,India,Bihar,Female,1995-05-12,2020-06-06,N,70.0,1.0
0191-PCLVO,2020-11-24,Organic,2021-11-24,Premium,Monthly,,,22.99,1425.38,59,0,Pooja,India,Telangana,Female,1984-09-27,2023-09-28,N,60.0,1.0
5062-JGDTL,2020-09-13,Referral,2021-09-13,Standard,Monthly,2021-05-25,Switched to competitor,15.99,127.92,86,1,Karan,India,Telangana,Female,1988-05-01,2021-01-17,Y,40.0,1.0
3916-UFMKE,2022-09-17,Organic,2023-09-17,Standard,Monthly,2024-07-27,Poor streaming quality,13.99,307.78,73,1,Arjun,India,Delhi,Male,1985-03-06,,,,
8631-RZWVD,2023-09-19,Paid,2024-09-19,Standard,Monthly,2024-05-16,Forgot to cancel trial,14.99,119.92,50,1,Priya,India,Uttar Pradesh,Male,1981-07-29,2024-03-26,Y,50.0,1.0
6436-CGVZT,2020-06-19,Paid,2021-06-19,Standard,Annual,2022-08-05,Poor streaming quality,13.99,349.75,80,1,Rahul,India,Punjab,Male,2000-08-07,2021-11-07,Y,30.0,1.0
1132-ZADUH,2022-11-21,Referral,2023-11-21,Standard,Monthly,,,13.99,517.63,97,0,Sakshi,India,Punjab,Female,1986-11-28,2025-02-07,Y,10.0,2.0
7574-WJCWV,2024-12-13,Paid,2025-12-13,Standard,Monthly,2025-08-26,Poor streaming quality,13.99,111.92,89,1,Vishal,India,Odisha,Male,1964-06-07,2025-02-19,N,80.0,1.0
6818-WJWGJ,2023-11-19,Paid,2024-11-19,Premium,Annual,,,22.99,574.75,44,0,Varun,India,Telangana,Female,1966-04-28,,,,
0602-LEUOR,2024-05-15,Referral,2025-05-15,Basic,Monthly,2025-09-10,Forgot to cancel trial,6.99,111.84,78,1,Arjun,India,Karnataka,Male,1988-10-10,2025-02-15,Y,10.0,2.0
4831-JIOES,2021-07-15,Referral,2022-07-15,Standard,Annual,2023-01-29,Too expensive,13.99,251.82,52,1,Kavya,India,Telangana,Male,1961-05-09,,,,
0446-TJZZJ,2023-02-27,Referral,2024-02-27,Premium,Annual,,,24.99,849.66,43,0,Ananya,India,Punjab,Male,1984-07-07,,,,
7273-TEVCE,2021-02-06,Organic,2022-02-06,Basic,Annual,2022-08-26,Not enough content,6.99,125.82,58,1,Priya,India,Tamil Nadu,Female,1984-10-28,,,,
0669-WWPPD,2024-10-03,Referral,2025-10-03,Basic,Monthly,2026-05-14,Poor streaming quality,8.99,170.81,67,1,Vishal,India,Delhi,Male,1981-09-17,2026-04-05,N,100.0,1.0
0823-LBZFI,2022-07-24,Organic,2023-07-24,Standard,Annual,2023-04-15,Not enough content,15.99,127.92,77,1,Diya,India,Odisha,Female,2000-07-31,,,,
1272-YZAJZ,2024-05-09,Paid,2025-05-09,Standard,Monthly,,,15.99,319.8,35,0,Aditya,India,Odisha,Female,2005-06-06,,,,
0797-NSZFN,2021-10-26,Referral,2022-10-26,Standard,Monthly,2023-05-27,Not enough content,13.99,265.81,67,1,Varun,India,Odisha,Female,1996-04-25,2022-09-24,N,90.0,1.0
4781-PQVXB,2022-02-22,Referral,2023-02-22,Standard,Monthly,2023-03-15,Poor streaming quality,15.99,191.88,83,1,Mohan,India,Odisha,Female,2000-10-24,2022-11-24,Y,60.0,2.0
8850-XOWDR,2024-02-07,Organic,2025-02-07,Basic,Monthly,,,6.99,160.77,29,0,Sakshi,India,Madhya Pradesh,Male,1960-09-28,,,,
4017-ACSKC,2024-01-17,Paid,2025-01-17,Premium,Monthly,2025-08-19,Poor streaming quality,24.99,474.81,79,1,Ananya,India,Gujarat,Male,1976-08-26,2024-06-18,Y,50.0,1.0
2651-FTGIV,2020-10-13,Referral,2021-10-13,Premium,Annual,2022-05-31,Forgot to cancel trial,22.99,436.81,93,1,Ishaan,India,Karnataka,Female,1995-06-24,2022-04-20,N,80.0,1.0
6941-RTFWW,2022-03-15,Paid,2023-03-15,Standard,Monthly,,,13.99,643.54,50,0,Sakshi,India,Gujarat,Male,2005-08-25,,,,
9931-PXWWG,2021-12-21,Paid,2022-12-21,Premium,Monthly,,,22.99,1126.51,4,0,Tanvi,India,Punjab,Male,1963-06-05,2023-02-18,N,60.0,1.0
0497-LERVU,2022-11-22,Referral,2023-11-22,Premium,Annual,,,24.99,924.63,69,0,Aditi,India,Karnataka,Female,1997-06-16,,,,
2626-JECKP,2024-12-25,Organic,2025-12-25,Standard,Monthly,,,14.99,179.88,3,0,Arjun,India,Telangana,Male,1965-11-15,,,,
0783-VIILJ,2024-04-03,Referral,2025-04-03,Basic,Annual,,,6.99,146.79,83,0,Ishaan,India,Kerala,Female,2004-10-13,2024-10-05,N,70.0,1.0
4255-DJYKW,2024-01-12,Organic,2025-01-12,Standard,Annual,2026-05-01,Forgot to cancel trial,13.99,391.72,49,1,Ishaan,India,Haryana,Male,1974-09-04,,,,
6130-WDECX,2023-01-01,Referral,2024-01-01,Basic,Monthly,,,6.99,251.64,4,0,Aditi,India,Telangana,Female,1961-12-12,,,,
3060-ZCKFS,2024-08-19,Organic,2025-08-19,Basic,Annual,,,6.99,111.84,19,0,Aarav,India,West Bengal,Female,1973-06-20,,,,
4770-BIGDV,2019-10-13,Organic,2020-10-13,Standard,Monthly,2020-08-30,Not enough content,13.99,139.9,90,1,Priya,India,West Bengal,Male,1981-01-01,2020-06-29,N,70.0,1.0
1333-LTHII,2021-12-19,Organic,2022-12-19,Premium,Annual,,,22.99,1126.51,22,0,Diya,India,Madhya Pradesh,Female,2000-08-11,,,,
9869-IUZDT,2024-08-27,Paid,2025-08-27,Premium,Annual,2025-07-25,Poor streaming quality,22.99,252.89,43,1,Aarav,India,Madhya Pradesh,Male,1987-09-04,,,,
4004-ZHQJV,2022-02-16,Paid,2023-02-16,Premium,Monthly,2024-01-10,Too expensive,22.99,528.77,50,1,Tanvi,India,Rajasthan,Female,1969-03-12,,,,
7367-YXSAV,2021-04-23,Paid,2022-04-23,Premium,Annual,,,22.99,1310.43,69,0,Kavya,India,Rajasthan,Male,1996-02-17,,,,
8115-AKLMU,2022-11-13,Paid,2023-11-13,Standard,Annual,,,13.99,531.62,81,0,Sakshi,India,Delhi,Female,1982-03-13,2024-02-19,Y,60.0,2.0
